ticket_id,purchase_date,tier,price_inr,buyer_state,gate,scan_time
SSF-804944,2024-12-25,Day Pass,2499,Maharashtra,North,2024-12-29 16:14
SSF-331342,2024-11-06,Weekend,4499,Delhi,Beach,2024-12-28 17:02
SSF-262366,2024-12-01,Weekend,4499,Goa,North,2024-12-28 14:37
SSF-736536,2024-11-13,Day Pass,2499,Goa,North,2024-12-29 16:10
SSF-492589,2024-10-28,VIP,8999,Kerala,Beach,2024-12-29 18:07
SSF-701484,2024-09-07,Weekend,3599,Maharashtra,North,2024-12-28 16:08
SSF-524822,2024-09-19,VIP,7199,Maharashtra,North,2024-12-27 18:48
SSF-182765,2024-11-25,Day Pass,2499,Goa,North,2024-12-28 17:19
SSF-541759,2024-09-24,Day Pass,1999,Maharashtra,Beach,2024-12-28 17:08
SSF-780634,2024-10-30,Day Pass,2499,Goa,North,2024-12-27 17:59
SSF-645616,2024-11-04,Weekend,4499,Maharashtra,North,2024-12-29 18:11
SSF-177918,2024-12-18,Day Pass,2499,Maharashtra,North,2024-12-28 18:27
SSF-235095,2024-09-28,VIP,8999,Delhi,North,2024-12-29 18:42
SSF-354902,2024-09-04,Day Pass,1999,Delhi,Beach,2024-12-28 18:41
SSF-368069,2024-09-15,Weekend,3599,Maharashtra,Beach,2024-12-27 16:36
SSF-795292,2024-10-21,Weekend,4499,Telangana,Beach,2024-12-28 18:11
SSF-511744,2024-11-14,Weekend,4499,Gujarat,Parking,2024-12-29 15:30
SSF-122683,2024-12-15,Day Pass,2499,Goa,Beach,2024-12-29 18:31
SSF-975249,2024-12-18,VIP,8999,Goa,Beach,2024-12-28 17:31
SSF-469083,2024-09-25,VIP,7199,Maharashtra,Beach,2024-12-28 17:52
SSF-597761,2024-10-07,Weekend,4499,Maharashtra,North,2024-12-27 17:54
SSF-757617,2024-12-21,Weekend,4499,Maharashtra,Beach,2024-12-28 18:52
SSF-997055,2024-09-15,Day Pass,1999,Karnataka,North,2024-12-28 19:04
SSF-576803,2024-08-28,Day Pass,1999,Maharashtra,North,2024-12-27 17:20
SSF-495860,2024-11-03,Day Pass,2499,Karnataka,North,2024-12-29 16:43
SSF-407270,2024-10-09,Day Pass,2499,Maharashtra,North,2024-12-28 18:21
SSF-334493,2024-10-14,Weekend,4499,Maharashtra,North,2024-12-27 15:19
SSF-610384,2024-11-24,Weekend,4499,Goa,North,2024-12-27 18:01
SSF-654287,2024-08-31,Day Pass,1999,Goa,North,2024-12-27 16:51
SSF-925143,2024-10-16,Weekend,4499,Goa,Beach,2024-12-29 17:08
SSF-117698,2024-09-30,Day Pass,2499,Karnataka,Beach,2024-12-29 18:13
SSF-431854,2024-09-22,Weekend,3599,Delhi,Beach,2024-12-27 17:51
SSF-679051,2024-11-14,Weekend,4499,Gujarat,Parking,2024-12-27 19:13
SSF-929126,2024-12-22,Day Pass,2499,Maharashtra,Beach,2024-12-28 17:44
SSF-740488,2024-12-18,Day Pass,2499,Karnataka,Beach,2024-12-29 17:10
SSF-199238,2024-11-08,Day Pass,2499,Telangana,Parking,2024-12-29 15:48
SSF-479672,2024-10-06,Day Pass,2499,Delhi,North,2024-12-27 19:13
SSF-135344,2024-10-01,Day Pass,2499,Maharashtra,North,2024-12-27 18:51
SSF-729238,2024-10-06,Weekend,4499,Goa,Beach,2024-12-27 18:05
SSF-867592,2024-12-15,Weekend,4499,Gujarat,North,2024-12-27 18:57
SSF-229694,2024-11-14,Weekend,4499,Karnataka,Parking,2024-12-27 15:59
SSF-411440,2024-09-07,Weekend,3599,Goa,Parking,2024-12-27 16:19
SSF-852059,2024-12-14,Day Pass,2499,Maharashtra,North,2024-12-28 16:49
SSF-777288,2024-10-04,VIP,8999,Maharashtra,Beach,2024-12-29 17:02
SSF-573804,2024-09-04,Weekend,3599,Gujarat,North,2024-12-27 19:01
SSF-836649,2024-12-02,Weekend,4499,Telangana,Beach,2024-12-28 15:27
SSF-906865,2024-11-03,Weekend,4499,Goa,North,2024-12-27 18:04
SSF-448951,2024-10-15,Day Pass,2499,Delhi,Parking,2024-12-28 16:42
SSF-848579,2024-09-24,Weekend,3599,Karnataka,Parking,2024-12-29 17:38
SSF-543038,2024-09-26,Day Pass,1999,Maharashtra,North,2024-12-27 17:35
SSF-344868,2024-09-19,VIP,7199,Karnataka,Beach,2024-12-27 15:37
SSF-611144,2024-09-09,Weekend,3599,Maharashtra,Beach,2024-12-28 17:50
SSF-970552,2024-09-25,Day Pass,1999,Goa,North,2024-12-27 15:56
SSF-455631,2024-11-09,Day Pass,2499,Gujarat,North,2024-12-28 18:44
SSF-999748,2024-10-18,Weekend,4499,Maharashtra,North,2024-12-27 17:40
SSF-571107,2024-09-10,Day Pass,1999,Maharashtra,North,2024-12-29 16:30
SSF-649086,2024-10-30,Weekend,4499,Maharashtra,Beach,2024-12-28 18:33
SSF-862370,2024-10-01,Weekend,4499,Tamil Nadu,North,2024-12-27 17:01
SSF-271024,2024-10-07,Weekend,4499,Delhi,North,2024-12-27 18:12
SSF-482849,2024-09-06,Weekend,3599,Goa,North,2024-12-27 18:16
SSF-801516,2024-10-01,Day Pass,2499,Goa,Parking,2024-12-27 18:02
SSF-701296,2024-12-19,Day Pass,2499,Delhi,Parking,2024-12-29 17:55
SSF-190820,2024-10-30,Weekend,4499,Maharashtra,Parking,2024-12-28 16:24
SSF-584755,2024-11-04,Day Pass,2499,Karnataka,North,2024-12-27 17:14
SSF-239132,2024-09-23,Day Pass,1999,Karnataka,Parking,2024-12-28 18:57
SSF-648794,2024-10-02,Weekend,4499,Tamil Nadu,Beach,2024-12-28 17:37
SSF-113864,2024-12-06,Day Pass,2499,Karnataka,North,2024-12-28 16:23
SSF-385157,2024-12-17,Day Pass,2499,Maharashtra,North,2024-12-27 17:17
SSF-571311,2024-11-21,Day Pass,2499,Maharashtra,North,2024-12-28 16:21
SSF-260482,2024-10-18,Weekend,4499,Maharashtra,Beach,2024-12-27 18:04
SSF-766352,2024-11-22,Weekend,4499,Tamil Nadu,North,2024-12-28 17:59
SSF-221559,2024-12-18,VIP,8999,Maharashtra,North,2024-12-29 16:43
SSF-709028,2024-11-28,Weekend,4499,Delhi,Parking,2024-12-28 18:24
SSF-686305,2024-12-02,Weekend,4499,Telangana,North,2024-12-29 14:42
SSF-968851,2024-12-09,Weekend,4499,Karnataka,North,2024-12-28 18:04
SSF-361699,2024-09-24,Weekend,3599,Karnataka,North,2024-12-28 17:49
SSF-701404,2024-11-20,Day Pass,2499,Maharashtra,Parking,2024-12-29 15:33
SSF-387670,2024-11-04,Day Pass,2499,Gujarat,Beach,2024-12-27 16:23
SSF-867040,2024-09-07,Weekend,3599,Gujarat,North,2024-12-28 17:03
SSF-897071,2024-11-16,Weekend,4499,Maharashtra,Parking,2024-12-27 18:10
SSF-661757,2024-10-16,Day Pass,2499,Telangana,North,2024-12-28 16:27
SSF-480133,2024-11-14,Weekend,4499,Karnataka,North,2024-12-27 18:32
SSF-574195,2024-09-27,Weekend,4499,Delhi,North,2024-12-27 18:37
SSF-934922,2024-12-07,VIP,8999,Delhi,Parking,2024-12-29 15:59
SSF-264201,2024-09-23,Day Pass,1999,Maharashtra,Beach,2024-12-27 17:27
SSF-412207,2024-09-01,Day Pass,1999,Gujarat,Beach,2024-12-28 18:09
SSF-457512,2024-09-05,Weekend,3599,Goa,North,2024-12-28 17:29
SSF-691157,2024-10-11,Day Pass,2499,Goa,Beach,2024-12-29 18:26
SSF-933232,2024-10-30,Day Pass,2499,Karnataka,Beach,2024-12-29 16:32
SSF-861360,2024-10-20,Day Pass,2499,Kerala,Beach,2024-12-28 17:17
SSF-584104,2024-09-23,Day Pass,1999,Maharashtra,Parking,2024-12-27 14:53
SSF-727515,2024-10-10,Weekend,4499,Goa,Parking,2024-12-28 15:52
SSF-743601,2024-10-12,Weekend,4499,Kerala,North,2024-12-29 17:43
SSF-651599,2024-08-28,Weekend,3599,Karnataka,Beach,2024-12-29 17:26
SSF-306114,2024-09-09,Day Pass,1999,Maharashtra,North,2024-12-28 18:11
SSF-998294,2024-12-05,Weekend,4499,Maharashtra,Beach,2024-12-27 18:07
SSF-192145,2024-09-10,Day Pass,1999,Maharashtra,North,2024-12-27 17:11
SSF-958604,2024-12-06,Weekend,4499,Maharashtra,North,2024-12-27 16:21
SSF-351320,2024-10-21,Day Pass,2499,Karnataka,Beach,2024-12-28 18:18
SSF-519440,2024-11-05,Weekend,4499,Maharashtra,North,2024-12-27 16:27
SSF-148698,2024-10-28,Day Pass,2499,Goa,North,2024-12-28 16:56
SSF-831421,2024-12-23,Day Pass,2499,Karnataka,North,2024-12-29 16:39
SSF-285360,2024-09-07,Weekend,3599,Karnataka,North,2024-12-27 17:18
SSF-686083,2024-11-30,Day Pass,2499,Maharashtra,Beach,2024-12-28 20:07
SSF-387858,2024-09-12,Weekend,3599,Gujarat,Beach,2024-12-28 20:05
SSF-400708,2024-10-23,VIP,8999,Karnataka,North,2024-12-28 16:46
SSF-536210,2024-08-28,Weekend,3599,Maharashtra,North,2024-12-27 20:06
SSF-330789,2024-11-17,Day Pass,2499,Gujarat,Beach,2024-12-27 19:33
SSF-636132,2024-10-25,Day Pass,2499,Delhi,Beach,2024-12-28 16:24
SSF-428895,2024-12-24,Day Pass,2499,Maharashtra,North,2024-12-29 15:15
SSF-953595,2024-10-16,Day Pass,2499,Maharashtra,North,2024-12-28 17:16
SSF-500342,2024-09-17,VIP,7199,Telangana,North,2024-12-29 21:01
SSF-259034,2024-12-16,Day Pass,2499,Kerala,Parking,2024-12-28 19:42
SSF-899423,2024-09-07,Day Pass,1999,Maharashtra,Parking,2024-12-29 17:48
SSF-748698,2024-12-23,Weekend,4499,Maharashtra,North,2024-12-29 19:34
SSF-812132,2024-09-30,Weekend,4499,Maharashtra,Parking,2024-12-28 16:25
SSF-656982,2024-09-25,Weekend,3599,Karnataka,North,2024-12-29 19:21
SSF-269510,2024-10-08,Weekend,4499,Maharashtra,North,2024-12-28 15:00
SSF-206519,2024-10-20,Weekend,4499,Karnataka,North,2024-12-29 19:51
SSF-599465,2024-11-11,Weekend,4499,Maharashtra,Beach,2024-12-29 18:00
SSF-166188,2024-11-23,Day Pass,2499,Karnataka,Beach,2024-12-29 17:03
SSF-144358,2024-08-30,Day Pass,1999,Goa,North,2024-12-29 16:29
SSF-372827,2024-12-04,Day Pass,2499,Karnataka,Beach,2024-12-27 17:11
SSF-988242,2024-09-18,Weekend,3599,Kerala,Parking,2024-12-27 17:32
SSF-347595,2024-11-16,Weekend,4499,Goa,North,2024-12-27 17:25
SSF-122683,2024-12-15,Day Pass,2499,Goa,Beach,2024-12-28 16:28
SSF-258272,2024-11-19,Day Pass,2499,Maharashtra,North,2024-12-28 18:29
SSF-483475,2024-09-07,Weekend,3599,Maharashtra,Beach,2024-12-29 18:16
SSF-853099,2024-09-07,Day Pass,1999,Goa,North,2024-12-27 18:44
SSF-552696,2024-12-25,Day Pass,2499,Goa,Beach,2024-12-28 15:51
SSF-828411,2024-11-22,Weekend,4499,Goa,North,2024-12-28 15:40
SSF-792229,2024-10-15,Weekend,4499,Delhi,North,2024-12-28 18:05
SSF-360115,2024-11-14,Weekend,4499,Kerala,Beach,2024-12-27 17:26
SSF-559263,2024-11-02,Day Pass,2499,Kerala,North,2024-12-27 16:00
SSF-831142,2024-12-08,Weekend,4499,Karnataka,North,2024-12-27 18:44
SSF-119281,2024-10-15,VIP,8999,Kerala,Beach,2024-12-29 15:51
SSF-868057,2024-11-27,VIP,8999,Gujarat,North,2024-12-27 20:21
SSF-512055,2024-10-14,Weekend,4499,Tamil Nadu,North,2024-12-27 16:58
SSF-835285,2024-10-02,Day Pass,2499,Maharashtra,Parking,2024-12-29 14:57
SSF-363979,2024-12-14,Day Pass,2499,Goa,Parking,2024-12-27 19:34
SSF-808010,2024-09-14,Day Pass,1999,Maharashtra,Parking,2024-12-28 17:47
SSF-702611,2024-10-23,Day Pass,2499,Karnataka,Beach,2024-12-28 19:50
SSF-379579,2024-12-05,Day Pass,2499,Maharashtra,Parking,2024-12-27 14:56
SSF-716859,2024-10-07,Weekend,4499,Goa,North,2024-12-27 17:05
SSF-536825,2024-12-15,Weekend,4499,Maharashtra,Beach,2024-12-28 18:34
SSF-606237,2024-09-01,Day Pass,1999,Delhi,Parking,2024-12-28 17:29
SSF-622592,2024-11-14,Weekend,4499,Goa,North,2024-12-28 21:03
SSF-481646,2024-09-12,Weekend,3599,Goa,Beach,2024-12-29 18:22
SSF-537843,2024-12-13,Day Pass,2499,Maharashtra,North,2024-12-28 14:40
SSF-364778,2024-12-11,Weekend,4499,Maharashtra,Parking,2024-12-27 17:50
SSF-871848,2024-12-22,Day Pass,2499,Delhi,North,2024-12-27 14:59
SSF-110267,2024-10-12,Day Pass,2499,Karnataka,North,2024-12-27 18:09
SSF-595722,2024-11-30,Weekend,4499,Maharashtra,Beach,2024-12-28 15:54
SSF-930896,2024-09-03,Weekend,3599,Delhi,Parking,2024-12-27 18:42
SSF-313857,2024-11-11,Day Pass,2499,Karnataka,Parking,2024-12-27 17:41
SSF-785280,2024-12-09,Weekend,4499,Maharashtra,North,2024-12-28 18:18
SSF-220440,2024-09-21,Weekend,3599,Goa,North,2024-12-28 19:34
SSF-649086,2024-10-30,Weekend,4499,Maharashtra,Beach,2024-12-28 17:59
SSF-758450,2024-09-06,Weekend,3599,Delhi,North,2024-12-29 15:56
SSF-473806,2024-09-27,Weekend,4499,Karnataka,Beach,2024-12-27 17:34
SSF-265388,2024-12-05,Weekend,4499,Kerala,Parking,2024-12-29 19:27
SSF-172990,2024-11-26,Day Pass,2499,Delhi,Parking,2024-12-27 17:24
SSF-649086,2024-10-30,Weekend,4499,Maharashtra,North,2024-12-27 17:21
SSF-430435,2024-12-14,Weekend,4499,Telangana,Beach,2024-12-27 18:23
SSF-985776,2024-12-11,Day Pass,2499,Telangana,North,2024-12-28 18:00
SSF-396389,2024-11-21,Weekend,4499,Karnataka,North,2024-12-27 16:50
SSF-811660,2024-12-25,Day Pass,2499,Maharashtra,North,2024-12-28 18:28
SSF-335526,2024-09-28,Weekend,4499,Delhi,North,2024-12-27 17:31
SSF-322206,2024-11-25,Weekend,4499,Goa,North,2024-12-28 15:03
SSF-951528,2024-11-26,Day Pass,2499,Goa,Beach,2024-12-29 18:35
SSF-909040,2024-12-17,Day Pass,2499,Telangana,North,2024-12-27 16:55
SSF-541918,2024-09-15,Day Pass,1999,Kerala,North,2024-12-28 16:38
SSF-105315,2024-10-25,Day Pass,2499,Tamil Nadu,North,2024-12-28 16:53
SSF-561217,2024-11-25,Weekend,4499,Kerala,Beach,2024-12-29 18:02
SSF-344391,2024-10-14,Day Pass,2499,Goa,Parking,2024-12-28 19:46
SSF-565194,2024-11-01,Weekend,4499,Maharashtra,North,2024-12-29 18:37
SSF-675138,2024-10-30,Day Pass,2499,Maharashtra,Beach,2024-12-28 17:14
SSF-994981,2024-10-12,Day Pass,2499,Goa,Beach,2024-12-27 17:53
SSF-113837,2024-09-20,Weekend,3599,Maharashtra,Parking,2024-12-28 16:07
SSF-788214,2024-11-10,Day Pass,2499,Karnataka,Beach,2024-12-27 17:11
SSF-664626,2024-12-19,Weekend,4499,Maharashtra,North,2024-12-28 15:19
SSF-512560,2024-11-07,Day Pass,2499,Delhi,North,2024-12-29 16:13
SSF-682432,2024-12-24,Weekend,4499,Karnataka,Beach,2024-12-27 16:22
SSF-819895,2024-10-16,Weekend,4499,Kerala,North,2024-12-28 18:28
SSF-824169,2024-12-05,Day Pass,2499,Maharashtra,Beach,2024-12-27 18:56
SSF-558184,2024-10-22,Day Pass,2499,Delhi,North,2024-12-27 18:06
SSF-666132,2024-12-07,Day Pass,2499,Maharashtra,North,2024-12-29 17:44
SSF-923136,2024-10-10,Weekend,4499,Delhi,Parking,2024-12-27 17:15
SSF-752850,2024-11-11,Weekend,4499,Goa,North,2024-12-28 17:40
SSF-282236,2024-09-01,Day Pass,1999,Delhi,Beach,2024-12-27 17:23
SSF-198914,2024-10-23,Weekend,4499,Maharashtra,Beach,2024-12-28 16:57
SSF-936348,2024-11-01,Weekend,4499,Maharashtra,North,2024-12-27 16:45
SSF-289669,2024-10-10,Day Pass,2499,Goa,Parking,2024-12-29 18:29
SSF-890165,2024-09-13,VIP,7199,Goa,North,2024-12-29 16:17
SSF-268112,2024-11-28,Day Pass,2499,Delhi,North,2024-12-27 18:14
SSF-973531,2024-11-16,Weekend,4499,Karnataka,Beach,2024-12-28 16:23
SSF-221531,2024-12-24,Weekend,4499,Karnataka,North,2024-12-27 17:54
SSF-736205,2024-09-23,Day Pass,1999,Goa,North,2024-12-27 18:10
SSF-441751,2024-11-27,Weekend,4499,Goa,North,2024-12-28 15:49
SSF-999299,2024-09-18,VIP,7199,Goa,Beach,2024-12-29 19:27
SSF-556303,2024-10-21,Weekend,4499,Gujarat,Beach,2024-12-27 18:39
SSF-918914,2024-11-28,Day Pass,2499,Karnataka,North,2024-12-27 17:57
SSF-471796,2024-10-14,Weekend,4499,Maharashtra,North,2024-12-28 17:28
SSF-477232,2024-12-15,Weekend,4499,Maharashtra,Parking,2024-12-27 18:11
SSF-697847,2024-09-10,Weekend,3599,Gujarat,North,2024-12-28 16:19
SSF-543611,2024-10-10,Weekend,4499,Maharashtra,Beach,2024-12-28 18:23
SSF-823225,2024-12-14,Weekend,4499,Maharashtra,Beach,2024-12-28 17:04
SSF-730548,2024-12-13,Day Pass,2499,Karnataka,Parking,2024-12-28 14:57
SSF-917847,2024-10-19,Day Pass,2499,Maharashtra,Parking,2024-12-29 15:21
SSF-672655,2024-09-19,Weekend,3599,Maharashtra,North,2024-12-27 17:05
SSF-706232,2024-12-03,Weekend,4499,Delhi,North,2024-12-28 18:19
SSF-399128,2024-09-13,Weekend,3599,Maharashtra,North,2024-12-27 17:00
SSF-308100,2024-10-31,Day Pass,2499,Delhi,Parking,2024-12-28 16:57
SSF-724292,2024-11-09,Day Pass,2499,Gujarat,Beach,2024-12-28 17:14
SSF-389620,2024-12-25,Weekend,4499,Delhi,North,2024-12-29 17:56
SSF-298750,2024-12-20,Day Pass,2499,Delhi,Beach,2024-12-27 19:34
SSF-744087,2024-09-10,Weekend,3599,Goa,North,2024-12-28 17:21
SSF-399924,2024-10-05,VIP,8999,Karnataka,North,2024-12-28 16:38
SSF-228383,2024-12-19,Day Pass,2499,Delhi,North,2024-12-27 18:26
SSF-987485,2024-11-21,Weekend,4499,Goa,North,2024-12-27 17:24
SSF-219945,2024-11-12,VIP,8999,Kerala,Beach,2024-12-27 17:27
SSF-983466,2024-09-11,VIP,7199,Karnataka,Parking,2024-12-29 19:03
SSF-614357,2024-09-06,Weekend,3599,Maharashtra,North,2024-12-27 18:15
SSF-845927,2024-09-29,Weekend,4499,Goa,North,2024-12-28 16:45
SSF-109467,2024-08-29,Weekend,3599,Delhi,North,2024-12-27 16:32
SSF-495761,2024-11-09,Weekend,4499,Telangana,Parking,2024-12-29 17:50
SSF-760900,2024-09-24,Day Pass,1999,Delhi,Beach,2024-12-28 18:04
SSF-632272,2024-11-28,Weekend,4499,Goa,Beach,2024-12-27 16:23
SSF-657232,2024-12-25,Weekend,4499,Goa,Parking,2024-12-28 16:59
SSF-177686,2024-09-29,Weekend,4499,Goa,Beach,2024-12-29 17:33
SSF-852846,2024-12-18,Weekend,4499,Maharashtra,North,2024-12-27 17:04
SSF-958227,2024-10-17,Day Pass,2499,Kerala,North,2024-12-29 16:31
SSF-124988,2024-10-16,VIP,8999,Telangana,North,2024-12-28 15:44
SSF-820040,2024-12-24,Day Pass,2499,Karnataka,Beach,2024-12-27 18:12
SSF-650086,2024-10-25,VIP,8999,Telangana,Beach,2024-12-29 16:27
SSF-138635,2024-09-05,Weekend,3599,Maharashtra,North,2024-12-27 17:28
SSF-486737,2024-10-22,Weekend,4499,Maharashtra,Parking,2024-12-29 16:51
SSF-213482,2024-11-29,Day Pass,2499,Maharashtra,North,2024-12-27 18:07
SSF-752208,2024-12-11,VIP,8999,Delhi,Beach,2024-12-29 18:11
SSF-454968,2024-12-03,Day Pass,2499,Maharashtra,North,2024-12-27 16:52
SSF-508893,2024-10-19,Day Pass,2499,Kerala,North,2024-12-27 19:08
SSF-258445,2024-12-05,Day Pass,2499,Kerala,Parking,2024-12-27 16:12
SSF-437430,2024-12-12,Day Pass,2499,Maharashtra,Parking,2024-12-29 18:31
SSF-389938,2024-11-07,Weekend,4499,Gujarat,North,2024-12-27 17:23
SSF-353889,2024-08-30,Weekend,3599,Karnataka,Beach,2024-12-27 17:42
SSF-561796,2024-12-19,Weekend,4499,Kerala,Beach,2024-12-27 17:18
SSF-452022,2024-09-27,Day Pass,2499,Kerala,Parking,2024-12-27 17:30
SSF-524939,2024-10-24,VIP,8999,Karnataka,Parking,2024-12-28 18:40
SSF-829269,2024-09-12,Day Pass,1999,Gujarat,North,2024-12-28 17:47
SSF-313724,2024-10-30,Weekend,4499,Maharashtra,North,2024-12-28 16:18
SSF-936990,2024-11-29,VIP,8999,Goa,Parking,2024-12-29 18:32
SSF-948121,2024-11-15,Weekend,4499,Maharashtra,Parking,2024-12-27 17:29
SSF-867576,2024-09-05,VIP,7199,Gujarat,Beach,2024-12-28 17:26
SSF-901433,2024-12-09,Weekend,4499,Goa,North,2024-12-27 16:16
SSF-991129,2024-12-19,Day Pass,2499,Delhi,North,2024-12-27 15:56
SSF-484518,2024-10-17,Weekend,4499,Maharashtra,North,2024-12-28 15:51
SSF-933547,2024-09-04,Weekend,3599,Maharashtra,North,2024-12-28 19:20
SSF-150857,2024-10-16,Weekend,4499,Maharashtra,North,2024-12-27 16:16
SSF-343915,2024-11-28,Weekend,4499,Maharashtra,Beach,2024-12-29 15:31
SSF-762929,2024-12-12,Weekend,4499,Karnataka,Parking,2024-12-27 18:44
SSF-331514,2024-08-29,VIP,7199,Tamil Nadu,North,2024-12-27 19:09
SSF-280195,2024-10-04,Weekend,4499,Goa,Beach,2024-12-27 16:41
SSF-172554,2024-10-29,Weekend,4499,Karnataka,Beach,2024-12-27 18:19
SSF-888182,2024-10-27,Day Pass,2499,Maharashtra,Beach,2024-12-28 16:55
SSF-867205,2024-12-02,Day Pass,2499,Maharashtra,Beach,2024-12-29 16:31
SSF-293438,2024-09-28,Day Pass,2499,Maharashtra,Beach,2024-12-28 17:13
SSF-499653,2024-11-27,Day Pass,2499,Tamil Nadu,North,2024-12-27 17:25
SSF-760845,2024-12-11,Weekend,4499,Goa,Beach,2024-12-28 18:43
SSF-959365,2024-11-10,Day Pass,2499,Tamil Nadu,Beach,2024-12-29 18:02
SSF-427776,2024-12-09,Weekend,4499,Maharashtra,North,2024-12-27 17:55
SSF-351777,2024-11-12,Day Pass,2499,Maharashtra,Beach,2024-12-27 16:35
SSF-367764,2024-10-30,Day Pass,2499,Tamil Nadu,Beach,2024-12-29 19:48
SSF-426238,2024-12-08,Day Pass,2499,Maharashtra,Parking,2024-12-28 16:56
SSF-438404,2024-11-13,Day Pass,2499,Delhi,Beach,2024-12-29 19:48
SSF-122557,2024-11-17,Weekend,4499,Kerala,Parking,2024-12-28 16:37
SSF-226858,2024-12-20,Day Pass,2499,Delhi,Beach,2024-12-28 16:47
SSF-240919,2024-10-29,Day Pass,2499,Delhi,Parking,2024-12-28 16:43
SSF-946300,2024-09-27,Day Pass,2499,Maharashtra,North,2024-12-27 17:31
SSF-510031,2024-12-07,Day Pass,2499,Karnataka,Beach,2024-12-29 18:16
SSF-229662,2024-12-25,Day Pass,2499,Karnataka,Beach,2024-12-28 18:02
SSF-123333,2024-11-13,Day Pass,2499,Delhi,North,2024-12-28 18:24
SSF-235631,2024-10-23,Day Pass,2499,Goa,Beach,2024-12-28 16:17
SSF-342174,2024-12-10,Weekend,4499,Karnataka,Parking,2024-12-28 16:42
SSF-985593,2024-12-12,Day Pass,2499,Karnataka,North,2024-12-28 17:14
SSF-142958,2024-12-14,Weekend,4499,Maharashtra,North,2024-12-28 16:47
SSF-649949,2024-12-25,Day Pass,2499,Delhi,Beach,2024-12-27 16:50
SSF-102543,2024-12-21,VIP,8999,Telangana,North,2024-12-27 18:39
SSF-365425,2024-12-06,Day Pass,2499,Gujarat,Beach,2024-12-28 18:20
SSF-302994,2024-10-11,Weekend,4499,Kerala,North,2024-12-29 16:28
SSF-381368,2024-12-16,Weekend,4499,Maharashtra,North,2024-12-28 17:01
SSF-927075,2024-10-01,Weekend,4499,Maharashtra,Parking,2024-12-28 16:14
SSF-752181,2024-09-16,VIP,7199,Maharashtra,North,2024-12-29 19:50
SSF-216351,2024-09-09,Weekend,3599,Goa,Beach,2024-12-28 15:20
SSF-601936,2024-09-14,Day Pass,1999,Gujarat,North,2024-12-29 18:18
SSF-732565,2024-11-19,Day Pass,2499,Maharashtra,Beach,2024-12-28 17:15
SSF-242692,2024-09-01,Weekend,3599,Maharashtra,North,2024-12-27 17:35
SSF-710959,2024-08-30,Weekend,3599,Maharashtra,North,2024-12-28 16:43
SSF-581233,2024-09-08,VIP,7199,Maharashtra,North,2024-12-28 17:32
SSF-523764,2024-09-27,Day Pass,2499,Goa,North,2024-12-28 16:53
SSF-482938,2024-10-28,Weekend,4499,Maharashtra,Beach,2024-12-27 17:30
SSF-811446,2024-10-05,VIP,8999,Kerala,North,2024-12-29 16:17
SSF-848189,2024-09-05,Weekend,3599,Maharashtra,Beach,2024-12-28 18:49
SSF-128913,2024-10-12,Weekend,4499,Karnataka,Beach,2024-12-27 15:00
SSF-218669,2024-09-23,Weekend,3599,Maharashtra,North,2024-12-28 18:01
SSF-462404,2024-10-22,Day Pass,2499,Maharashtra,Beach,2024-12-27 16:47
SSF-651874,2024-09-03,Weekend,3599,Goa,Beach,2024-12-27 19:17
SSF-907288,2024-12-06,Day Pass,2499,Goa,North,2024-12-28 16:56
SSF-122683,2024-12-15,Day Pass,2499,Goa,Parking,2024-12-27 18:44
SSF-381671,2024-09-02,Day Pass,1999,Goa,Beach,2024-12-27 16:10
SSF-149570,2024-10-24,Day Pass,2499,Karnataka,Parking,2024-12-27 16:01
SSF-816430,2024-10-19,VIP,8999,Maharashtra,Beach,2024-12-27 18:40
SSF-129949,2024-12-24,Day Pass,2499,Karnataka,Beach,2024-12-27 18:39
SSF-591325,2024-10-07,Day Pass,2499,Karnataka,Beach,2024-12-27 19:05
SSF-918694,2024-09-10,Weekend,3599,Goa,North,2024-12-29 16:49
SSF-648235,2024-09-12,Weekend,3599,Kerala,North,2024-12-29 18:45
SSF-826801,2024-09-26,VIP,7199,Goa,Beach,2024-12-27 19:04
SSF-385338,2024-11-04,Weekend,4499,Maharashtra,North,2024-12-27 17:24
SSF-241855,2024-11-23,VIP,8999,Goa,North,2024-12-28 18:53
SSF-680129,2024-12-06,Weekend,4499,Goa,Beach,2024-12-28 16:06
SSF-657190,2024-09-21,Weekend,3599,Karnataka,North,2024-12-28 17:51
SSF-558424,2024-09-15,Day Pass,1999,Maharashtra,North,2024-12-28 17:40
SSF-505879,2024-12-06,VIP,8999,Delhi,North,2024-12-27 16:46
SSF-132871,2024-12-15,Day Pass,2499,Karnataka,North,2024-12-28 15:18
SSF-672655,2024-09-19,Weekend,3599,Maharashtra,North,2024-12-28 16:57
SSF-998825,2024-09-09,Weekend,3599,Delhi,Beach,2024-12-27 17:38
SSF-832519,2024-10-17,Day Pass,2499,Goa,Beach,2024-12-28 19:23
SSF-534909,2024-10-20,Day Pass,2499,Gujarat,North,2024-12-27 18:11
SSF-597506,2024-11-27,Weekend,4499,Delhi,North,2024-12-28 17:09
SSF-532343,2024-12-19,Day Pass,2499,Kerala,Beach,2024-12-27 18:00
SSF-767975,2024-10-09,Weekend,4499,Maharashtra,Beach,2024-12-28 18:14
SSF-193170,2024-12-04,Weekend,4499,Maharashtra,Beach,2024-12-29 17:58
SSF-169907,2024-12-09,Weekend,4499,Gujarat,North,2024-12-28 18:13
SSF-810024,2024-11-21,Weekend,4499,Karnataka,Parking,2024-12-28 16:38
SSF-648870,2024-12-08,Day Pass,2499,Maharashtra,Beach,2024-12-28 18:01
SSF-116997,2024-09-15,Day Pass,1999,Kerala,Parking,2024-12-27 19:06
SSF-830682,2024-11-27,Day Pass,2499,Maharashtra,Beach,2024-12-27 18:22
SSF-559001,2024-12-23,VIP,8999,Kerala,Beach,2024-12-29 15:49
SSF-645124,2024-08-31,Weekend,3599,Karnataka,Parking,2024-12-28 16:28
SSF-689199,2024-09-20,Weekend,3599,Gujarat,Beach,2024-12-29 16:58
SSF-802548,2024-09-21,Day Pass,1999,Tamil Nadu,Beach,2024-12-29 16:32
SSF-125969,2024-10-10,Day Pass,2499,Goa,North,2024-12-28 16:31
SSF-509425,2024-09-17,Day Pass,1999,Maharashtra,Parking,2024-12-28 15:51
SSF-564717,2024-12-13,VIP,8999,Goa,North,2024-12-27 18:55
SSF-188732,2024-09-25,Weekend,3599,Delhi,North,2024-12-28 16:05
SSF-468428,2024-11-16,Weekend,4499,Goa,North,2024-12-27 15:50
SSF-630212,2024-11-16,Weekend,4499,Goa,North,2024-12-29 18:07
SSF-829727,2024-11-21,Weekend,4499,Delhi,North,2024-12-28 18:01
SSF-559794,2024-10-15,Day Pass,2499,Gujarat,Parking,2024-12-27 16:13
SSF-506913,2024-09-02,Weekend,3599,Karnataka,North,2024-12-27 18:09
SSF-312734,2024-09-21,Weekend,3599,Maharashtra,Parking,2024-12-29 17:19
SSF-908397,2024-11-28,Weekend,4499,Telangana,Beach,2024-12-29 17:17
SSF-244897,2024-10-26,Day Pass,2499,Maharashtra,Beach,2024-12-28 17:53
SSF-216183,2024-11-17,Weekend,4499,Maharashtra,Parking,2024-12-28 18:35
SSF-396479,2024-08-31,Weekend,3599,Delhi,North,2024-12-27 18:52
SSF-165523,2024-09-28,Day Pass,2499,Goa,Beach,2024-12-28 16:05
SSF-675024,2024-09-27,Day Pass,2499,Goa,North,2024-12-29 19:58
SSF-599240,2024-12-18,Day Pass,2499,Delhi,Beach,2024-12-28 16:39
SSF-216981,2024-11-15,Day Pass,2499,Gujarat,Beach,2024-12-27 18:22
SSF-526507,2024-10-14,Weekend,4499,Gujarat,Beach,2024-12-29 15:51
SSF-496081,2024-11-25,Weekend,4499,Goa,North,2024-12-29 17:37
SSF-346148,2024-10-28,VIP,8999,Goa,Parking,2024-12-28 17:08
SSF-739797,2024-09-27,Day Pass,2499,Tamil Nadu,Beach,2024-12-28 17:33
SSF-501905,2024-09-12,VIP,7199,Telangana,North,2024-12-28 17:25
SSF-950689,2024-09-19,Day Pass,1999,Tamil Nadu,North,2024-12-29 17:48
SSF-966837,2024-10-19,Weekend,4499,Telangana,North,2024-12-29 17:09
SSF-154705,2024-10-10,Day Pass,2499,Gujarat,Beach,2024-12-29 17:41
SSF-653009,2024-11-11,Weekend,4499,Goa,Beach,2024-12-27 17:51
SSF-252554,2024-10-24,Day Pass,2499,Kerala,North,2024-12-29 15:54
SSF-643227,2024-12-21,Weekend,4499,Gujarat,Beach,2024-12-29 18:31
SSF-959288,2024-09-07,VIP,7199,Delhi,North,2024-12-29 17:17
SSF-805369,2024-09-01,Day Pass,1999,Karnataka,North,2024-12-27 17:51
SSF-873078,2024-09-12,Day Pass,1999,Maharashtra,Beach,2024-12-27 15:14
SSF-917629,2024-11-02,Weekend,4499,Goa,North,2024-12-27 16:00
SSF-673227,2024-10-28,Weekend,4499,Maharashtra,North,2024-12-28 18:09
SSF-778962,2024-10-29,Day Pass,2499,Goa,Parking,2024-12-28 16:50
SSF-487835,2024-09-05,Weekend,3599,Karnataka,North,2024-12-28 15:59
SSF-224451,2024-12-01,Weekend,4499,Goa,North,2024-12-29 17:06
SSF-122683,2024-12-15,Day Pass,2499,Goa,Beach,2024-12-27 16:46
SSF-999093,2024-11-16,Day Pass,2499,Goa,Beach,2024-12-29 18:06
SSF-850827,2024-11-25,Weekend,4499,Goa,North,2024-12-28 15:25
SSF-863694,2024-12-25,Day Pass,2499,Karnataka,Beach,2024-12-28 18:19
SSF-944206,2024-11-12,VIP,8999,Gujarat,North,2024-12-27 16:57
SSF-884561,2024-11-18,Weekend,4499,Delhi,North,2024-12-28 21:04
SSF-563147,2024-09-24,Weekend,3599,Goa,Parking,2024-12-29 18:11
SSF-704030,2024-09-10,Weekend,3599,Maharashtra,Parking,2024-12-29 18:38
SSF-982490,2024-10-10,Weekend,4499,Maharashtra,North,2024-12-28 17:19
SSF-506836,2024-10-18,Day Pass,2499,Maharashtra,North,2024-12-28 18:39
SSF-564234,2024-09-25,Day Pass,1999,Delhi,Beach,2024-12-27 17:06
SSF-734338,2024-11-23,Day Pass,2499,Maharashtra,North,2024-12-29 14:13
SSF-503661,2024-12-17,Day Pass,2499,Gujarat,Parking,2024-12-28 17:30
SSF-595886,2024-09-10,VIP,7199,Maharashtra,Beach,2024-12-28 17:11
SSF-113766,2024-12-07,Day Pass,2499,Maharashtra,Parking,2024-12-27 17:45
SSF-588654,2024-11-11,Weekend,4499,Delhi,North,2024-12-29 16:58
SSF-186119,2024-10-13,Day Pass,2499,Goa,Beach,2024-12-28 18:17
SSF-282992,2024-09-26,Weekend,3599,Maharashtra,Parking,2024-12-27 19:48
SSF-935834,2024-12-18,Weekend,4499,Maharashtra,Parking,2024-12-28 17:09
SSF-577336,2024-08-29,Weekend,3599,Delhi,North,2024-12-28 14:32
SSF-712323,2024-12-11,Weekend,4499,Goa,North,2024-12-28 17:57
SSF-652569,2024-10-08,Day Pass,2499,Gujarat,Parking,2024-12-28 19:28
SSF-678149,2024-09-03,Day Pass,1999,Karnataka,Beach,2024-12-27 15:45
SSF-672655,2024-09-19,Weekend,3599,Maharashtra,North,2024-12-28 17:55
SSF-448545,2024-10-25,Weekend,4499,Goa,North,2024-12-28 18:37
SSF-248066,2024-12-15,Day Pass,2499,Goa,Parking,2024-12-28 20:16
SSF-557857,2024-10-16,Weekend,4499,Goa,Parking,2024-12-29 19:38
SSF-956597,2024-12-05,Day Pass,2499,Goa,Beach,2024-12-27 17:34
SSF-159392,2024-12-13,Day Pass,2499,Karnataka,Parking,2024-12-27 15:38
SSF-480319,2024-10-08,Weekend,4499,Gujarat,Beach,2024-12-28 18:08
SSF-916947,2024-11-04,Day Pass,2499,Maharashtra,North,2024-12-27 16:59
SSF-112380,2024-10-12,Day Pass,2499,Maharashtra,Beach,2024-12-27 15:23
SSF-485875,2024-08-29,VIP,7199,Maharashtra,Parking,2024-12-28 17:59
SSF-464495,2024-12-10,Weekend,4499,Goa,Beach,2024-12-27 14:55
SSF-548512,2024-10-16,Day Pass,2499,Karnataka,Parking,2024-12-29 16:46
SSF-933476,2024-12-25,Day Pass,2499,Delhi,North,2024-12-27 18:59
SSF-742525,2024-11-16,VIP,8999,Kerala,Beach,2024-12-27 17:32
SSF-756415,2024-09-11,Weekend,3599,Gujarat,North,2024-12-28 19:18
SSF-294246,2024-10-24,Weekend,4499,Delhi,Beach,2024-12-27 20:38
SSF-921378,2024-10-03,Day Pass,2499,Tamil Nadu,Parking,2024-12-28 16:44
SSF-561367,2024-11-10,Weekend,4499,Goa,North,2024-12-28 20:27
SSF-296472,2024-09-19,Day Pass,1999,Goa,Beach,2024-12-29 16:32
SSF-655794,2024-10-13,Weekend,4499,Kerala,Parking,2024-12-27 16:29
SSF-284942,2024-10-12,Weekend,4499,Goa,Beach,2024-12-27 16:25
SSF-462792,2024-10-28,Weekend,4499,Kerala,Beach,2024-12-28 17:43
SSF-672655,2024-09-19,Weekend,3599,Maharashtra,Beach,2024-12-27 16:59
SSF-671314,2024-09-21,VIP,7199,Gujarat,Beach,2024-12-27 17:16
SSF-784829,2024-11-01,VIP,8999,Telangana,Beach,2024-12-27 15:42
SSF-760688,2024-09-20,Day Pass,1999,Maharashtra,Beach,2024-12-27 17:07
SSF-589677,2024-09-06,Day Pass,1999,Maharashtra,Parking,2024-12-28 17:26
SSF-812264,2024-11-25,Weekend,4499,Maharashtra,Beach,2024-12-27 18:53
SSF-121910,2024-10-03,Weekend,4499,Goa,Beach,2024-12-28 16:05
SSF-102210,2024-12-08,Weekend,4499,Goa,Beach,2024-12-27 16:56
SSF-136487,2024-09-08,Weekend,3599,Maharashtra,Beach,2024-12-27 16:36
SSF-493969,2024-09-03,Day Pass,1999,Delhi,Beach,2024-12-27 18:00
SSF-111892,2024-10-01,Weekend,4499,Maharashtra,North,2024-12-29 19:18
SSF-499845,2024-09-04,Weekend,3599,Maharashtra,North,2024-12-29 17:26
SSF-920636,2024-11-11,Weekend,4499,Maharashtra,Parking,2024-12-27 17:20
SSF-377596,2024-09-07,Weekend,3599,Tamil Nadu,Beach,2024-12-27 16:03
SSF-154083,2024-11-07,Day Pass,2499,Maharashtra,North,2024-12-29 16:01
SSF-505496,2024-10-08,Weekend,4499,Delhi,Beach,2024-12-29 17:31
SSF-371927,2024-09-18,VIP,7199,Karnataka,North,2024-12-28 18:32
SSF-509699,2024-12-04,Day Pass,2499,Delhi,North,2024-12-29 17:13
SSF-534246,2024-12-15,Weekend,4499,Karnataka,Parking,2024-12-27 16:49
SSF-792945,2024-12-05,VIP,8999,Maharashtra,North,2024-12-28 20:52
SSF-531127,2024-12-01,Weekend,4499,Delhi,North,2024-12-28 16:07
SSF-592620,2024-12-08,Day Pass,2499,Kerala,Parking,2024-12-29 18:02
SSF-642110,2024-10-02,Weekend,4499,Goa,North,2024-12-28 19:55
SSF-711474,2024-10-16,VIP,8999,Kerala,North,2024-12-28 17:21
SSF-562632,2024-11-27,Day Pass,2499,Goa,Parking,2024-12-29 16:52
SSF-322041,2024-10-22,Day Pass,2499,Kerala,North,2024-12-29 15:19
SSF-114476,2024-10-31,Weekend,4499,Delhi,Parking,2024-12-27 18:00
SSF-340006,2024-09-06,Weekend,3599,Tamil Nadu,Parking,2024-12-28 17:48
SSF-969235,2024-09-17,VIP,7199,Maharashtra,Parking,2024-12-29 17:14
SSF-949389,2024-09-14,Day Pass,1999,Maharashtra,Beach,2024-12-28 18:39
SSF-646319,2024-09-29,VIP,8999,Delhi,Beach,2024-12-27 15:30
SSF-254496,2024-09-14,Weekend,3599,Maharashtra,Parking,2024-12-28 16:00
SSF-725110,2024-11-28,Weekend,4499,Gujarat,North,2024-12-28 18:26
SSF-687505,2024-08-30,Weekend,3599,Goa,North,2024-12-27 16:27
SSF-376307,2024-10-09,Day Pass,2499,Tamil Nadu,North,2024-12-28 15:53
SSF-364924,2024-09-05,Weekend,3599,Delhi,North,2024-12-28 16:12
SSF-343438,2024-12-16,Day Pass,2499,Maharashtra,North,2024-12-27 15:43
SSF-806501,2024-09-12,Weekend,3599,Maharashtra,North,2024-12-28 16:00
SSF-518278,2024-09-26,VIP,7199,Maharashtra,Parking,2024-12-28 17:13
SSF-692995,2024-11-04,Day Pass,2499,Maharashtra,North,2024-12-27 16:46
SSF-122683,2024-12-15,Day Pass,2499,Goa,Parking,2024-12-28 15:55
SSF-131653,2024-09-15,Weekend,3599,Gujarat,Beach,2024-12-29 16:52
SSF-418105,2024-09-17,Day Pass,1999,Gujarat,Parking,2024-12-27 16:50
SSF-907856,2024-11-12,VIP,8999,Maharashtra,Beach,2024-12-28 18:59
SSF-384431,2024-10-20,Day Pass,2499,Maharashtra,North,2024-12-27 17:43
SSF-838126,2024-11-20,Day Pass,2499,Goa,Beach,2024-12-29 19:52
SSF-522020,2024-11-12,Day Pass,2499,Gujarat,North,2024-12-27 16:14
SSF-304064,2024-10-24,Weekend,4499,Maharashtra,Beach,2024-12-29 16:32
SSF-131283,2024-12-11,Day Pass,2499,Delhi,North,2024-12-29 17:46
SSF-925590,2024-09-05,Day Pass,1999,Delhi,Parking,2024-12-29 18:13
SSF-786564,2024-09-18,Weekend,3599,Telangana,Beach,2024-12-28 18:08
SSF-560696,2024-12-11,Weekend,4499,Maharashtra,North,2024-12-29 17:16
SSF-661682,2024-08-31,Day Pass,1999,Karnataka,North,2024-12-28 17:08
SSF-160571,2024-10-12,VIP,8999,Goa,Beach,2024-12-28 16:02
SSF-437028,2024-10-17,Weekend,4499,Goa,Beach,2024-12-28 19:13
SSF-855330,2024-09-25,VIP,7199,Maharashtra,Beach,2024-12-28 18:20
SSF-785054,2024-10-02,Weekend,4499,Telangana,North,2024-12-29 17:54
SSF-843224,2024-10-26,Day Pass,2499,Maharashtra,North,2024-12-27 17:11
SSF-426170,2024-11-30,Weekend,4499,Goa,North,2024-12-27 19:34
SSF-802103,2024-11-11,Weekend,4499,Karnataka,North,2024-12-29 16:31
SSF-597821,2024-11-03,Weekend,4499,Karnataka,Beach,2024-12-27 19:17
SSF-342819,2024-09-25,Day Pass,1999,Maharashtra,Beach,2024-12-29 18:27
SSF-235225,2024-12-12,Day Pass,2499,Maharashtra,North,2024-12-27 17:55
SSF-626184,2024-11-25,Weekend,4499,Telangana,Parking,2024-12-28 15:54
SSF-782465,2024-12-21,Day Pass,2499,Karnataka,North,2024-12-28 17:44
SSF-638870,2024-09-26,VIP,7199,Goa,Parking,2024-12-29 18:51
SSF-866194,2024-10-09,Day Pass,2499,Tamil Nadu,North,2024-12-28 18:06
SSF-573064,2024-09-11,Day Pass,1999,Delhi,North,2024-12-28 18:45
SSF-724250,2024-09-07,Day Pass,1999,Gujarat,Parking,2024-12-27 18:18
SSF-121665,2024-10-21,Weekend,4499,Goa,North,2024-12-29 16:42
SSF-652572,2024-09-12,Weekend,3599,Maharashtra,North,2024-12-28 16:37
SSF-864039,2024-10-02,VIP,8999,Maharashtra,Parking,2024-12-27 18:46
SSF-731995,2024-09-25,Day Pass,1999,Maharashtra,North,2024-12-27 17:44
SSF-865573,2024-10-30,Day Pass,2499,Karnataka,Parking,2024-12-29 20:38
SSF-836356,2024-10-29,VIP,8999,Tamil Nadu,Beach,2024-12-29 18:51
SSF-895300,2024-12-01,Weekend,4499,Delhi,Parking,2024-12-27 16:16
SSF-167636,2024-11-02,Day Pass,2499,Maharashtra,Beach,2024-12-28 17:50
SSF-553414,2024-09-29,Weekend,4499,Goa,North,2024-12-27 17:48
SSF-861756,2024-10-05,Weekend,4499,Maharashtra,Beach,2024-12-29 15:53
SSF-429142,2024-12-16,Day Pass,2499,Goa,Beach,2024-12-28 17:09
SSF-875279,2024-12-17,VIP,8999,Goa,North,2024-12-28 17:53
SSF-327366,2024-12-19,Day Pass,2499,Maharashtra,Beach,2024-12-29 16:32
SSF-123085,2024-10-27,Weekend,4499,Kerala,North,2024-12-27 18:02
SSF-345818,2024-09-28,Day Pass,2499,Gujarat,North,2024-12-28 18:47
SSF-292465,2024-12-02,Weekend,4499,Goa,North,2024-12-28 18:04
SSF-216508,2024-09-26,Weekend,3599,Karnataka,Beach,2024-12-28 16:10
SSF-122683,2024-12-15,Day Pass,2499,Goa,Parking,2024-12-27 18:48
SSF-827066,2024-12-11,Weekend,4499,Gujarat,North,2024-12-28 17:53
SSF-462036,2024-12-08,Weekend,4499,Goa,North,2024-12-29 15:35
SSF-439278,2024-11-16,Day Pass,2499,Maharashtra,North,2024-12-28 15:26
SSF-541848,2024-09-11,Day Pass,1999,Telangana,Parking,2024-12-29 17:40
SSF-573261,2024-09-08,Day Pass,1999,Tamil Nadu,North,2024-12-28 20:13
SSF-359772,2024-10-05,Day Pass,2499,Delhi,North,2024-12-28 19:22
SSF-830648,2024-08-30,Weekend,3599,Gujarat,Parking,2024-12-28 16:15
SSF-404651,2024-12-25,Day Pass,2499,Maharashtra,North,2024-12-28 16:39
SSF-493579,2024-10-30,Day Pass,2499,Kerala,North,2024-12-29 19:36
SSF-193268,2024-12-16,Day Pass,2499,Tamil Nadu,North,2024-12-28 16:17
SSF-905028,2024-09-16,Weekend,3599,Karnataka,Beach,2024-12-29 17:15
SSF-825237,2024-11-06,Weekend,4499,Kerala,Parking,2024-12-29 16:57
SSF-924104,2024-09-02,Weekend,3599,Tamil Nadu,North,2024-12-28 16:48
SSF-269507,2024-10-05,Day Pass,2499,Delhi,Beach,2024-12-27 18:12
SSF-202196,2024-10-22,Weekend,4499,Tamil Nadu,Parking,2024-12-28 15:11
SSF-526597,2024-11-27,Weekend,4499,Maharashtra,Beach,2024-12-27 19:01
SSF-549324,2024-09-26,Weekend,3599,Maharashtra,Beach,2024-12-27 17:54
SSF-972366,2024-12-09,Day Pass,2499,Maharashtra,Parking,2024-12-29 19:43
SSF-149306,2024-09-02,Weekend,3599,Delhi,North,2024-12-28 19:49
SSF-263923,2024-10-12,Day Pass,2499,Maharashtra,Parking,2024-12-29 17:24
SSF-834003,2024-11-21,Day Pass,2499,Gujarat,North,2024-12-28 18:52
SSF-319152,2024-09-17,VIP,7199,Kerala,North,2024-12-29 17:57
SSF-333096,2024-09-13,Weekend,3599,Delhi,North,2024-12-27 17:38
SSF-734950,2024-10-26,VIP,8999,Karnataka,Parking,2024-12-27 17:31
SSF-466859,2024-09-05,Weekend,3599,Delhi,North,2024-12-27 16:45
SSF-922709,2024-10-17,Weekend,4499,Maharashtra,Parking,2024-12-27 17:58
SSF-153542,2024-12-02,Weekend,4499,Goa,North,2024-12-29 17:31
SSF-818526,2024-11-13,Weekend,4499,Maharashtra,North,2024-12-28 16:50
SSF-525869,2024-09-13,Weekend,3599,Karnataka,Beach,2024-12-27 16:22
SSF-160958,2024-12-13,Weekend,4499,Maharashtra,North,2024-12-29 17:27
SSF-637378,2024-11-03,Weekend,4499,Karnataka,Parking,2024-12-27 18:35
SSF-989455,2024-12-02,Weekend,4499,Maharashtra,North,2024-12-27 17:16
SSF-379951,2024-12-18,Weekend,4499,Kerala,North,2024-12-27 15:31
SSF-649086,2024-10-30,Weekend,4499,Maharashtra,Parking,2024-12-27 16:20
SSF-344695,2024-11-04,Day Pass,2499,Goa,Beach,2024-12-29 17:37
SSF-181673,2024-11-02,Day Pass,2499,Karnataka,North,2024-12-27 18:46
SSF-145533,2024-09-26,Day Pass,1999,Delhi,North,2024-12-29 18:09
SSF-248489,2024-11-11,Weekend,4499,Delhi,North,2024-12-28 16:18
SSF-251483,2024-12-06,Weekend,4499,Delhi,Parking,2024-12-29 14:29
SSF-280892,2024-12-13,Day Pass,2499,Maharashtra,North,2024-12-29 19:50
SSF-412713,2024-09-19,Day Pass,1999,Goa,North,2024-12-28 17:16
SSF-869769,2024-11-03,Day Pass,2499,Maharashtra,Parking,2024-12-28 16:10
SSF-103047,2024-10-11,Day Pass,2499,Maharashtra,North,2024-12-28 16:27
SSF-481132,2024-10-11,Day Pass,2499,Goa,Beach,2024-12-27 16:50
SSF-649086,2024-10-30,Weekend,4499,Maharashtra,Beach,2024-12-29 18:02
SSF-617112,2024-09-01,Weekend,3599,Maharashtra,Parking,2024-12-28 17:24
SSF-645441,2024-10-30,Day Pass,2499,Goa,North,2024-12-27 17:36
SSF-220077,2024-11-10,Weekend,4499,Tamil Nadu,Parking,2024-12-27 17:38
SSF-145338,2024-10-27,VIP,8999,Delhi,North,2024-12-29 16:56
SSF-139894,2024-12-12,Weekend,4499,Maharashtra,Beach,2024-12-28 20:44
SSF-190342,2024-12-04,Weekend,4499,Maharashtra,North,2024-12-27 18:22
SSF-127618,2024-12-07,Day Pass,2499,Gujarat,North,2024-12-29 18:33
SSF-569328,2024-08-31,Day Pass,1999,Gujarat,Beach,2024-12-28 17:55
SSF-899872,2024-09-15,Day Pass,1999,Maharashtra,Beach,2024-12-27 16:06
SSF-273793,2024-09-11,Day Pass,1999,Karnataka,North,2024-12-27 14:00
SSF-188712,2024-10-06,Day Pass,2499,Tamil Nadu,North,2024-12-27 17:04
SSF-293788,2024-11-02,Weekend,4499,Maharashtra,North,2024-12-29 15:25
SSF-371741,2024-12-17,Weekend,4499,Maharashtra,Beach,2024-12-29 18:42
SSF-268491,2024-09-16,Weekend,3599,Goa,Parking,2024-12-28 16:42
SSF-481618,2024-10-08,Weekend,4499,Maharashtra,North,2024-12-27 19:07
SSF-662178,2024-12-02,Day Pass,2499,Maharashtra,Beach,2024-12-29 17:36
SSF-973248,2024-09-10,Day Pass,1999,Gujarat,Beach,2024-12-28 17:14
SSF-200599,2024-09-14,Day Pass,1999,Maharashtra,Beach,2024-12-29 18:16
SSF-934703,2024-12-20,Weekend,4499,Telangana,Beach,2024-12-27 17:09
SSF-546997,2024-12-20,Day Pass,2499,Maharashtra,Beach,2024-12-28 16:23
SSF-160103,2024-09-23,VIP,7199,Telangana,Beach,2024-12-27 16:24
SSF-267489,2024-11-03,Day Pass,2499,Goa,North,2024-12-28 18:12
SSF-198479,2024-10-19,VIP,8999,Maharashtra,North,2024-12-29 15:58
SSF-325683,2024-11-03,Weekend,4499,Maharashtra,North,2024-12-29 19:21
SSF-280483,2024-11-25,Day Pass,2499,Kerala,Beach,2024-12-28 17:18
SSF-237225,2024-12-03,VIP,8999,Maharashtra,North,2024-12-29 18:16
SSF-505028,2024-12-01,Day Pass,2499,Karnataka,Beach,2024-12-28 18:28
SSF-761717,2024-12-11,Weekend,4499,Karnataka,North,2024-12-27 18:47
SSF-810979,2024-08-29,VIP,7199,Maharashtra,North,2024-12-28 16:03
SSF-568813,2024-12-14,Weekend,4499,Maharashtra,Beach,2024-12-27 19:42
SSF-577518,2024-11-18,VIP,8999,Goa,Beach,2024-12-27 15:56
SSF-450698,2024-09-22,Day Pass,1999,Goa,North,2024-12-27 17:25
SSF-663986,2024-09-25,Day Pass,1999,Tamil Nadu,Parking,2024-12-28 18:47
SSF-117828,2024-08-30,Weekend,3599,Goa,Parking,2024-12-27 17:52
SSF-161214,2024-12-16,Weekend,4499,Goa,North,2024-12-27 16:20
SSF-929378,2024-09-05,Weekend,3599,Maharashtra,North,2024-12-28 20:40
SSF-202902,2024-12-15,Weekend,4499,Karnataka,Beach,2024-12-28 17:41
SSF-841071,2024-11-12,Weekend,4499,Goa,North,2024-12-29 18:22
SSF-748620,2024-11-08,Weekend,4499,Delhi,North,2024-12-28 17:50
SSF-896356,2024-09-22,Day Pass,1999,Goa,Parking,2024-12-27 18:30
SSF-221636,2024-09-10,Day Pass,1999,Kerala,North,2024-12-27 19:06
SSF-352976,2024-12-21,Weekend,4499,Maharashtra,Beach,2024-12-27 18:36
SSF-205783,2024-09-05,Day Pass,1999,Delhi,North,2024-12-28 18:21
SSF-717617,2024-11-06,Day Pass,2499,Karnataka,Parking,2024-12-28 17:07
SSF-438404,2024-11-13,Day Pass,2499,Delhi,North,2024-12-29 17:16
SSF-476355,2024-10-26,Day Pass,2499,Karnataka,North,2024-12-29 16:30
SSF-911215,2024-09-14,Day Pass,1999,Telangana,North,2024-12-27 20:01
SSF-506222,2024-11-14,Weekend,4499,Maharashtra,North,2024-12-27 18:04
SSF-550228,2024-10-05,Weekend,4499,Maharashtra,Beach,2024-12-28 17:42
SSF-293545,2024-11-06,VIP,8999,Delhi,North,2024-12-28 18:03
SSF-313590,2024-08-30,Weekend,3599,Karnataka,Beach,2024-12-28 16:48
SSF-271252,2024-09-15,Weekend,3599,Delhi,North,2024-12-29 17:08
SSF-149579,2024-10-07,Day Pass,2499,Maharashtra,Beach,2024-12-27 17:42
SSF-411229,2024-12-19,VIP,8999,Maharashtra,North,2024-12-28 17:23
SSF-893518,2024-09-13,VIP,7199,Delhi,North,2024-12-27 18:07
SSF-547740,2024-09-10,Day Pass,1999,Maharashtra,Parking,2024-12-27 14:42
SSF-854541,2024-10-16,Day Pass,2499,Maharashtra,North,2024-12-28 17:24
SSF-299646,2024-10-07,Day Pass,2499,Karnataka,North,2024-12-29 16:27
SSF-844565,2024-10-18,Weekend,4499,Goa,North,2024-12-28 17:11
SSF-741044,2024-12-03,Day Pass,2499,Kerala,North,2024-12-28 17:04
SSF-695797,2024-11-17,Day Pass,2499,Maharashtra,North,2024-12-27 17:32
SSF-637634,2024-09-17,Day Pass,1999,Delhi,Beach,2024-12-29 17:34
SSF-949485,2024-09-21,VIP,7199,Telangana,Parking,2024-12-28 17:27
SSF-256922,2024-12-14,Weekend,4499,Tamil Nadu,North,2024-12-27 18:04
SSF-719268,2024-11-19,Day Pass,2499,Telangana,Beach,2024-12-29 18:13
SSF-990396,2024-11-30,Day Pass,2499,Maharashtra,Beach,2024-12-29 16:40
SSF-468220,2024-10-04,Day Pass,2499,Gujarat,Beach,2024-12-28 15:18
SSF-122683,2024-12-15,Day Pass,2499,Goa,Beach,2024-12-27 17:06
SSF-514619,2024-11-24,Weekend,4499,Goa,Beach,2024-12-27 16:52
SSF-554988,2024-12-03,Day Pass,2499,Delhi,North,2024-12-27 17:00
SSF-407405,2024-11-01,Weekend,4499,Karnataka,Beach,2024-12-28 18:57
SSF-711534,2024-10-12,Weekend,4499,Telangana,Parking,2024-12-28 15:50
SSF-974162,2024-10-30,Day Pass,2499,Delhi,North,2024-12-29 18:34
SSF-271758,2024-12-01,Day Pass,2499,Telangana,Beach,2024-12-27 17:27
SSF-109559,2024-10-22,Day Pass,2499,Maharashtra,Parking,2024-12-28 19:29
SSF-853128,2024-10-17,Weekend,4499,Maharashtra,North,2024-12-29 16:25
SSF-456818,2024-09-02,Weekend,3599,Goa,North,2024-12-27 15:12
SSF-705046,2024-12-24,Weekend,4499,Telangana,Beach,2024-12-28 17:38
SSF-945517,2024-11-09,VIP,8999,Maharashtra,North,2024-12-27 16:47
SSF-821022,2024-12-01,Day Pass,2499,Maharashtra,North,2024-12-27 17:07
SSF-393629,2024-11-01,Day Pass,2499,Gujarat,North,2024-12-28 20:28
SSF-331023,2024-10-07,Weekend,4499,Maharashtra,Beach,2024-12-27 16:52
SSF-883132,2024-10-22,Weekend,4499,Goa,North,2024-12-28 18:54
SSF-510067,2024-09-24,Day Pass,1999,Karnataka,Parking,2024-12-28 16:56
SSF-260609,2024-12-18,Day Pass,2499,Gujarat,Beach,2024-12-27 18:49
SSF-887856,2024-12-10,Day Pass,2499,Telangana,North,2024-12-28 17:06
SSF-834212,2024-11-20,VIP,8999,Gujarat,North,2024-12-27 16:24
SSF-785066,2024-12-04,Day Pass,2499,Maharashtra,North,2024-12-27 18:49
SSF-373790,2024-10-21,Day Pass,2499,Delhi,Beach,2024-12-28 17:19
SSF-398589,2024-10-28,Weekend,4499,Maharashtra,Beach,2024-12-27 16:19
SSF-154427,2024-11-19,Day Pass,2499,Goa,North,2024-12-29 16:18
SSF-939827,2024-10-17,Weekend,4499,Maharashtra,Beach,2024-12-27 17:31
SSF-367590,2024-12-01,Weekend,4499,Delhi,Beach,2024-12-28 16:55
SSF-390747,2024-10-30,Weekend,4499,Maharashtra,Beach,2024-12-27 15:45
SSF-826357,2024-11-24,Weekend,4499,Maharashtra,Beach,2024-12-29 16:25
SSF-867225,2024-12-08,Weekend,4499,Kerala,Parking,2024-12-29 16:29
SSF-198841,2024-09-11,Day Pass,1999,Gujarat,Parking,2024-12-28 16:26
SSF-343441,2024-11-07,VIP,8999,Delhi,Beach,2024-12-28 16:24
SSF-538251,2024-12-07,Weekend,4499,Tamil Nadu,Parking,2024-12-28 15:07
SSF-345098,2024-10-31,Day Pass,2499,Karnataka,Beach,2024-12-27 18:05
SSF-847504,2024-09-17,Day Pass,1999,Goa,Beach,2024-12-29 15:14
SSF-587606,2024-09-28,Day Pass,2499,Maharashtra,Parking,2024-12-27 18:35
SSF-135961,2024-09-29,Day Pass,2499,Delhi,Beach,2024-12-28 16:04
SSF-742313,2024-10-10,Weekend,4499,Maharashtra,North,2024-12-28 17:22
SSF-383260,2024-10-23,Weekend,4499,Gujarat,Beach,2024-12-28 19:26
SSF-162020,2024-09-05,Day Pass,1999,Maharashtra,North,2024-12-28 18:59
SSF-518728,2024-11-12,Day Pass,2499,Gujarat,North,2024-12-28 18:02
SSF-299002,2024-12-23,Weekend,4499,Tamil Nadu,Beach,2024-12-29 17:35
SSF-202128,2024-09-30,Day Pass,2499,Maharashtra,Beach,2024-12-28 15:29
SSF-955609,2024-09-06,Day Pass,1999,Tamil Nadu,Parking,2024-12-28 16:55
SSF-557606,2024-11-19,VIP,8999,Delhi,North,2024-12-27 16:26
SSF-376741,2024-09-10,Weekend,3599,Maharashtra,Parking,2024-12-29 15:39
SSF-117911,2024-10-17,Day Pass,2499,Goa,Beach,2024-12-27 16:45
SSF-423630,2024-09-15,Weekend,3599,Goa,North,2024-12-27 17:33
SSF-705427,2024-11-21,Day Pass,2499,Maharashtra,Parking,2024-12-27 17:32
SSF-609272,2024-11-17,Day Pass,2499,Maharashtra,Parking,2024-12-28 15:46
SSF-111341,2024-10-03,Weekend,4499,Maharashtra,Parking,2024-12-29 18:18
SSF-632298,2024-09-03,Weekend,3599,Delhi,North,2024-12-27 16:19
SSF-935150,2024-10-18,Weekend,4499,Maharashtra,Parking,2024-12-29 18:40
SSF-930519,2024-12-24,Weekend,4499,Delhi,North,2024-12-29 15:16
SSF-554916,2024-10-22,Day Pass,2499,Karnataka,Beach,2024-12-27 18:19
SSF-802056,2024-09-06,Weekend,3599,Maharashtra,Beach,2024-12-27 17:31
SSF-515285,2024-10-07,VIP,8999,Maharashtra,Parking,2024-12-28 16:11
SSF-347358,2024-10-30,Weekend,4499,Gujarat,Parking,2024-12-29 17:20
SSF-792053,2024-11-08,Day Pass,2499,Goa,North,2024-12-29 19:12
SSF-895845,2024-09-16,VIP,7199,Tamil Nadu,Parking,2024-12-28 17:57
SSF-355298,2024-12-12,Weekend,4499,Maharashtra,North,2024-12-29 16:50
SSF-455547,2024-10-24,VIP,8999,Telangana,Parking,2024-12-27 15:44
SSF-909587,2024-12-09,Day Pass,2499,Maharashtra,North,2024-12-27 16:26
SSF-170242,2024-12-13,Day Pass,2499,Goa,Parking,2024-12-27 16:31
SSF-829385,2024-11-28,Weekend,4499,Kerala,Parking,2024-12-28 17:04
SSF-900940,2024-08-30,Day Pass,1999,Kerala,North,2024-12-28 17:07
SSF-966153,2024-12-23,Weekend,4499,Gujarat,Parking,2024-12-29 17:27
SSF-967402,2024-11-11,Day Pass,2499,Goa,North,2024-12-27 18:49
SSF-723761,2024-09-02,Weekend,3599,Maharashtra,Beach,2024-12-29 16:14
SSF-976887,2024-10-07,Day Pass,2499,Goa,Beach,2024-12-27 17:43
SSF-651467,2024-12-04,VIP,8999,Telangana,North,2024-12-29 18:21
SSF-790130,2024-09-25,Day Pass,1999,Maharashtra,North,2024-12-28 17:33
SSF-658634,2024-12-02,VIP,8999,Delhi,Beach,2024-12-29 19:25
SSF-347952,2024-09-26,Weekend,3599,Goa,Parking,2024-12-29 16:47
SSF-574682,2024-12-19,Day Pass,2499,Goa,Beach,2024-12-27 15:25
SSF-964138,2024-12-03,Day Pass,2499,Telangana,North,2024-12-28 18:51
SSF-596034,2024-10-14,Day Pass,2499,Gujarat,North,2024-12-27 17:09
SSF-300435,2024-10-12,Weekend,4499,Delhi,Beach,2024-12-28 16:03
SSF-433575,2024-09-20,Day Pass,1999,Gujarat,North,2024-12-27 17:02
SSF-525424,2024-12-10,VIP,8999,Delhi,Beach,2024-12-29 17:34
SSF-324956,2024-11-07,Day Pass,2499,Goa,Beach,2024-12-29 18:27
SSF-167400,2024-10-14,Weekend,4499,Telangana,North,2024-12-29 17:19
SSF-621407,2024-12-19,Weekend,4499,Maharashtra,Beach,2024-12-28 17:25
SSF-630362,2024-11-22,Weekend,4499,Tamil Nadu,Parking,2024-12-28 17:55
SSF-936931,2024-09-07,VIP,7199,Karnataka,North,2024-12-27 20:23
SSF-184955,2024-10-10,Weekend,4499,Delhi,North,2024-12-27 15:51
SSF-329166,2024-12-07,Weekend,4499,Karnataka,Beach,2024-12-27 17:01
SSF-212273,2024-11-23,Day Pass,2499,Delhi,Beach,2024-12-27 16:33
SSF-845788,2024-10-25,Weekend,4499,Delhi,North,2024-12-27 17:52
SSF-764984,2024-08-31,Day Pass,1999,Karnataka,North,2024-12-28 18:36
SSF-198353,2024-12-19,Weekend,4499,Delhi,Beach,2024-12-28 17:58
SSF-297291,2024-08-29,Weekend,3599,Maharashtra,North,2024-12-28 16:27
SSF-966086,2024-12-10,Day Pass,2499,Goa,Parking,2024-12-28 20:16
SSF-503301,2024-11-06,VIP,8999,Karnataka,Parking,2024-12-27 18:48
SSF-663402,2024-11-27,Day Pass,2499,Kerala,Beach,2024-12-27 18:04
SSF-171158,2024-11-13,Weekend,4499,Delhi,Beach,2024-12-28 16:42
SSF-817823,2024-12-18,Weekend,4499,Maharashtra,Beach,2024-12-27 17:41
SSF-382847,2024-10-02,VIP,8999,Delhi,Beach,2024-12-27 18:05
SSF-110881,2024-08-30,Weekend,3599,Delhi,Parking,2024-12-28 18:10
SSF-263833,2024-09-21,Weekend,3599,Maharashtra,Beach,2024-12-28 16:22
SSF-312025,2024-09-12,Weekend,3599,Goa,Beach,2024-12-27 18:06
SSF-744606,2024-12-17,Weekend,4499,Delhi,Beach,2024-12-28 17:27
SSF-243669,2024-08-31,Day Pass,1999,Maharashtra,Parking,2024-12-27 18:22
SSF-108980,2024-09-08,Weekend,3599,Goa,North,2024-12-28 17:39
SSF-885809,2024-10-16,Day Pass,2499,Delhi,North,2024-12-28 18:52
SSF-925585,2024-11-13,Weekend,4499,Delhi,Beach,2024-12-28 16:33
SSF-676343,2024-09-13,Day Pass,1999,Maharashtra,North,2024-12-27 19:14
SSF-514515,2024-09-28,Day Pass,2499,Karnataka,Parking,2024-12-27 16:38
SSF-840792,2024-11-23,Day Pass,2499,Kerala,North,2024-12-28 18:01
SSF-893099,2024-12-09,Weekend,4499,Goa,Beach,2024-12-27 16:17
SSF-753257,2024-12-20,Weekend,4499,Telangana,Parking,2024-12-27 16:58
SSF-473883,2024-11-18,Weekend,4499,Maharashtra,Beach,2024-12-27 17:24
SSF-429723,2024-11-28,VIP,8999,Delhi,Beach,2024-12-27 18:02
SSF-400760,2024-12-04,Weekend,4499,Gujarat,Beach,2024-12-27 18:04
SSF-961856,2024-10-10,VIP,8999,Goa,Beach,2024-12-27 18:41
SSF-127357,2024-10-16,Weekend,4499,Telangana,Beach,2024-12-28 17:08
SSF-100579,2024-09-11,Weekend,3599,Maharashtra,North,2024-12-29 18:28
SSF-825019,2024-11-28,VIP,8999,Delhi,North,2024-12-27 18:53
SSF-980090,2024-09-06,Day Pass,1999,Gujarat,Beach,2024-12-27 18:28
SSF-403135,2024-09-12,VIP,7199,Maharashtra,North,2024-12-28 19:29
SSF-217039,2024-09-25,Day Pass,1999,Delhi,Beach,2024-12-28 16:18
SSF-608759,2024-12-11,Weekend,4499,Delhi,Beach,2024-12-27 17:49
SSF-766635,2024-11-15,Day Pass,2499,Karnataka,North,2024-12-27 15:36
SSF-436349,2024-11-02,Weekend,4499,Karnataka,North,2024-12-27 16:15
SSF-874678,2024-10-08,Weekend,4499,Maharashtra,Beach,2024-12-27 15:25
SSF-558799,2024-12-07,Day Pass,2499,Delhi,North,2024-12-27 18:58
SSF-212214,2024-08-31,Day Pass,1999,Maharashtra,North,2024-12-27 17:13
SSF-355120,2024-09-02,Day Pass,1999,Delhi,North,2024-12-27 17:04
SSF-620561,2024-09-26,Weekend,3599,Kerala,Beach,2024-12-28 17:26
SSF-556752,2024-12-16,Weekend,4499,Gujarat,Parking,2024-12-27 18:38
SSF-159926,2024-10-03,VIP,8999,Delhi,North,2024-12-27 18:33
SSF-732831,2024-09-04,Day Pass,1999,Delhi,North,2024-12-28 17:37
SSF-484669,2024-10-17,Day Pass,2499,Maharashtra,Beach,2024-12-27 16:31
SSF-592580,2024-09-24,Day Pass,1999,Maharashtra,North,2024-12-29 17:15
SSF-854026,2024-09-12,Day Pass,1999,Karnataka,North,2024-12-28 18:20
SSF-167905,2024-10-23,Weekend,4499,Gujarat,North,2024-12-27 18:39
SSF-456909,2024-12-07,Weekend,4499,Telangana,North,2024-12-29 16:35
SSF-811431,2024-09-10,Weekend,3599,Goa,North,2024-12-29 15:28
SSF-143422,2024-09-06,Weekend,3599,Gujarat,Parking,2024-12-28 17:39
SSF-519691,2024-10-31,Weekend,4499,Goa,Beach,2024-12-28 18:25
SSF-836348,2024-11-24,Day Pass,2499,Goa,North,2024-12-27 17:50
SSF-460150,2024-10-23,Day Pass,2499,Telangana,Beach,2024-12-29 16:40
SSF-196766,2024-12-13,Day Pass,2499,Maharashtra,North,2024-12-27 16:45
SSF-964460,2024-10-10,Weekend,4499,Maharashtra,Beach,2024-12-27 15:58
SSF-748870,2024-10-03,Day Pass,2499,Tamil Nadu,Parking,2024-12-29 18:07
SSF-713255,2024-11-09,Day Pass,2499,Maharashtra,North,2024-12-27 17:01
SSF-289370,2024-11-26,Weekend,4499,Goa,North,2024-12-27 15:48
SSF-108227,2024-10-28,VIP,8999,Karnataka,North,2024-12-28 18:29
SSF-122683,2024-12-15,Day Pass,2499,Goa,North,2024-12-27 19:29
SSF-235754,2024-12-23,Weekend,4499,Goa,Beach,2024-12-28 17:22
SSF-667791,2024-09-17,Day Pass,1999,Goa,Beach,2024-12-29 18:09
SSF-725477,2024-11-25,Day Pass,2499,Telangana,Beach,2024-12-27 18:38
SSF-838719,2024-11-19,Day Pass,2499,Kerala,North,2024-12-27 18:08
SSF-103491,2024-10-22,Day Pass,2499,Maharashtra,North,2024-12-28 17:13
SSF-425136,2024-11-08,Weekend,4499,Maharashtra,Beach,2024-12-29 17:19
SSF-988132,2024-10-21,VIP,8999,Karnataka,North,2024-12-28 18:51
SSF-493730,2024-10-08,Weekend,4499,Telangana,North,2024-12-28 18:31
SSF-391094,2024-09-12,Day Pass,1999,Gujarat,North,2024-12-28 15:35
SSF-171962,2024-10-17,Weekend,4499,Telangana,North,2024-12-29 17:48
SSF-172670,2024-09-23,Weekend,3599,Maharashtra,Parking,2024-12-27 16:51
SSF-281392,2024-12-06,Weekend,4499,Maharashtra,North,2024-12-28 17:40
SSF-985733,2024-10-28,Day Pass,2499,Goa,North,2024-12-28 18:17
SSF-701271,2024-09-02,Day Pass,1999,Maharashtra,Parking,2024-12-28 19:04
SSF-296198,2024-12-19,Weekend,4499,Karnataka,Beach,2024-12-28 15:19
SSF-451021,2024-12-05,Weekend,4499,Goa,Parking,2024-12-27 17:54
SSF-405640,2024-11-18,Day Pass,2499,Tamil Nadu,North,2024-12-27 19:17
SSF-416678,2024-11-27,Weekend,4499,Telangana,North,2024-12-27 16:26
SSF-825840,2024-09-05,Weekend,3599,Delhi,Beach,2024-12-27 17:13
SSF-580642,2024-12-24,Day Pass,2499,Karnataka,North,2024-12-28 18:21
SSF-319967,2024-11-28,Weekend,4499,Gujarat,Parking,2024-12-27 19:00
SSF-337198,2024-10-07,Weekend,4499,Karnataka,Beach,2024-12-29 16:48
SSF-727318,2024-10-29,Weekend,4499,Delhi,North,2024-12-27 17:44
SSF-753714,2024-12-24,Weekend,4499,Delhi,Beach,2024-12-27 16:20
SSF-966736,2024-12-08,Weekend,4499,Maharashtra,Beach,2024-12-27 18:20
SSF-545530,2024-12-23,Weekend,4499,Maharashtra,North,2024-12-28 18:37
SSF-783200,2024-12-20,Weekend,4499,Telangana,Beach,2024-12-28 17:55
SSF-307624,2024-12-23,VIP,8999,Gujarat,Beach,2024-12-28 19:33
SSF-904226,2024-11-04,Weekend,4499,Maharashtra,Beach,2024-12-29 17:50
SSF-241846,2024-11-02,Weekend,4499,Kerala,Parking,2024-12-28 16:27
SSF-892154,2024-12-09,Weekend,4499,Goa,Beach,2024-12-27 17:08
SSF-920680,2024-12-09,Weekend,4499,Goa,Parking,2024-12-28 18:45
SSF-651484,2024-10-26,Day Pass,2499,Maharashtra,North,2024-12-27 15:52
SSF-980557,2024-11-06,Day Pass,2499,Kerala,Parking,2024-12-29 17:13
SSF-525707,2024-09-28,Weekend,4499,Maharashtra,North,2024-12-28 14:00
SSF-741685,2024-12-18,Day Pass,2499,Karnataka,Beach,2024-12-29 18:37
SSF-599810,2024-08-30,Day Pass,1999,Maharashtra,North,2024-12-29 18:25
SSF-586085,2024-11-05,Weekend,4499,Maharashtra,Beach,2024-12-29 16:38
SSF-172441,2024-10-07,Weekend,4499,Delhi,North,2024-12-27 17:39
SSF-517310,2024-09-20,Weekend,3599,Kerala,Parking,2024-12-27 16:20
SSF-606190,2024-11-15,Day Pass,2499,Maharashtra,Parking,2024-12-27 17:15
SSF-499448,2024-11-30,Weekend,4499,Kerala,Beach,2024-12-29 14:36
SSF-584798,2024-12-06,Day Pass,2499,Goa,Parking,2024-12-27 19:49
SSF-620393,2024-09-04,Day Pass,1999,Karnataka,North,2024-12-27 17:48
SSF-628320,2024-09-10,Day Pass,1999,Maharashtra,Beach,2024-12-28 15:59
SSF-805890,2024-10-13,Weekend,4499,Maharashtra,Beach,2024-12-28 17:05
SSF-611163,2024-09-07,Weekend,3599,Goa,North,2024-12-29 16:17
SSF-314687,2024-09-17,Weekend,3599,Karnataka,Beach,2024-12-29 18:04
SSF-664375,2024-10-14,VIP,8999,Tamil Nadu,North,2024-12-29 17:03
SSF-995276,2024-12-14,Day Pass,2499,Gujarat,Beach,2024-12-28 17:45
SSF-761164,2024-11-30,Weekend,4499,Telangana,North,2024-12-27 18:31
SSF-980891,2024-12-10,Day Pass,2499,Goa,North,2024-12-28 16:21
SSF-952732,2024-09-11,Weekend,3599,Karnataka,North,2024-12-27 18:30
SSF-904356,2024-11-06,Day Pass,2499,Tamil Nadu,North,2024-12-28 14:51
SSF-616167,2024-12-03,Day Pass,2499,Maharashtra,Beach,2024-12-27 17:29
SSF-132332,2024-11-06,Day Pass,2499,Gujarat,Beach,2024-12-29 19:39
SSF-827858,2024-09-03,Day Pass,1999,Delhi,Beach,2024-12-28 18:45
SSF-920501,2024-09-01,Weekend,3599,Maharashtra,Parking,2024-12-29 16:14
SSF-802558,2024-10-06,Day Pass,2499,Tamil Nadu,North,2024-12-28 18:24
SSF-284436,2024-09-21,Weekend,3599,Karnataka,Beach,2024-12-27 15:50
SSF-405893,2024-08-29,Weekend,3599,Maharashtra,Beach,2024-12-29 18:17
SSF-582771,2024-09-08,Day Pass,1999,Maharashtra,Beach,2024-12-29 18:11
SSF-559314,2024-09-18,Weekend,3599,Maharashtra,Beach,2024-12-27 18:57
SSF-843656,2024-11-16,Weekend,4499,Maharashtra,Beach,2024-12-28 17:07
SSF-234657,2024-11-10,Day Pass,2499,Delhi,North,2024-12-27 15:30
SSF-356722,2024-09-26,VIP,7199,Maharashtra,Parking,2024-12-29 16:55
SSF-394339,2024-10-23,Weekend,4499,Delhi,Beach,2024-12-28 17:12
SSF-229915,2024-10-18,Day Pass,2499,Delhi,Parking,2024-12-28 20:14
SSF-681926,2024-10-15,Weekend,4499,Karnataka,Beach,2024-12-28 17:13
SSF-444545,2024-11-17,Day Pass,2499,Maharashtra,North,2024-12-27 16:21
SSF-588032,2024-11-28,Weekend,4499,Karnataka,North,2024-12-28 15:22
SSF-648137,2024-10-02,Day Pass,2499,Maharashtra,Parking,2024-12-27 19:54
SSF-961468,2024-11-25,VIP,8999,Karnataka,Parking,2024-12-29 16:29
SSF-562555,2024-12-01,Day Pass,2499,Maharashtra,Parking,2024-12-29 17:11
SSF-445914,2024-11-29,Day Pass,2499,Maharashtra,North,2024-12-27 18:57
SSF-865319,2024-10-05,Weekend,4499,Delhi,Beach,2024-12-29 18:11
SSF-642678,2024-10-07,Weekend,4499,Delhi,Parking,2024-12-28 15:54
SSF-625191,2024-09-27,Weekend,4499,Maharashtra,Parking,2024-12-27 15:37
SSF-748877,2024-11-17,Day Pass,2499,Karnataka,North,2024-12-28 16:50
SSF-778766,2024-10-22,VIP,8999,Karnataka,Beach,2024-12-29 17:02
SSF-438404,2024-11-13,Day Pass,2499,Delhi,Parking,2024-12-28 15:37
SSF-643504,2024-11-09,Day Pass,2499,Delhi,North,2024-12-28 18:29
SSF-753231,2024-10-26,VIP,8999,Gujarat,North,2024-12-28 17:02
SSF-689191,2024-11-28,Weekend,4499,Goa,Beach,2024-12-27 18:08
SSF-511567,2024-08-31,Day Pass,1999,Maharashtra,North,2024-12-27 17:41
SSF-710755,2024-10-15,Weekend,4499,Maharashtra,Parking,2024-12-27 18:30
SSF-273774,2024-10-21,Weekend,4499,Kerala,Beach,2024-12-29 17:38
SSF-763836,2024-12-20,Day Pass,2499,Delhi,Beach,2024-12-29 17:57
SSF-113633,2024-10-07,Day Pass,2499,Kerala,Beach,2024-12-29 16:37
SSF-982970,2024-10-11,Day Pass,2499,Tamil Nadu,North,2024-12-28 18:18
SSF-441048,2024-11-09,Day Pass,2499,Karnataka,North,2024-12-28 17:57
SSF-649086,2024-10-30,Weekend,4499,Maharashtra,Beach,2024-12-27 15:40
SSF-772035,2024-12-06,Weekend,4499,Gujarat,Parking,2024-12-29 17:53
SSF-542292,2024-10-26,Weekend,4499,Goa,North,2024-12-27 20:31
SSF-227878,2024-11-09,Weekend,4499,Delhi,North,2024-12-28 17:43
SSF-911903,2024-11-20,Weekend,4499,Goa,Parking,2024-12-27 16:57
SSF-422899,2024-09-24,Weekend,3599,Maharashtra,Beach,2024-12-28 18:23
SSF-179056,2024-10-21,Weekend,4499,Karnataka,North,2024-12-27 17:16
SSF-877271,2024-12-17,Weekend,4499,Karnataka,North,2024-12-27 17:20
SSF-727158,2024-10-06,Weekend,4499,Telangana,Beach,2024-12-29 15:59
SSF-773064,2024-12-19,Day Pass,2499,Goa,Parking,2024-12-27 19:36
SSF-718936,2024-10-15,Weekend,4499,Maharashtra,Beach,2024-12-28 17:50
SSF-366166,2024-10-27,Weekend,4499,Maharashtra,Parking,2024-12-28 17:49
SSF-551675,2024-08-31,Day Pass,1999,Goa,Parking,2024-12-27 17:13
SSF-299537,2024-10-19,Day Pass,2499,Telangana,North,2024-12-29 18:46
SSF-976074,2024-11-19,Weekend,4499,Maharashtra,Parking,2024-12-29 18:44
SSF-291224,2024-09-28,Weekend,4499,Karnataka,North,2024-12-28 18:08
SSF-610806,2024-11-16,Weekend,4499,Maharashtra,North,2024-12-28 19:36
SSF-460064,2024-12-02,Weekend,4499,Maharashtra,Beach,2024-12-29 17:39
SSF-548665,2024-11-30,Weekend,4499,Kerala,North,2024-12-28 16:17
SSF-401304,2024-12-21,Weekend,4499,Telangana,Beach,2024-12-27 15:40
SSF-274706,2024-12-13,Day Pass,2499,Karnataka,Beach,2024-12-27 15:27
SSF-320157,2024-09-12,Day Pass,1999,Maharashtra,North,2024-12-28 17:54
SSF-151129,2024-11-03,Day Pass,2499,Goa,North,2024-12-27 18:07
SSF-892104,2024-12-13,Weekend,4499,Delhi,Parking,2024-12-29 19:14
SSF-400233,2024-11-12,Weekend,4499,Maharashtra,Parking,2024-12-28 17:00
SSF-892162,2024-10-10,Weekend,4499,Goa,Beach,2024-12-29 19:13
SSF-672159,2024-12-20,Day Pass,2499,Maharashtra,North,2024-12-28 15:20
SSF-672655,2024-09-19,Weekend,3599,Maharashtra,North,2024-12-28 19:12
SSF-110454,2024-12-07,Weekend,4499,Maharashtra,Parking,2024-12-29 18:38
SSF-976851,2024-10-22,Weekend,4499,Maharashtra,North,2024-12-27 15:00
SSF-990205,2024-12-10,Day Pass,2499,Maharashtra,Parking,2024-12-27 17:57
SSF-273006,2024-11-14,Weekend,4499,Telangana,North,2024-12-27 18:24
SSF-354465,2024-09-07,Day Pass,1999,Maharashtra,Beach,2024-12-27 17:30
SSF-759064,2024-12-16,Day Pass,2499,Maharashtra,Beach,2024-12-29 19:23
SSF-481123,2024-10-11,Day Pass,2499,Kerala,North,2024-12-27 19:54
SSF-686188,2024-11-22,Day Pass,2499,Goa,Parking,2024-12-27 19:13
SSF-247505,2024-09-03,Day Pass,1999,Delhi,North,2024-12-29 18:29
SSF-178918,2024-09-22,Day Pass,1999,Maharashtra,North,2024-12-27 16:44
SSF-894813,2024-12-02,Weekend,4499,Kerala,Parking,2024-12-29 14:34
SSF-994747,2024-12-18,Weekend,4499,Kerala,Beach,2024-12-29 17:41
SSF-374559,2024-12-18,VIP,8999,Delhi,Beach,2024-12-28 20:07
SSF-939098,2024-12-05,Day Pass,2499,Maharashtra,Beach,2024-12-29 18:09
SSF-472700,2024-11-20,Day Pass,2499,Delhi,Beach,2024-12-28 15:34
SSF-598422,2024-09-15,Weekend,3599,Karnataka,Beach,2024-12-29 17:49
SSF-753987,2024-12-01,Weekend,4499,Maharashtra,Parking,2024-12-28 16:19
SSF-276159,2024-12-14,Weekend,4499,Maharashtra,North,2024-12-27 16:27
SSF-195135,2024-11-06,Day Pass,2499,Kerala,Beach,2024-12-28 18:23
SSF-827661,2024-10-23,Day Pass,2499,Goa,North,2024-12-28 16:39
SSF-940285,2024-12-15,Weekend,4499,Delhi,Beach,2024-12-28 17:16
SSF-513176,2024-09-20,VIP,7199,Delhi,North,2024-12-29 19:06
SSF-330522,2024-11-09,Day Pass,2499,Goa,Beach,2024-12-29 18:02
SSF-513042,2024-12-14,Day Pass,2499,Karnataka,Beach,2024-12-28 15:20
SSF-773754,2024-11-08,VIP,8999,Maharashtra,Beach,2024-12-28 16:05
SSF-892587,2024-10-13,Day Pass,2499,Tamil Nadu,Beach,2024-12-27 18:10
SSF-835801,2024-12-12,Day Pass,2499,Delhi,Parking,2024-12-28 16:37
SSF-101906,2024-09-24,Day Pass,1999,Goa,Beach,2024-12-27 18:07
SSF-658553,2024-09-20,VIP,7199,Gujarat,North,2024-12-27 17:18
SSF-633759,2024-11-28,Day Pass,2499,Goa,Parking,2024-12-27 15:22
SSF-457223,2024-09-25,Day Pass,1999,Kerala,North,2024-12-27 18:38
SSF-414715,2024-11-21,Weekend,4499,Karnataka,Beach,2024-12-28 17:19
SSF-444515,2024-10-14,Day Pass,2499,Delhi,Parking,2024-12-27 18:10
SSF-274989,2024-11-28,Day Pass,2499,Karnataka,North,2024-12-28 16:37
SSF-699229,2024-11-16,Weekend,4499,Karnataka,Beach,2024-12-27 17:30
SSF-895812,2024-12-21,Day Pass,2499,Maharashtra,Parking,2024-12-28 17:56
SSF-526718,2024-10-20,Day Pass,2499,Telangana,North,2024-12-27 17:17
SSF-889474,2024-12-21,Day Pass,2499,Karnataka,Beach,2024-12-28 16:14
SSF-604368,2024-10-25,Day Pass,2499,Telangana,Beach,2024-12-29 16:54
SSF-775173,2024-10-05,Weekend,4499,Karnataka,North,2024-12-28 18:29
SSF-378428,2024-10-05,Weekend,4499,Karnataka,Parking,2024-12-29 16:23
SSF-426602,2024-11-11,Day Pass,2499,Kerala,Beach,2024-12-29 17:46
SSF-625057,2024-10-18,Day Pass,2499,Tamil Nadu,Parking,2024-12-28 16:34
SSF-879706,2024-11-13,Day Pass,2499,Karnataka,Beach,2024-12-29 17:30
SSF-788190,2024-11-23,Weekend,4499,Tamil Nadu,Parking,2024-12-27 18:23
SSF-728030,2024-10-21,Day Pass,2499,Maharashtra,North,2024-12-29 19:22
SSF-318668,2024-09-09,Day Pass,1999,Telangana,Parking,2024-12-29 20:11
SSF-171303,2024-08-28,Day Pass,1999,Karnataka,North,2024-12-27 16:29
SSF-415244,2024-12-24,Day Pass,2499,Karnataka,North,2024-12-27 18:32
SSF-858903,2024-08-29,Weekend,3599,Gujarat,North,2024-12-27 18:31
SSF-122683,2024-12-15,Day Pass,2499,Goa,Beach,2024-12-28 16:14
SSF-638835,2024-11-15,Day Pass,2499,Delhi,Beach,2024-12-27 17:15
SSF-727190,2024-10-18,Day Pass,2499,Karnataka,Beach,2024-12-27 17:09
SSF-273804,2024-09-29,VIP,8999,Karnataka,Parking,2024-12-27 20:08
SSF-184207,2024-11-10,Day Pass,2499,Maharashtra,Parking,2024-12-28 19:28
SSF-746195,2024-09-15,Weekend,3599,Delhi,Beach,2024-12-27 17:14
SSF-750767,2024-11-22,Weekend,4499,Maharashtra,North,2024-12-27 14:46
SSF-471982,2024-09-13,Weekend,3599,Delhi,North,2024-12-28 19:36
SSF-369804,2024-12-21,Weekend,4499,Karnataka,Beach,2024-12-28 16:53
SSF-447961,2024-10-31,Weekend,4499,Delhi,Parking,2024-12-28 18:35
SSF-215172,2024-09-09,Weekend,3599,Kerala,North,2024-12-28 18:41
SSF-861486,2024-12-15,Weekend,4499,Karnataka,North,2024-12-28 17:08
SSF-218107,2024-12-08,Weekend,4499,Goa,Beach,2024-12-29 16:52
SSF-382109,2024-12-18,Weekend,4499,Kerala,Parking,2024-12-29 18:03
SSF-318175,2024-11-15,Day Pass,2499,Goa,Parking,2024-12-28 18:10
SSF-395665,2024-12-25,Day Pass,2499,Goa,Parking,2024-12-28 18:24
SSF-698050,2024-09-07,Weekend,3599,Telangana,North,2024-12-27 19:41
SSF-564599,2024-12-12,Day Pass,2499,Karnataka,Parking,2024-12-27 17:09
SSF-296590,2024-10-29,Day Pass,2499,Telangana,Parking,2024-12-28 18:56
SSF-185721,2024-11-09,VIP,8999,Goa,Beach,2024-12-28 18:37
SSF-801679,2024-11-17,Weekend,4499,Telangana,Parking,2024-12-28 18:17
SSF-642327,2024-08-30,Weekend,3599,Karnataka,Beach,2024-12-29 18:24
SSF-135834,2024-10-18,Weekend,4499,Telangana,North,2024-12-28 17:53
SSF-995925,2024-12-07,Weekend,4499,Maharashtra,Parking,2024-12-28 15:01
SSF-172355,2024-11-08,Weekend,4499,Goa,Beach,2024-12-27 17:56
SSF-252109,2024-11-30,Weekend,4499,Karnataka,North,2024-12-27 17:25
SSF-474343,2024-09-29,Day Pass,2499,Maharashtra,Beach,2024-12-28 16:24
SSF-781256,2024-11-28,Day Pass,2499,Goa,Beach,2024-12-27 16:23
SSF-183678,2024-10-02,Weekend,4499,Karnataka,Beach,2024-12-27 17:17
SSF-737529,2024-10-08,Weekend,4499,Gujarat,North,2024-12-28 17:58
SSF-339523,2024-10-12,Day Pass,2499,Maharashtra,Beach,2024-12-27 18:29
SSF-518785,2024-09-28,Day Pass,2499,Goa,North,2024-12-27 16:39
SSF-196897,2024-11-20,Weekend,4499,Goa,North,2024-12-29 17:48
SSF-443520,2024-12-17,Day Pass,2499,Goa,Beach,2024-12-28 15:46
SSF-461580,2024-11-16,Day Pass,2499,Maharashtra,Beach,2024-12-28 19:18
SSF-707987,2024-09-13,Weekend,3599,Gujarat,Parking,2024-12-29 18:57
SSF-279622,2024-10-18,Day Pass,2499,Karnataka,North,2024-12-27 17:44
SSF-407451,2024-11-03,Day Pass,2499,Maharashtra,North,2024-12-29 20:10
SSF-118247,2024-10-16,Weekend,4499,Maharashtra,North,2024-12-28 17:04
SSF-241003,2024-10-06,Day Pass,2499,Telangana,Parking,2024-12-27 18:18
SSF-482151,2024-11-15,Day Pass,2499,Telangana,Beach,2024-12-28 17:08
SSF-856489,2024-10-04,Weekend,4499,Maharashtra,Parking,2024-12-27 19:02
SSF-266787,2024-09-24,Day Pass,1999,Goa,Beach,2024-12-28 16:44
SSF-234931,2024-11-26,Day Pass,2499,Maharashtra,North,2024-12-29 17:49
SSF-599005,2024-10-02,Weekend,4499,Goa,Beach,2024-12-27 18:30
SSF-796257,2024-08-28,Day Pass,1999,Goa,Beach,2024-12-29 19:04
SSF-219297,2024-10-18,Weekend,4499,Karnataka,Beach,2024-12-29 16:53
SSF-885535,2024-11-14,Day Pass,2499,Karnataka,North,2024-12-27 16:23
SSF-516008,2024-10-24,Weekend,4499,Karnataka,Beach,2024-12-28 17:28
SSF-965569,2024-11-15,Weekend,4499,Maharashtra,Beach,2024-12-29 16:52
SSF-782510,2024-09-17,Weekend,3599,Goa,Beach,2024-12-27 16:49
SSF-762908,2024-09-26,Day Pass,1999,Kerala,North,2024-12-27 15:22
SSF-853873,2024-10-08,Day Pass,2499,Maharashtra,Beach,2024-12-29 17:48
SSF-609715,2024-09-09,Day Pass,1999,Maharashtra,Parking,2024-12-29 18:44
SSF-830701,2024-09-21,Day Pass,1999,Karnataka,North,2024-12-29 16:24
SSF-307276,2024-12-19,Weekend,4499,Gujarat,North,2024-12-29 16:02
SSF-401541,2024-10-31,Day Pass,2499,Maharashtra,Parking,2024-12-29 19:08
SSF-701148,2024-11-03,Day Pass,2499,Delhi,Beach,2024-12-27 15:18
SSF-113345,2024-11-30,Weekend,4499,Goa,North,2024-12-27 16:43
SSF-369477,2024-12-13,Day Pass,2499,Goa,North,2024-12-29 16:40
SSF-695988,2024-11-13,Day Pass,2499,Delhi,North,2024-12-29 17:26
SSF-258120,2024-08-30,VIP,7199,Goa,Beach,2024-12-28 16:21
SSF-574353,2024-11-07,Day Pass,2499,Telangana,North,2024-12-27 17:27
SSF-558490,2024-11-04,Weekend,4499,Kerala,Beach,2024-12-28 17:20
SSF-681509,2024-12-23,VIP,8999,Telangana,North,2024-12-28 17:42
SSF-934138,2024-11-27,VIP,8999,Maharashtra,Parking,2024-12-27 19:14
SSF-685470,2024-10-28,Day Pass,2499,Kerala,North,2024-12-28 17:10
SSF-660877,2024-11-11,Day Pass,2499,Maharashtra,Parking,2024-12-28 17:14
SSF-704393,2024-11-25,Day Pass,2499,Telangana,Parking,2024-12-27 17:03
SSF-942963,2024-12-02,Day Pass,2499,Maharashtra,Parking,2024-12-27 16:55
SSF-851876,2024-09-08,VIP,7199,Maharashtra,Beach,2024-12-28 15:30
SSF-122003,2024-09-14,Day Pass,1999,Kerala,Beach,2024-12-28 20:07
SSF-506353,2024-11-04,Day Pass,2499,Gujarat,North,2024-12-29 17:39
SSF-570056,2024-12-16,Day Pass,2499,Maharashtra,North,2024-12-27 19:53
SSF-563452,2024-11-28,Day Pass,2499,Goa,Beach,2024-12-27 17:58
SSF-964424,2024-09-21,Day Pass,1999,Gujarat,Parking,2024-12-27 18:45
SSF-111661,2024-12-25,Day Pass,2499,Goa,Beach,2024-12-27 18:38
SSF-400970,2024-12-06,Weekend,4499,Gujarat,North,2024-12-29 16:51
SSF-144106,2024-11-22,Weekend,4499,Maharashtra,Beach,2024-12-28 16:18
SSF-401066,2024-10-10,Day Pass,2499,Maharashtra,Beach,2024-12-27 16:55
SSF-496352,2024-12-01,Day Pass,2499,Gujarat,North,2024-12-29 18:44
SSF-457381,2024-11-23,Weekend,4499,Goa,North,2024-12-28 14:54
SSF-827062,2024-11-18,Day Pass,2499,Delhi,Parking,2024-12-27 17:46
SSF-907944,2024-09-06,VIP,7199,Maharashtra,North,2024-12-29 17:52
SSF-167385,2024-09-10,Day Pass,1999,Maharashtra,Beach,2024-12-28 18:17
SSF-252138,2024-12-11,Weekend,4499,Kerala,Parking,2024-12-27 16:03
SSF-526992,2024-11-30,Day Pass,2499,Telangana,North,2024-12-28 17:55
SSF-246409,2024-12-03,Weekend,4499,Goa,North,2024-12-28 17:27
SSF-703390,2024-11-16,Day Pass,2499,Delhi,North,2024-12-28 15:33
SSF-237529,2024-09-30,Weekend,4499,Karnataka,North,2024-12-27 20:46
SSF-264220,2024-10-14,Day Pass,2499,Maharashtra,North,2024-12-27 18:07
SSF-595326,2024-11-23,Day Pass,2499,Delhi,Beach,2024-12-29 17:10
SSF-115160,2024-10-14,Weekend,4499,Telangana,Beach,2024-12-27 16:03
SSF-247396,2024-10-26,Weekend,4499,Maharashtra,North,2024-12-27 16:03
SSF-730379,2024-12-15,Day Pass,2499,Maharashtra,North,2024-12-27 16:16
SSF-410893,2024-11-30,Weekend,4499,Delhi,North,2024-12-27 15:00
SSF-445981,2024-11-03,Day Pass,2499,Maharashtra,Parking,2024-12-27 17:37
SSF-179965,2024-09-19,Weekend,3599,Delhi,North,2024-12-27 18:38
SSF-537584,2024-11-20,VIP,8999,Karnataka,Beach,2024-12-29 16:57
SSF-341939,2024-10-15,VIP,8999,Maharashtra,Parking,2024-12-28 18:23
SSF-657734,2024-08-29,Day Pass,1999,Goa,North,2024-12-29 15:25
SSF-435549,2024-12-07,Weekend,4499,Maharashtra,Beach,2024-12-28 19:59
SSF-576683,2024-09-21,Day Pass,1999,Maharashtra,Beach,2024-12-29 17:26
SSF-816668,2024-12-17,VIP,8999,Maharashtra,Beach,2024-12-28 15:54
SSF-973623,2024-12-02,Weekend,4499,Gujarat,North,2024-12-27 17:43
SSF-944352,2024-09-24,Day Pass,1999,Karnataka,North,2024-12-28 16:43
SSF-157781,2024-11-25,Day Pass,2499,Karnataka,Beach,2024-12-29 17:13
SSF-438404,2024-11-13,Day Pass,2499,Delhi,Beach,2024-12-27 17:44
SSF-362894,2024-10-11,Day Pass,2499,Karnataka,North,2024-12-28 19:14
SSF-642189,2024-11-25,Day Pass,2499,Maharashtra,Beach,2024-12-28 18:12
SSF-970576,2024-09-11,Day Pass,1999,Maharashtra,Parking,2024-12-28 18:50
SSF-112541,2024-09-17,Weekend,3599,Maharashtra,Beach,2024-12-28 14:26
SSF-328709,2024-12-19,Day Pass,2499,Maharashtra,North,2024-12-27 17:51
SSF-146098,2024-11-27,Weekend,4499,Maharashtra,North,2024-12-27 19:46
SSF-107201,2024-10-11,Weekend,4499,Gujarat,North,2024-12-28 17:21
SSF-428393,2024-10-06,Weekend,4499,Maharashtra,North,2024-12-28 17:24
SSF-254467,2024-09-13,Day Pass,1999,Tamil Nadu,Beach,2024-12-28 18:38
SSF-986199,2024-10-08,Weekend,4499,Goa,North,2024-12-28 18:39
SSF-785247,2024-10-25,Weekend,4499,Kerala,Beach,2024-12-27 18:40
SSF-989618,2024-10-27,Weekend,4499,Karnataka,Beach,2024-12-27 15:13
SSF-922754,2024-11-20,Day Pass,2499,Karnataka,Parking,2024-12-27 17:39
SSF-923664,2024-11-30,Weekend,4499,Gujarat,Parking,2024-12-27 18:43
SSF-438286,2024-08-29,Weekend,3599,Goa,North,2024-12-28 16:04
SSF-923271,2024-10-05,Day Pass,2499,Karnataka,Parking,2024-12-28 15:19
SSF-662964,2024-12-24,Weekend,4499,Maharashtra,Beach,2024-12-27 17:10
SSF-763491,2024-10-31,Weekend,4499,Maharashtra,Parking,2024-12-28 17:15
SSF-748720,2024-12-01,Day Pass,2499,Maharashtra,Parking,2024-12-27 17:38
SSF-300094,2024-09-11,VIP,7199,Maharashtra,Beach,2024-12-29 17:30
SSF-826091,2024-11-14,Weekend,4499,Delhi,Beach,2024-12-28 15:00
SSF-187623,2024-11-18,Weekend,4499,Kerala,Beach,2024-12-29 15:43
SSF-420411,2024-11-07,VIP,8999,Karnataka,Beach,2024-12-28 17:06
SSF-380155,2024-10-31,Day Pass,2499,Goa,North,2024-12-29 19:42
SSF-280149,2024-10-12,Day Pass,2499,Kerala,Parking,2024-12-29 18:27
SSF-874156,2024-11-07,Weekend,4499,Delhi,Parking,2024-12-29 17:38
SSF-775119,2024-12-01,Weekend,4499,Goa,North,2024-12-29 16:37
SSF-326175,2024-12-05,Weekend,4499,Maharashtra,Parking,2024-12-28 18:53
SSF-359273,2024-10-11,Day Pass,2499,Kerala,Parking,2024-12-28 16:20
SSF-467153,2024-11-14,Weekend,4499,Goa,Beach,2024-12-28 18:36
SSF-862606,2024-10-16,VIP,8999,Maharashtra,North,2024-12-28 17:30
SSF-486838,2024-11-01,Weekend,4499,Maharashtra,Beach,2024-12-27 18:13
SSF-903103,2024-11-16,Day Pass,2499,Maharashtra,Beach,2024-12-29 16:51
SSF-562178,2024-09-18,Weekend,3599,Kerala,Parking,2024-12-28 19:14
SSF-895128,2024-12-01,Weekend,4499,Goa,North,2024-12-29 15:10
SSF-578584,2024-09-02,Day Pass,1999,Maharashtra,North,2024-12-28 16:07
SSF-557608,2024-09-01,Day Pass,1999,Maharashtra,Parking,2024-12-27 19:12
SSF-275070,2024-09-08,VIP,7199,Gujarat,North,2024-12-27 16:17
SSF-940948,2024-09-29,Weekend,4499,Karnataka,Beach,2024-12-28 15:22
SSF-367840,2024-10-10,Day Pass,2499,Delhi,North,2024-12-27 17:44
SSF-373204,2024-09-24,Day Pass,1999,Gujarat,Parking,2024-12-27 16:52
SSF-850687,2024-10-30,Weekend,4499,Delhi,North,2024-12-29 14:38
SSF-616640,2024-12-19,Day Pass,2499,Gujarat,Parking,2024-12-27 17:39
SSF-537982,2024-09-29,Day Pass,2499,Goa,North,2024-12-27 18:09
SSF-675539,2024-09-25,Day Pass,1999,Maharashtra,North,2024-12-28 16:54
SSF-151113,2024-10-09,Day Pass,2499,Maharashtra,North,2024-12-27 16:49
SSF-885413,2024-10-16,Day Pass,2499,Maharashtra,North,2024-12-28 16:20
SSF-385285,2024-09-12,Day Pass,1999,Karnataka,North,2024-12-27 18:35
SSF-778134,2024-11-30,Weekend,4499,Maharashtra,North,2024-12-28 18:30
SSF-570527,2024-11-25,Weekend,4499,Maharashtra,North,2024-12-28 17:23
SSF-245248,2024-12-13,Day Pass,2499,Maharashtra,Parking,2024-12-27 17:54
SSF-970568,2024-09-11,Weekend,3599,Karnataka,North,2024-12-28 16:31
SSF-620831,2024-10-18,VIP,8999,Telangana,North,2024-12-29 15:31
SSF-518939,2024-11-14,Day Pass,2499,Maharashtra,Beach,2024-12-27 17:51
SSF-726174,2024-12-16,Weekend,4499,Goa,Beach,2024-12-28 16:40
SSF-449017,2024-12-18,Weekend,4499,Delhi,Beach,2024-12-28 15:14
SSF-122683,2024-12-15,Day Pass,2499,Goa,Parking,2024-12-27 16:57
SSF-959451,2024-10-18,Weekend,4499,Karnataka,North,2024-12-28 17:53
SSF-970260,2024-09-25,Day Pass,1999,Kerala,North,2024-12-29 17:13
SSF-941215,2024-10-21,Weekend,4499,Goa,Parking,2024-12-28 16:25
SSF-776307,2024-10-23,Weekend,4499,Maharashtra,North,2024-12-28 16:46
SSF-313289,2024-11-10,Day Pass,2499,Maharashtra,North,2024-12-27 17:02
SSF-260499,2024-09-25,Weekend,3599,Maharashtra,North,2024-12-27 18:27
SSF-651605,2024-09-09,Day Pass,1999,Tamil Nadu,North,2024-12-28 18:16
SSF-130377,2024-11-07,Day Pass,2499,Delhi,Beach,2024-12-28 19:33
SSF-703971,2024-10-24,Day Pass,2499,Kerala,North,2024-12-29 15:29
SSF-367659,2024-12-16,Day Pass,2499,Karnataka,Beach,2024-12-28 18:56
SSF-274760,2024-11-23,VIP,8999,Telangana,North,2024-12-27 17:34
SSF-702114,2024-09-21,Day Pass,1999,Maharashtra,Beach,2024-12-27 16:04
SSF-530847,2024-12-04,Day Pass,2499,Telangana,North,2024-12-27 18:30
SSF-406514,2024-12-14,Day Pass,2499,Maharashtra,Parking,2024-12-28 17:32
SSF-821212,2024-09-27,Day Pass,2499,Maharashtra,North,2024-12-29 18:01
SSF-441749,2024-12-23,Weekend,4499,Gujarat,North,2024-12-27 18:44
SSF-944833,2024-09-17,Day Pass,1999,Maharashtra,Parking,2024-12-27 18:43
SSF-718546,2024-10-21,Weekend,4499,Goa,North,2024-12-27 17:47
SSF-268885,2024-11-30,Day Pass,2499,Delhi,Parking,2024-12-29 17:07
SSF-658462,2024-09-28,Weekend,4499,Maharashtra,Parking,2024-12-27 18:20
SSF-114625,2024-11-18,Day Pass,2499,Gujarat,Parking,2024-12-27 17:23
SSF-388202,2024-12-20,Weekend,4499,Gujarat,North,2024-12-27 19:29
SSF-329398,2024-10-12,Day Pass,2499,Maharashtra,Beach,2024-12-28 17:29
SSF-519768,2024-08-29,Day Pass,1999,Kerala,Beach,2024-12-28 17:59
SSF-419400,2024-11-19,Day Pass,2499,Maharashtra,Beach,2024-12-28 19:17
SSF-688785,2024-09-29,Day Pass,2499,Maharashtra,Beach,2024-12-27 19:04
SSF-433609,2024-12-24,Weekend,4499,Maharashtra,Beach,2024-12-27 18:18
SSF-324726,2024-10-06,Weekend,4499,Tamil Nadu,North,2024-12-29 17:21
SSF-238912,2024-12-13,Day Pass,2499,Maharashtra,Beach,2024-12-27 18:21
SSF-717398,2024-09-01,Weekend,3599,Maharashtra,North,2024-12-28 16:16
SSF-273437,2024-10-31,Day Pass,2499,Delhi,North,2024-12-29 16:27
SSF-525420,2024-12-24,VIP,8999,Karnataka,Beach,2024-12-28 18:07
SSF-199738,2024-10-05,Day Pass,2499,Maharashtra,North,2024-12-27 18:23
SSF-672934,2024-10-22,Weekend,4499,Tamil Nadu,Beach,2024-12-29 18:36
SSF-787422,2024-10-14,VIP,8999,Goa,Beach,2024-12-27 17:22
SSF-970296,2024-11-24,Weekend,4499,Telangana,Beach,2024-12-27 17:05
SSF-212855,2024-11-09,VIP,8999,Gujarat,Beach,2024-12-27 18:22
SSF-584521,2024-09-02,Day Pass,1999,Gujarat,North,2024-12-27 17:37
SSF-705116,2024-09-28,Day Pass,2499,Maharashtra,Beach,2024-12-27 16:42
SSF-363157,2024-10-14,Weekend,4499,Maharashtra,Beach,2024-12-27 17:47
SSF-569977,2024-12-05,Weekend,4499,Maharashtra,Parking,2024-12-27 15:34
SSF-188200,2024-09-30,Day Pass,2499,Kerala,North,2024-12-28 14:00
SSF-861289,2024-12-14,Day Pass,2499,Delhi,Beach,2024-12-28 17:05
SSF-589162,2024-09-25,Weekend,3599,Karnataka,North,2024-12-28 17:49
SSF-180772,2024-11-07,Weekend,4499,Maharashtra,Parking,2024-12-29 16:53
SSF-460962,2024-09-11,Day Pass,1999,Maharashtra,North,2024-12-28 15:01
SSF-343422,2024-09-06,Day Pass,1999,Goa,North,2024-12-29 15:34
SSF-762873,2024-10-14,Day Pass,2499,Karnataka,Parking,2024-12-27 17:19
SSF-719972,2024-11-25,Weekend,4499,Maharashtra,North,2024-12-27 15:57
SSF-306073,2024-10-26,VIP,8999,Maharashtra,Beach,2024-12-27 18:24
SSF-759407,2024-12-04,Weekend,4499,Maharashtra,North,2024-12-28 18:05
SSF-417686,2024-09-18,Day Pass,1999,Goa,Parking,2024-12-27 17:56
SSF-302356,2024-11-25,VIP,8999,Goa,North,2024-12-28 17:19
SSF-897952,2024-10-02,Day Pass,2499,Telangana,North,2024-12-27 18:56
SSF-948977,2024-12-20,Day Pass,2499,Maharashtra,North,2024-12-28 18:53
SSF-102992,2024-10-18,Weekend,4499,Maharashtra,Parking,2024-12-27 19:17
SSF-218132,2024-10-28,Weekend,4499,Delhi,Beach,2024-12-28 16:51
SSF-175506,2024-10-08,Weekend,4499,Goa,Beach,2024-12-29 20:06
SSF-635112,2024-10-06,Weekend,4499,Goa,Beach,2024-12-27 17:32
SSF-874424,2024-10-23,VIP,8999,Tamil Nadu,North,2024-12-27 18:22
SSF-271769,2024-09-28,Weekend,4499,Delhi,Beach,2024-12-27 18:58
SSF-428739,2024-09-12,Day Pass,1999,Maharashtra,Beach,2024-12-27 15:42
SSF-854245,2024-12-03,Day Pass,2499,Maharashtra,North,2024-12-29 15:23
SSF-503773,2024-08-30,Day Pass,1999,Maharashtra,Beach,2024-12-29 17:46
SSF-154919,2024-11-30,Day Pass,2499,Maharashtra,Parking,2024-12-29 17:38
SSF-907666,2024-09-01,Day Pass,1999,Maharashtra,North,2024-12-29 19:01
SSF-605038,2024-08-31,Weekend,3599,Maharashtra,Beach,2024-12-27 17:29
SSF-666866,2024-10-31,Weekend,4499,Karnataka,Beach,2024-12-27 18:06
SSF-671975,2024-08-28,Day Pass,1999,Karnataka,Beach,2024-12-28 15:28
SSF-832120,2024-09-16,Weekend,3599,Maharashtra,North,2024-12-28 19:21
SSF-515424,2024-11-21,Weekend,4499,Goa,Parking,2024-12-29 19:10
SSF-394828,2024-11-04,Weekend,4499,Goa,Beach,2024-12-27 17:06
SSF-500709,2024-12-03,Weekend,4499,Karnataka,Parking,2024-12-29 17:28
SSF-606994,2024-09-21,Weekend,3599,Tamil Nadu,Beach,2024-12-28 16:54
SSF-449111,2024-11-11,Day Pass,2499,Maharashtra,North,2024-12-28 16:37
SSF-169668,2024-09-27,Weekend,4499,Karnataka,North,2024-12-27 18:25
SSF-349997,2024-09-16,Weekend,3599,Maharashtra,North,2024-12-29 17:45
SSF-337544,2024-09-25,Weekend,3599,Karnataka,North,2024-12-27 16:03
SSF-533360,2024-09-30,Weekend,4499,Kerala,Parking,2024-12-29 18:18
SSF-264737,2024-09-27,Weekend,4499,Maharashtra,North,2024-12-29 18:36
SSF-417360,2024-12-24,Day Pass,2499,Kerala,North,2024-12-28 18:02
SSF-679946,2024-11-17,Day Pass,2499,Goa,North,2024-12-27 18:33
SSF-378189,2024-10-31,Weekend,4499,Delhi,North,2024-12-28 18:17
SSF-370720,2024-09-22,Day Pass,1999,Delhi,Beach,2024-12-29 17:42
SSF-671588,2024-11-22,Weekend,4499,Karnataka,North,2024-12-29 16:45
SSF-906842,2024-11-29,Day Pass,2499,Tamil Nadu,North,2024-12-27 19:40
SSF-911336,2024-11-05,Day Pass,2499,Maharashtra,North,2024-12-28 18:57
SSF-223223,2024-09-07,Weekend,3599,Karnataka,Beach,2024-12-29 17:12
SSF-733615,2024-10-11,Day Pass,2499,Tamil Nadu,Parking,2024-12-27 17:06
SSF-288973,2024-12-07,Weekend,4499,Karnataka,Beach,2024-12-29 18:23
SSF-558574,2024-12-19,Weekend,4499,Maharashtra,Beach,2024-12-28 18:50
SSF-542992,2024-09-20,Weekend,3599,Delhi,North,2024-12-29 18:58
SSF-154227,2024-09-30,Day Pass,2499,Delhi,North,2024-12-29 20:13
SSF-303972,2024-11-12,Day Pass,2499,Telangana,Beach,2024-12-29 17:40
SSF-852113,2024-11-08,Day Pass,2499,Goa,North,2024-12-27 18:06
SSF-442292,2024-11-26,Day Pass,2499,Gujarat,North,2024-12-29 16:00
SSF-615045,2024-11-10,VIP,8999,Maharashtra,Beach,2024-12-29 17:24
SSF-126163,2024-10-14,Weekend,4499,Karnataka,Beach,2024-12-27 17:38
SSF-317244,2024-11-15,Weekend,4499,Delhi,Beach,2024-12-29 16:48
SSF-419172,2024-09-22,Day Pass,1999,Goa,North,2024-12-27 18:35
SSF-558718,2024-11-28,Weekend,4499,Goa,North,2024-12-28 19:39
SSF-492374,2024-11-18,Weekend,4499,Gujarat,North,2024-12-28 20:07
SSF-659068,2024-09-29,Weekend,4499,Goa,North,2024-12-27 19:00
SSF-141532,2024-12-13,Weekend,4499,Goa,Beach,2024-12-27 18:10
SSF-146537,2024-08-28,Weekend,3599,Goa,Parking,2024-12-28 16:26
SSF-313761,2024-12-07,Day Pass,2499,Karnataka,Beach,2024-12-29 19:28
SSF-731614,2024-10-08,Day Pass,2499,Kerala,Beach,2024-12-28 18:40
SSF-187652,2024-10-07,Weekend,4499,Goa,Parking,2024-12-28 16:19
SSF-957059,2024-11-13,Weekend,4499,Delhi,North,2024-12-29 17:24
SSF-580177,2024-11-12,Day Pass,2499,Maharashtra,North,2024-12-29 16:52
SSF-599185,2024-09-02,Weekend,3599,Delhi,Beach,2024-12-27 19:20
SSF-203372,2024-11-23,Weekend,4499,Delhi,North,2024-12-29 15:47
SSF-995410,2024-10-07,Day Pass,2499,Gujarat,Beach,2024-12-27 17:19
SSF-345150,2024-12-17,Day Pass,2499,Telangana,Beach,2024-12-29 19:39
SSF-113019,2024-09-24,Weekend,3599,Maharashtra,North,2024-12-27 16:37
SSF-430525,2024-11-23,Day Pass,2499,Delhi,Parking,2024-12-28 17:48
SSF-348898,2024-11-20,Weekend,4499,Maharashtra,Parking,2024-12-28 16:19
SSF-121536,2024-09-07,Weekend,3599,Goa,North,2024-12-28 18:59
SSF-210985,2024-09-25,Weekend,3599,Maharashtra,North,2024-12-28 17:15
SSF-593673,2024-11-14,Weekend,4499,Goa,North,2024-12-28 15:54
SSF-245147,2024-10-01,Day Pass,2499,Maharashtra,North,2024-12-28 18:30
SSF-872959,2024-11-11,Day Pass,2499,Karnataka,North,2024-12-27 17:23
SSF-469577,2024-09-25,Weekend,3599,Telangana,Beach,2024-12-28 17:07
SSF-339105,2024-09-28,Weekend,4499,Goa,Beach,2024-12-28 16:49
SSF-670385,2024-11-25,VIP,8999,Maharashtra,Parking,2024-12-29 15:29
SSF-722608,2024-11-14,Weekend,4499,Telangana,Beach,2024-12-29 17:16
SSF-646186,2024-12-13,Day Pass,2499,Maharashtra,North,2024-12-27 18:58
SSF-847642,2024-11-19,Day Pass,2499,Delhi,North,2024-12-29 16:29
SSF-815024,2024-10-01,Weekend,4499,Gujarat,Parking,2024-12-29 15:51
SSF-137110,2024-11-05,Weekend,4499,Gujarat,North,2024-12-28 16:33
SSF-151484,2024-10-25,Weekend,4499,Karnataka,Beach,2024-12-28 17:37
SSF-480727,2024-11-19,Weekend,4499,Delhi,North,2024-12-28 17:12
SSF-140910,2024-11-27,Day Pass,2499,Gujarat,Parking,2024-12-27 17:48
SSF-269965,2024-11-06,Weekend,4499,Kerala,North,2024-12-29 16:58
SSF-108714,2024-11-15,VIP,8999,Maharashtra,North,2024-12-29 17:09
SSF-307190,2024-09-06,Weekend,3599,Maharashtra,Beach,2024-12-28 18:17
SSF-857577,2024-12-04,Weekend,4499,Goa,North,2024-12-27 16:12
SSF-536356,2024-11-24,Weekend,4499,Maharashtra,Beach,2024-12-27 17:05
SSF-223849,2024-12-14,Day Pass,2499,Gujarat,North,2024-12-29 16:45
SSF-419453,2024-11-09,Weekend,4499,Tamil Nadu,North,2024-12-29 17:13
SSF-152257,2024-10-31,Weekend,4499,Karnataka,North,2024-12-28 16:12
SSF-436644,2024-09-04,Day Pass,1999,Delhi,Beach,2024-12-27 18:26
SSF-959637,2024-12-08,Weekend,4499,Goa,Parking,2024-12-29 17:08
SSF-388590,2024-10-08,VIP,8999,Maharashtra,North,2024-12-28 15:30
SSF-767243,2024-11-05,VIP,8999,Delhi,Parking,2024-12-27 15:25
SSF-376049,2024-10-09,Weekend,4499,Delhi,Beach,2024-12-27 18:16
SSF-696252,2024-12-19,Weekend,4499,Kerala,Parking,2024-12-28 15:55
SSF-503962,2024-09-16,Weekend,3599,Gujarat,Beach,2024-12-28 18:09
SSF-271958,2024-11-19,Weekend,4499,Maharashtra,North,2024-12-27 16:54
SSF-842684,2024-08-30,Weekend,3599,Karnataka,North,2024-12-27 17:07
SSF-479226,2024-11-08,Weekend,4499,Goa,North,2024-12-27 17:00
SSF-263670,2024-11-15,Weekend,4499,Delhi,North,2024-12-27 18:11
SSF-240902,2024-11-22,Weekend,4499,Tamil Nadu,Beach,2024-12-28 17:14
SSF-778245,2024-09-23,Day Pass,1999,Tamil Nadu,North,2024-12-27 15:24
SSF-307205,2024-09-23,VIP,7199,Karnataka,Beach,2024-12-28 19:37
SSF-393025,2024-11-21,Weekend,4499,Kerala,North,2024-12-29 16:21
SSF-136349,2024-11-08,Weekend,4499,Maharashtra,North,2024-12-27 16:52
SSF-252704,2024-11-27,Day Pass,2499,Karnataka,Beach,2024-12-27 17:29
SSF-428674,2024-11-06,VIP,8999,Maharashtra,Beach,2024-12-28 17:05
SSF-789320,2024-11-16,VIP,8999,Delhi,Beach,2024-12-27 18:37
SSF-361229,2024-09-22,Day Pass,1999,Maharashtra,North,2024-12-28 17:32
SSF-797456,2024-09-21,Weekend,3599,Goa,Parking,2024-12-28 18:39
SSF-802825,2024-09-03,Weekend,3599,Maharashtra,Beach,2024-12-28 14:43
SSF-241067,2024-10-10,Day Pass,2499,Karnataka,Beach,2024-12-29 18:47
SSF-672655,2024-09-19,Weekend,3599,Maharashtra,Beach,2024-12-28 18:02
SSF-168491,2024-09-30,Day Pass,2499,Karnataka,Beach,2024-12-27 18:11
SSF-311722,2024-11-24,Day Pass,2499,Gujarat,Parking,2024-12-28 17:56
SSF-963071,2024-12-16,Day Pass,2499,Goa,Parking,2024-12-28 17:45
SSF-399904,2024-08-31,Day Pass,1999,Gujarat,Parking,2024-12-29 19:05
SSF-710891,2024-11-12,VIP,8999,Maharashtra,North,2024-12-28 16:04
SSF-130770,2024-09-15,Weekend,3599,Karnataka,North,2024-12-27 17:56
SSF-703236,2024-10-25,Weekend,4499,Goa,North,2024-12-29 18:43
SSF-918949,2024-10-05,Day Pass,2499,Karnataka,North,2024-12-28 18:27
SSF-300314,2024-12-23,Weekend,4499,Gujarat,Parking,2024-12-28 17:00
SSF-570000,2024-08-30,Weekend,3599,Telangana,North,2024-12-28 18:26
SSF-215627,2024-11-07,Weekend,4499,Goa,North,2024-12-27 17:38
SSF-419249,2024-11-02,Day Pass,2499,Tamil Nadu,Beach,2024-12-29 18:23
SSF-840672,2024-12-14,VIP,8999,Karnataka,North,2024-12-28 21:28
SSF-675816,2024-11-07,Weekend,4499,Maharashtra,North,2024-12-27 19:08
SSF-742292,2024-11-16,Day Pass,2499,Telangana,Beach,2024-12-28 18:24
SSF-525739,2024-11-03,Day Pass,2499,Delhi,North,2024-12-27 17:34
SSF-266419,2024-08-31,VIP,7199,Telangana,Parking,2024-12-28 17:55
SSF-228893,2024-12-11,Weekend,4499,Delhi,Parking,2024-12-28 16:17
SSF-264671,2024-11-14,Day Pass,2499,Karnataka,Parking,2024-12-27 19:14
SSF-617307,2024-09-21,Weekend,3599,Goa,Beach,2024-12-27 18:59
SSF-762797,2024-10-31,Day Pass,2499,Telangana,Parking,2024-12-27 17:28
SSF-862649,2024-09-12,Day Pass,1999,Maharashtra,Beach,2024-12-28 17:24
SSF-394341,2024-12-04,Weekend,4499,Goa,Beach,2024-12-29 15:52
SSF-392947,2024-11-16,VIP,8999,Gujarat,North,2024-12-27 15:44
SSF-395660,2024-11-04,Weekend,4499,Maharashtra,North,2024-12-27 17:56
SSF-309158,2024-11-25,Day Pass,2499,Maharashtra,Parking,2024-12-28 18:12
SSF-724171,2024-09-28,Weekend,4499,Maharashtra,North,2024-12-28 17:00
SSF-987361,2024-12-07,VIP,8999,Maharashtra,Beach,2024-12-28 17:47
SSF-810045,2024-10-30,Weekend,4499,Maharashtra,Parking,2024-12-27 15:32
SSF-302817,2024-10-21,Weekend,4499,Delhi,Beach,2024-12-29 16:52
SSF-157233,2024-09-22,Weekend,3599,Delhi,North,2024-12-28 17:12
SSF-166320,2024-10-10,Day Pass,2499,Maharashtra,Parking,2024-12-28 15:59
SSF-597532,2024-11-01,Weekend,4499,Goa,Beach,2024-12-27 15:28
SSF-524997,2024-11-09,Weekend,4499,Maharashtra,Parking,2024-12-29 17:15
SSF-368811,2024-09-21,Day Pass,1999,Tamil Nadu,North,2024-12-27 18:16
SSF-806343,2024-09-25,Weekend,3599,Maharashtra,Beach,2024-12-27 20:27
SSF-732919,2024-09-13,Weekend,3599,Maharashtra,North,2024-12-27 17:29
SSF-945041,2024-11-05,Weekend,4499,Karnataka,North,2024-12-28 18:45
SSF-955576,2024-11-28,Weekend,4499,Tamil Nadu,Parking,2024-12-29 15:38
SSF-428257,2024-12-24,Day Pass,2499,Telangana,North,2024-12-27 18:10
SSF-872069,2024-11-13,Weekend,4499,Karnataka,Beach,2024-12-29 17:58
SSF-221537,2024-10-31,Day Pass,2499,Karnataka,Beach,2024-12-28 20:08
SSF-122683,2024-12-15,Day Pass,2499,Goa,North,2024-12-29 16:00
SSF-906614,2024-09-02,Weekend,3599,Delhi,North,2024-12-28 17:28
SSF-825799,2024-09-17,Day Pass,1999,Karnataka,North,2024-12-29 17:14
SSF-357379,2024-09-01,Day Pass,1999,Delhi,North,2024-12-28 16:29
SSF-444712,2024-09-16,Weekend,3599,Karnataka,Parking,2024-12-29 16:09
SSF-687783,2024-11-28,Day Pass,2499,Gujarat,Beach,2024-12-28 17:19
SSF-348926,2024-10-25,Day Pass,2499,Kerala,North,2024-12-29 16:35
SSF-917151,2024-09-16,Day Pass,1999,Maharashtra,Beach,2024-12-28 16:56
SSF-280352,2024-09-27,Day Pass,2499,Maharashtra,Parking,2024-12-29 17:35
SSF-261010,2024-12-04,Day Pass,2499,Karnataka,North,2024-12-27 20:50
SSF-939839,2024-12-14,Weekend,4499,Karnataka,Parking,2024-12-27 16:45
SSF-755537,2024-11-10,Day Pass,2499,Delhi,North,2024-12-28 19:50
SSF-943278,2024-09-11,Weekend,3599,Maharashtra,North,2024-12-27 17:21
SSF-967472,2024-11-14,Day Pass,2499,Gujarat,Beach,2024-12-28 16:29
SSF-715860,2024-11-18,Day Pass,2499,Delhi,Beach,2024-12-27 16:59
SSF-291411,2024-11-25,Weekend,4499,Goa,North,2024-12-28 18:30
SSF-216203,2024-11-05,Weekend,4499,Delhi,Beach,2024-12-27 16:58
SSF-685447,2024-09-08,Day Pass,1999,Tamil Nadu,North,2024-12-27 17:58
SSF-779656,2024-09-04,Weekend,3599,Gujarat,Parking,2024-12-29 17:16
SSF-438404,2024-11-13,Day Pass,2499,Delhi,Beach,2024-12-27 20:55
SSF-157508,2024-09-21,VIP,7199,Gujarat,North,2024-12-28 14:26
SSF-959957,2024-09-06,Weekend,3599,Delhi,Parking,2024-12-28 19:36
SSF-789871,2024-11-04,Weekend,4499,Karnataka,North,2024-12-27 18:03
SSF-303988,2024-09-07,Weekend,3599,Karnataka,Beach,2024-12-28 18:05
SSF-614522,2024-11-18,Weekend,4499,Delhi,Parking,2024-12-28 18:41
SSF-253514,2024-10-12,Day Pass,2499,Maharashtra,North,2024-12-29 14:51
SSF-374381,2024-09-29,Weekend,4499,Telangana,Beach,2024-12-29 16:57
SSF-646701,2024-12-13,Weekend,4499,Maharashtra,Beach,2024-12-27 17:49
SSF-805951,2024-12-22,Day Pass,2499,Maharashtra,Beach,2024-12-29 16:56
SSF-430358,2024-11-09,Weekend,4499,Goa,North,2024-12-29 18:51
SSF-197418,2024-09-04,Weekend,3599,Maharashtra,North,2024-12-28 18:35
SSF-896434,2024-12-11,Weekend,4499,Gujarat,North,2024-12-28 18:23
SSF-714851,2024-11-09,Day Pass,2499,Maharashtra,North,2024-12-28 16:15
SSF-469614,2024-09-27,Day Pass,2499,Goa,Beach,2024-12-28 19:34
SSF-604314,2024-09-04,Weekend,3599,Karnataka,North,2024-12-27 17:02
SSF-366344,2024-09-12,Day Pass,1999,Goa,North,2024-12-29 18:39
SSF-461143,2024-11-21,Weekend,4499,Gujarat,Beach,2024-12-27 18:16
SSF-529459,2024-08-29,Day Pass,1999,Maharashtra,Beach,2024-12-29 16:04
SSF-293250,2024-10-05,Day Pass,2499,Kerala,Beach,2024-12-27 17:24
SSF-953656,2024-11-09,VIP,8999,Gujarat,Beach,2024-12-29 16:18
SSF-328808,2024-11-29,Day Pass,2499,Maharashtra,Beach,2024-12-28 17:10
SSF-737602,2024-12-17,Weekend,4499,Delhi,North,2024-12-27 16:42
SSF-928623,2024-11-03,Day Pass,2499,Maharashtra,Beach,2024-12-27 16:37
SSF-868664,2024-09-23,Day Pass,1999,Karnataka,North,2024-12-29 17:16
SSF-299322,2024-10-13,Weekend,4499,Telangana,Beach,2024-12-27 17:41
SSF-260882,2024-09-16,Day Pass,1999,Tamil Nadu,Beach,2024-12-29 16:14
SSF-215338,2024-10-13,VIP,8999,Karnataka,Beach,2024-12-29 19:42
SSF-443361,2024-12-05,Weekend,4499,Gujarat,Parking,2024-12-29 18:02
SSF-379116,2024-09-16,Weekend,3599,Maharashtra,North,2024-12-28 17:46
SSF-892731,2024-12-12,Day Pass,2499,Kerala,Beach,2024-12-27 16:22
SSF-207776,2024-10-25,Weekend,4499,Gujarat,Beach,2024-12-27 19:09
SSF-345401,2024-11-06,Weekend,4499,Telangana,Parking,2024-12-28 16:58
SSF-957085,2024-10-23,Weekend,4499,Goa,North,2024-12-29 17:53
SSF-457108,2024-10-06,Weekend,4499,Maharashtra,Parking,2024-12-27 21:06
SSF-920415,2024-11-29,Day Pass,2499,Karnataka,North,2024-12-27 15:51
SSF-683195,2024-10-06,Weekend,4499,Maharashtra,North,2024-12-28 18:07
SSF-614159,2024-11-29,Weekend,4499,Kerala,Beach,2024-12-27 16:54
SSF-421850,2024-09-07,VIP,7199,Goa,Beach,2024-12-28 16:52
SSF-128854,2024-12-24,Day Pass,2499,Maharashtra,North,2024-12-28 17:25
SSF-692958,2024-10-06,Weekend,4499,Karnataka,Parking,2024-12-28 18:08
SSF-871315,2024-10-06,Weekend,4499,Maharashtra,Parking,2024-12-29 17:43
SSF-753632,2024-09-14,Weekend,3599,Goa,Beach,2024-12-28 17:52
SSF-575918,2024-11-11,VIP,8999,Gujarat,North,2024-12-29 16:58
SSF-812597,2024-11-01,Day Pass,2499,Delhi,North,2024-12-27 17:38
SSF-414401,2024-12-21,Weekend,4499,Maharashtra,Beach,2024-12-27 18:51
SSF-849669,2024-12-04,Weekend,4499,Delhi,North,2024-12-27 19:08
SSF-328118,2024-10-02,Day Pass,2499,Goa,Beach,2024-12-28 18:25
SSF-751248,2024-11-21,Weekend,4499,Maharashtra,Beach,2024-12-27 16:35
SSF-209729,2024-11-10,Weekend,4499,Telangana,North,2024-12-27 16:34
SSF-543654,2024-09-18,Weekend,3599,Karnataka,Parking,2024-12-28 19:19
SSF-517203,2024-09-13,Weekend,3599,Maharashtra,North,2024-12-28 17:23
SSF-760266,2024-12-04,Day Pass,2499,Karnataka,Beach,2024-12-27 18:35
SSF-832224,2024-09-25,Weekend,3599,Goa,Beach,2024-12-27 15:57
SSF-912388,2024-10-18,Weekend,4499,Goa,North,2024-12-27 15:52
SSF-672655,2024-09-19,Weekend,3599,Maharashtra,Parking,2024-12-27 16:07
SSF-591256,2024-10-05,Day Pass,2499,Goa,Beach,2024-12-29 17:54
SSF-270622,2024-12-09,Day Pass,2499,Delhi,North,2024-12-28 19:18
SSF-565384,2024-12-07,Weekend,4499,Kerala,Beach,2024-12-27 18:50
SSF-607784,2024-09-03,Day Pass,1999,Maharashtra,North,2024-12-28 16:21
SSF-511944,2024-11-15,Weekend,4499,Delhi,Parking,2024-12-27 17:49
SSF-483128,2024-10-27,Weekend,4499,Karnataka,Beach,2024-12-28 17:29
SSF-565110,2024-11-15,Weekend,4499,Maharashtra,North,2024-12-27 16:28
SSF-824886,2024-12-23,Day Pass,2499,Telangana,North,2024-12-28 16:50
SSF-488385,2024-11-01,Weekend,4499,Telangana,Beach,2024-12-27 17:25
SSF-695217,2024-11-28,Day Pass,2499,Maharashtra,North,2024-12-28 15:26
SSF-504704,2024-12-23,Weekend,4499,Telangana,Parking,2024-12-29 17:43
SSF-689132,2024-12-12,Weekend,4499,Gujarat,Parking,2024-12-27 15:42
SSF-283456,2024-08-30,Weekend,3599,Delhi,North,2024-12-27 18:27
SSF-214114,2024-12-14,VIP,8999,Delhi,North,2024-12-27 17:33
SSF-149058,2024-11-12,Day Pass,2499,Maharashtra,Parking,2024-12-28 16:13
SSF-907668,2024-12-20,Weekend,4499,Kerala,Parking,2024-12-27 16:02
SSF-849303,2024-11-25,Day Pass,2499,Delhi,North,2024-12-27 18:14
SSF-438404,2024-11-13,Day Pass,2499,Delhi,Parking,2024-12-29 17:30
SSF-883176,2024-11-18,Day Pass,2499,Gujarat,North,2024-12-28 15:58
SSF-771537,2024-12-08,Weekend,4499,Karnataka,Parking,2024-12-28 17:31
SSF-884714,2024-09-16,Day Pass,1999,Maharashtra,Beach,2024-12-27 17:52
SSF-569148,2024-10-10,Day Pass,2499,Karnataka,North,2024-12-27 18:29
SSF-534190,2024-11-06,Day Pass,2499,Maharashtra,North,2024-12-27 19:16
SSF-737782,2024-11-12,Day Pass,2499,Telangana,North,2024-12-27 19:13
SSF-557562,2024-12-21,VIP,8999,Goa,Parking,2024-12-28 18:42
SSF-782311,2024-12-25,Weekend,4499,Maharashtra,Beach,2024-12-27 18:52
SSF-432148,2024-12-07,Weekend,4499,Karnataka,Beach,2024-12-27 16:14
SSF-902066,2024-12-24,Day Pass,2499,Tamil Nadu,North,2024-12-27 16:02
SSF-361249,2024-10-27,Weekend,4499,Delhi,Beach,2024-12-28 18:16
SSF-385310,2024-09-19,Weekend,3599,Karnataka,Beach,2024-12-29 16:05
SSF-804365,2024-12-20,Weekend,4499,Karnataka,North,2024-12-28 19:24
SSF-830518,2024-11-24,Day Pass,2499,Gujarat,Beach,2024-12-27 16:50
SSF-815943,2024-09-14,Weekend,3599,Goa,Parking,2024-12-28 17:59
SSF-371906,2024-11-08,Weekend,4499,Goa,North,2024-12-28 16:53
SSF-956994,2024-11-25,Weekend,4499,Maharashtra,North,2024-12-27 17:03
SSF-350729,2024-11-14,VIP,8999,Gujarat,North,2024-12-28 17:15
SSF-478576,2024-10-05,Day Pass,2499,Kerala,Beach,2024-12-28 17:05
SSF-917056,2024-10-17,Weekend,4499,Kerala,North,2024-12-27 16:44
SSF-494871,2024-10-25,Day Pass,2499,Goa,Parking,2024-12-28 18:28
SSF-480433,2024-11-07,Day Pass,2499,Maharashtra,North,2024-12-27 19:53
SSF-823725,2024-12-10,Day Pass,2499,Gujarat,North,2024-12-27 16:19
SSF-219221,2024-09-15,Day Pass,1999,Tamil Nadu,Beach,2024-12-27 18:47
SSF-762793,2024-09-05,Day Pass,1999,Goa,North,2024-12-28 16:53
SSF-572725,2024-09-10,Day Pass,1999,Tamil Nadu,North,2024-12-27 19:14
SSF-169936,2024-10-24,Day Pass,2499,Delhi,North,2024-12-29 15:21
SSF-929632,2024-11-04,Weekend,4499,Maharashtra,North,2024-12-29 17:35
SSF-711064,2024-09-12,Weekend,3599,Maharashtra,North,2024-12-27 17:06
SSF-898611,2024-10-01,Day Pass,2499,Goa,Parking,2024-12-27 19:12
SSF-122683,2024-12-15,Day Pass,2499,Goa,North,2024-12-28 20:04
SSF-416842,2024-10-08,Weekend,4499,Tamil Nadu,Parking,2024-12-29 19:29
SSF-814584,2024-09-18,Weekend,3599,Delhi,North,2024-12-28 18:38
SSF-982538,2024-11-05,Weekend,4499,Maharashtra,Beach,2024-12-27 16:57
SSF-695781,2024-09-24,VIP,7199,Karnataka,Beach,2024-12-28 15:50
SSF-875877,2024-12-21,Day Pass,2499,Kerala,Parking,2024-12-27 19:44
SSF-578379,2024-09-30,Day Pass,2499,Maharashtra,North,2024-12-28 20:13
SSF-282829,2024-11-14,Weekend,4499,Delhi,North,2024-12-27 17:27
SSF-463995,2024-08-28,Weekend,3599,Goa,Beach,2024-12-29 18:46
SSF-592089,2024-10-04,Day Pass,2499,Karnataka,Parking,2024-12-29 18:44
SSF-777533,2024-12-14,Day Pass,2499,Karnataka,Beach,2024-12-29 18:22
SSF-440899,2024-09-07,Weekend,3599,Goa,North,2024-12-27 16:30
SSF-925301,2024-12-24,Weekend,4499,Delhi,North,2024-12-29 17:30
SSF-211587,2024-12-09,Weekend,4499,Gujarat,Parking,2024-12-27 14:22
SSF-206433,2024-10-22,Weekend,4499,Maharashtra,North,2024-12-28 17:26
SSF-155318,2024-09-02,VIP,7199,Gujarat,Parking,2024-12-29 17:26
SSF-340612,2024-11-30,Weekend,4499,Maharashtra,Parking,2024-12-27 16:45
SSF-968995,2024-10-28,Day Pass,2499,Maharashtra,Beach,2024-12-27 16:57
SSF-286706,2024-12-09,Day Pass,2499,Telangana,Beach,2024-12-27 18:21
SSF-267957,2024-09-05,VIP,7199,Goa,North,2024-12-28 16:29
SSF-817383,2024-11-03,Day Pass,2499,Telangana,North,2024-12-28 18:27
SSF-473937,2024-10-23,Day Pass,2499,Karnataka,North,2024-12-29 18:46
SSF-886046,2024-10-08,VIP,8999,Maharashtra,Beach,2024-12-27 17:08
SSF-843511,2024-09-04,Weekend,3599,Gujarat,North,2024-12-27 15:05
SSF-107843,2024-10-01,Weekend,4499,Maharashtra,Parking,2024-12-29 17:21
SSF-649013,2024-08-28,Weekend,3599,Tamil Nadu,Parking,2024-12-27 18:03
SSF-334385,2024-10-03,Day Pass,2499,Maharashtra,Parking,2024-12-27 17:15
SSF-944841,2024-09-13,Day Pass,1999,Maharashtra,North,2024-12-29 19:54
SSF-313431,2024-11-04,Day Pass,2499,Maharashtra,North,2024-12-27 17:34
SSF-686604,2024-10-27,Day Pass,2499,Gujarat,North,2024-12-28 17:11
SSF-962792,2024-12-21,Weekend,4499,Maharashtra,Beach,2024-12-27 17:25
SSF-759692,2024-12-21,Weekend,4499,Karnataka,Beach,2024-12-28 17:15
SSF-988668,2024-12-25,Day Pass,2499,Kerala,Beach,2024-12-28 16:45
SSF-738682,2024-09-08,Day Pass,1999,Maharashtra,Beach,2024-12-27 17:13
SSF-511510,2024-10-03,Weekend,4499,Kerala,Beach,2024-12-27 16:11
SSF-752429,2024-10-22,Day Pass,2499,Delhi,Parking,2024-12-27 17:09
SSF-859445,2024-11-22,Weekend,4499,Gujarat,Parking,2024-12-27 18:15
SSF-233854,2024-10-05,Day Pass,2499,Gujarat,North,2024-12-27 16:24
SSF-712613,2024-12-17,Day Pass,2499,Goa,Beach,2024-12-29 18:58
SSF-876360,2024-12-17,VIP,8999,Tamil Nadu,North,2024-12-27 18:15
SSF-750422,2024-12-20,Weekend,4499,Gujarat,Beach,2024-12-29 16:53
SSF-663255,2024-10-28,Weekend,4499,Maharashtra,Beach,2024-12-29 16:41
SSF-624299,2024-10-22,VIP,8999,Delhi,North,2024-12-29 16:53
SSF-157205,2024-08-29,Day Pass,1999,Goa,Parking,2024-12-27 15:58
SSF-255230,2024-10-17,Weekend,4499,Karnataka,North,2024-12-29 17:07
SSF-204283,2024-11-22,Day Pass,2499,Maharashtra,Parking,2024-12-28 15:52
SSF-540488,2024-12-13,Weekend,4499,Gujarat,Beach,2024-12-27 15:13
SSF-505075,2024-09-22,Day Pass,1999,Karnataka,Parking,2024-12-27 15:44
SSF-220394,2024-11-16,Day Pass,2499,Gujarat,Beach,2024-12-27 16:15
SSF-539130,2024-11-30,Weekend,4499,Karnataka,North,2024-12-27 16:57
SSF-496089,2024-12-18,VIP,8999,Telangana,North,2024-12-28 17:23
SSF-960287,2024-11-30,Day Pass,2499,Delhi,North,2024-12-29 21:19
SSF-910163,2024-11-13,Weekend,4499,Delhi,Parking,2024-12-27 18:19
SSF-774491,2024-12-10,Day Pass,2499,Gujarat,North,2024-12-28 17:53
SSF-886179,2024-11-24,Day Pass,2499,Goa,Beach,2024-12-29 16:27
SSF-773938,2024-12-09,VIP,8999,Goa,Beach,2024-12-28 15:53
SSF-466696,2024-12-20,Day Pass,2499,Maharashtra,North,2024-12-29 17:25
SSF-108338,2024-10-04,Weekend,4499,Gujarat,North,2024-12-29 19:01
SSF-784679,2024-12-07,Day Pass,2499,Kerala,North,2024-12-29 17:17
SSF-688991,2024-11-26,Weekend,4499,Maharashtra,Beach,2024-12-27 17:18
SSF-694964,2024-10-16,Weekend,4499,Goa,Parking,2024-12-29 16:32
SSF-507015,2024-11-05,Weekend,4499,Goa,Parking,2024-12-27 18:54
SSF-799863,2024-12-05,Weekend,4499,Karnataka,North,2024-12-29 19:11
SSF-248061,2024-12-20,Day Pass,2499,Karnataka,Parking,2024-12-28 17:17
SSF-937278,2024-10-10,Weekend,4499,Gujarat,Parking,2024-12-27 17:53
SSF-257745,2024-12-14,VIP,8999,Gujarat,Beach,2024-12-28 18:50
SSF-402905,2024-11-26,VIP,8999,Maharashtra,Beach,2024-12-27 19:38
SSF-794230,2024-12-20,Weekend,4499,Gujarat,Beach,2024-12-27 16:38
SSF-626399,2024-12-21,Weekend,4499,Maharashtra,Beach,2024-12-27 17:20
SSF-952272,2024-09-23,VIP,7199,Delhi,Beach,2024-12-28 16:10
SSF-742492,2024-11-08,Day Pass,2499,Tamil Nadu,Beach,2024-12-27 15:36
SSF-440449,2024-12-13,Weekend,4499,Karnataka,North,2024-12-28 18:04
SSF-461854,2024-09-05,Weekend,3599,Goa,North,2024-12-29 14:55
SSF-310006,2024-10-03,Day Pass,2499,Maharashtra,North,2024-12-27 17:15
SSF-180462,2024-12-16,Day Pass,2499,Goa,North,2024-12-29 16:42
SSF-547703,2024-10-25,Day Pass,2499,Delhi,North,2024-12-27 18:11
SSF-186949,2024-11-30,Weekend,4499,Telangana,Beach,2024-12-27 17:24
SSF-752482,2024-11-17,Weekend,4499,Maharashtra,Beach,2024-12-29 16:40
SSF-817435,2024-11-19,Weekend,4499,Goa,North,2024-12-27 18:40
SSF-748054,2024-12-01,Weekend,4499,Kerala,North,2024-12-27 16:27
SSF-995522,2024-09-06,Weekend,3599,Maharashtra,Beach,2024-12-28 17:50
SSF-196550,2024-11-06,Day Pass,2499,Goa,Parking,2024-12-27 16:32
SSF-453961,2024-10-21,Day Pass,2499,Gujarat,Beach,2024-12-28 18:12
SSF-416434,2024-11-19,Weekend,4499,Delhi,Beach,2024-12-28 16:47
SSF-734195,2024-09-29,Weekend,4499,Goa,Parking,2024-12-28 16:58
SSF-472676,2024-11-18,Day Pass,2499,Maharashtra,North,2024-12-28 15:00
SSF-710826,2024-11-04,Weekend,4499,Goa,North,2024-12-27 16:39
SSF-537004,2024-11-08,Weekend,4499,Maharashtra,Beach,2024-12-28 17:47
SSF-235687,2024-11-04,Weekend,4499,Maharashtra,Beach,2024-12-29 17:41
SSF-781569,2024-09-16,Weekend,3599,Maharashtra,Beach,2024-12-28 18:53
SSF-802748,2024-09-15,Day Pass,1999,Maharashtra,Beach,2024-12-29 17:04
SSF-328918,2024-11-20,VIP,8999,Kerala,North,2024-12-27 19:38
SSF-572414,2024-10-07,Day Pass,2499,Kerala,Beach,2024-12-27 17:44
SSF-254023,2024-11-13,Weekend,4499,Goa,North,2024-12-28 17:10
SSF-859777,2024-12-14,Weekend,4499,Telangana,Beach,2024-12-28 16:28
SSF-372248,2024-10-25,Weekend,4499,Maharashtra,North,2024-12-28 17:31
SSF-465627,2024-09-14,Day Pass,1999,Telangana,Beach,2024-12-29 19:25
SSF-133160,2024-12-07,Day Pass,2499,Karnataka,Parking,2024-12-27 19:03
SSF-509561,2024-10-25,VIP,8999,Delhi,North,2024-12-28 17:19
SSF-117921,2024-09-22,Weekend,3599,Kerala,Beach,2024-12-27 17:48
SSF-348555,2024-12-24,Weekend,4499,Goa,Beach,2024-12-28 17:07
SSF-652272,2024-10-24,VIP,8999,Maharashtra,Beach,2024-12-28 16:47
SSF-804324,2024-11-03,Weekend,4499,Maharashtra,Beach,2024-12-28 18:46
SSF-632754,2024-10-21,Day Pass,2499,Goa,Parking,2024-12-29 18:20
SSF-672655,2024-09-19,Weekend,3599,Maharashtra,Beach,2024-12-28 19:38
SSF-430822,2024-11-11,Weekend,4499,Gujarat,North,2024-12-27 18:24
SSF-738951,2024-12-20,Day Pass,2499,Tamil Nadu,Beach,2024-12-27 18:32
SSF-837724,2024-11-07,Day Pass,2499,Gujarat,Beach,2024-12-29 17:34
SSF-385682,2024-08-28,Day Pass,1999,Goa,North,2024-12-28 17:22
SSF-815101,2024-12-13,Day Pass,2499,Delhi,North,2024-12-27 18:28
SSF-679782,2024-10-10,Day Pass,2499,Telangana,Parking,2024-12-28 15:45
SSF-534859,2024-09-08,Weekend,3599,Tamil Nadu,Beach,2024-12-27 17:24
SSF-686769,2024-10-19,Weekend,4499,Maharashtra,Beach,2024-12-28 17:20
SSF-620857,2024-11-28,Day Pass,2499,Kerala,Parking,2024-12-27 18:42
SSF-764464,2024-11-14,Day Pass,2499,Kerala,Beach,2024-12-27 18:23
SSF-247253,2024-10-06,Day Pass,2499,Karnataka,North,2024-12-29 19:12
SSF-227185,2024-12-09,Day Pass,2499,Tamil Nadu,Parking,2024-12-29 17:33
SSF-738406,2024-12-12,Weekend,4499,Tamil Nadu,Parking,2024-12-29 18:20
SSF-434631,2024-10-27,Day Pass,2499,Telangana,Beach,2024-12-27 19:52
SSF-505607,2024-12-19,Weekend,4499,Maharashtra,North,2024-12-28 16:41
SSF-955644,2024-11-10,VIP,8999,Gujarat,North,2024-12-28 16:05
SSF-689996,2024-11-01,Weekend,4499,Maharashtra,Parking,2024-12-28 21:18
SSF-831738,2024-11-22,Weekend,4499,Kerala,North,2024-12-29 15:32
SSF-154513,2024-11-20,Weekend,4499,Kerala,Beach,2024-12-28 16:23
SSF-963802,2024-11-12,Day Pass,2499,Karnataka,North,2024-12-27 17:44
SSF-622679,2024-09-27,Weekend,4499,Maharashtra,Parking,2024-12-29 18:30
SSF-297927,2024-11-22,VIP,8999,Tamil Nadu,Beach,2024-12-28 17:25
SSF-311140,2024-12-16,Day Pass,2499,Tamil Nadu,Beach,2024-12-27 17:11
SSF-922410,2024-11-30,Day Pass,2499,Maharashtra,Parking,2024-12-29 18:14
SSF-126186,2024-09-13,Day Pass,1999,Karnataka,Beach,2024-12-27 18:55
SSF-231573,2024-10-18,Weekend,4499,Gujarat,Parking,2024-12-27 17:37
SSF-867052,2024-12-04,VIP,8999,Maharashtra,Beach,2024-12-27 15:22
SSF-590521,2024-08-29,Weekend,3599,Maharashtra,North,2024-12-27 15:34
SSF-887670,2024-09-22,VIP,7199,Maharashtra,North,2024-12-28 15:49
SSF-801816,2024-09-12,Day Pass,1999,Maharashtra,North,2024-12-29 16:26
SSF-710962,2024-11-03,Weekend,4499,Gujarat,North,2024-12-28 19:13
SSF-715036,2024-09-28,Day Pass,2499,Goa,Beach,2024-12-28 18:26
SSF-492300,2024-08-29,Day Pass,1999,Karnataka,Parking,2024-12-28 15:05
SSF-587963,2024-09-26,Day Pass,1999,Kerala,North,2024-12-28 17:50
SSF-579924,2024-09-05,Day Pass,1999,Goa,Parking,2024-12-29 20:30
SSF-584701,2024-10-01,Day Pass,2499,Gujarat,North,2024-12-28 16:40
SSF-143701,2024-10-03,VIP,8999,Delhi,North,2024-12-27 17:05
SSF-320233,2024-11-06,Day Pass,2499,Gujarat,Beach,2024-12-27 18:49
SSF-801973,2024-09-05,Day Pass,1999,Maharashtra,Beach,2024-12-27 16:53
SSF-921440,2024-11-29,Weekend,4499,Maharashtra,North,2024-12-28 17:57
SSF-555106,2024-10-03,Weekend,4499,Kerala,Beach,2024-12-28 18:08
SSF-374026,2024-12-10,Day Pass,2499,Gujarat,Parking,2024-12-29 17:29
SSF-398134,2024-10-18,Day Pass,2499,Goa,Beach,2024-12-27 18:17
SSF-212164,2024-11-02,VIP,8999,Goa,Parking,2024-12-28 17:59
SSF-800536,2024-12-04,Day Pass,2499,Delhi,Beach,2024-12-27 19:45
SSF-747521,2024-11-08,Weekend,4499,Delhi,Beach,2024-12-27 17:27
SSF-169962,2024-11-15,Weekend,4499,Maharashtra,North,2024-12-27 16:34
SSF-920656,2024-11-02,Weekend,4499,Maharashtra,Beach,2024-12-29 18:49
SSF-241666,2024-09-14,Weekend,3599,Delhi,Beach,2024-12-27 19:06
SSF-233363,2024-11-10,VIP,8999,Tamil Nadu,Beach,2024-12-28 17:16
SSF-642314,2024-11-21,Day Pass,2499,Karnataka,Parking,2024-12-27 16:13
SSF-292935,2024-12-10,Day Pass,2499,Telangana,North,2024-12-27 17:17
SSF-185160,2024-10-24,Weekend,4499,Maharashtra,Parking,2024-12-28 17:00
SSF-224420,2024-12-03,Day Pass,2499,Goa,North,2024-12-28 18:17
SSF-870935,2024-09-27,Weekend,4499,Goa,Beach,2024-12-29 18:31
SSF-349808,2024-12-20,Day Pass,2499,Karnataka,Parking,2024-12-29 18:05
SSF-103557,2024-10-23,Day Pass,2499,Maharashtra,Beach,2024-12-28 14:58
SSF-114919,2024-10-27,Day Pass,2499,Gujarat,Beach,2024-12-29 16:17
SSF-699948,2024-11-15,Weekend,4499,Maharashtra,Beach,2024-12-28 15:15
SSF-812886,2024-11-25,Weekend,4499,Kerala,North,2024-12-27 17:11
SSF-151928,2024-09-10,Weekend,3599,Maharashtra,North,2024-12-29 17:14
SSF-438462,2024-10-03,Day Pass,2499,Goa,Beach,2024-12-28 18:34
SSF-167166,2024-09-14,Day Pass,1999,Delhi,Beach,2024-12-27 18:03
SSF-749862,2024-11-22,VIP,8999,Karnataka,Beach,2024-12-27 19:46
SSF-716271,2024-11-20,Weekend,4499,Karnataka,North,2024-12-27 19:56
SSF-550512,2024-10-08,Day Pass,2499,Goa,Parking,2024-12-29 15:51
SSF-808527,2024-12-15,Weekend,4499,Maharashtra,Parking,2024-12-27 15:54
SSF-818721,2024-09-20,Day Pass,1999,Telangana,North,2024-12-28 19:01
SSF-865642,2024-10-21,Weekend,4499,Goa,North,2024-12-27 16:48
SSF-483869,2024-10-29,Weekend,4499,Maharashtra,North,2024-12-28 17:08
SSF-238582,2024-10-05,Weekend,4499,Maharashtra,Beach,2024-12-29 14:56
SSF-109856,2024-10-14,Day Pass,2499,Goa,Beach,2024-12-27 18:36
SSF-185662,2024-08-30,Weekend,3599,Maharashtra,Beach,2024-12-27 15:19
SSF-676505,2024-09-17,VIP,7199,Gujarat,Parking,2024-12-27 17:55
SSF-656530,2024-09-01,Weekend,3599,Kerala,North,2024-12-28 17:16
SSF-990971,2024-09-04,Day Pass,1999,Telangana,Beach,2024-12-28 17:14
SSF-855316,2024-10-06,Weekend,4499,Delhi,North,2024-12-28 15:14
SSF-260359,2024-09-11,VIP,7199,Kerala,Beach,2024-12-28 17:51
SSF-518550,2024-10-21,Day Pass,2499,Telangana,North,2024-12-28 18:27
SSF-351075,2024-12-22,Day Pass,2499,Goa,Beach,2024-12-27 14:09
SSF-658236,2024-10-17,Day Pass,2499,Goa,Beach,2024-12-28 20:13
SSF-344484,2024-09-07,Weekend,3599,Goa,Parking,2024-12-27 17:14
SSF-181921,2024-09-02,Weekend,3599,Telangana,Beach,2024-12-28 16:08
SSF-540325,2024-11-23,Day Pass,2499,Karnataka,Parking,2024-12-27 17:49
SSF-672655,2024-09-19,Weekend,3599,Maharashtra,Beach,2024-12-28 17:54
SSF-226251,2024-10-30,Weekend,4499,Tamil Nadu,North,2024-12-27 16:07
SSF-986473,2024-11-14,VIP,8999,Kerala,Parking,2024-12-27 17:26
SSF-916120,2024-09-22,Day Pass,1999,Maharashtra,Beach,2024-12-29 16:59
SSF-806684,2024-10-06,Day Pass,2499,Goa,Beach,2024-12-27 19:05
SSF-128597,2024-09-15,Day Pass,1999,Telangana,Beach,2024-12-28 19:19
SSF-647063,2024-10-01,Day Pass,2499,Maharashtra,North,2024-12-29 16:05
SSF-202364,2024-10-29,Weekend,4499,Maharashtra,Beach,2024-12-27 21:13
SSF-692089,2024-09-22,Weekend,3599,Delhi,Beach,2024-12-27 17:47
SSF-104891,2024-09-14,Weekend,3599,Tamil Nadu,Parking,2024-12-27 16:13
SSF-259154,2024-12-23,Weekend,4499,Goa,North,2024-12-28 18:18
SSF-560639,2024-11-07,Weekend,4499,Maharashtra,Parking,2024-12-28 16:18
SSF-967383,2024-09-09,Weekend,3599,Delhi,North,2024-12-27 18:12
SSF-793812,2024-12-12,Weekend,4499,Maharashtra,Beach,2024-12-28 17:04
SSF-296020,2024-09-13,Weekend,3599,Karnataka,North,2024-12-27 18:17
SSF-896413,2024-10-10,VIP,8999,Karnataka,North,2024-12-27 18:21
SSF-659217,2024-11-16,Weekend,4499,Maharashtra,Parking,2024-12-28 19:03
SSF-641826,2024-09-05,Day Pass,1999,Telangana,North,2024-12-29 18:51
SSF-154911,2024-10-16,Weekend,4499,Goa,Beach,2024-12-28 19:51
SSF-657310,2024-11-13,Day Pass,2499,Delhi,Parking,2024-12-28 18:05
SSF-456320,2024-12-14,Day Pass,2499,Delhi,Beach,2024-12-28 16:18
SSF-397430,2024-12-17,Weekend,4499,Maharashtra,Beach,2024-12-27 17:29
SSF-588292,2024-09-01,VIP,7199,Telangana,Beach,2024-12-29 16:49
SSF-880572,2024-09-16,Weekend,3599,Goa,North,2024-12-28 16:33
SSF-151458,2024-11-21,Day Pass,2499,Maharashtra,Parking,2024-12-29 18:19
SSF-853630,2024-12-21,Weekend,4499,Kerala,Beach,2024-12-27 16:26
SSF-401832,2024-12-01,Weekend,4499,Maharashtra,Beach,2024-12-27 16:07
SSF-101091,2024-12-19,Day Pass,2499,Goa,North,2024-12-28 16:36
SSF-774723,2024-09-15,Day Pass,1999,Maharashtra,Parking,2024-12-29 16:24
SSF-194832,2024-12-25,VIP,8999,Telangana,Beach,2024-12-29 16:24
SSF-832285,2024-11-16,Day Pass,2499,Goa,Parking,2024-12-29 17:04
SSF-534221,2024-11-07,VIP,8999,Maharashtra,North,2024-12-28 16:48
SSF-418638,2024-08-31,Weekend,3599,Karnataka,Beach,2024-12-29 19:36
SSF-636743,2024-12-09,Day Pass,2499,Goa,North,2024-12-28 15:57
SSF-417718,2024-09-18,Day Pass,1999,Maharashtra,Beach,2024-12-27 19:41
SSF-403257,2024-10-29,Weekend,4499,Goa,Beach,2024-12-27 16:05
SSF-567520,2024-09-21,Weekend,3599,Maharashtra,Parking,2024-12-28 17:16
SSF-127459,2024-11-25,Day Pass,2499,Maharashtra,Beach,2024-12-27 16:44
SSF-118423,2024-10-04,Weekend,4499,Goa,North,2024-12-28 16:16
SSF-122751,2024-11-25,VIP,8999,Delhi,North,2024-12-27 17:24
SSF-329233,2024-12-08,Day Pass,2499,Gujarat,Parking,2024-12-27 17:45
SSF-720613,2024-10-20,Day Pass,2499,Delhi,North,2024-12-28 18:01
SSF-789614,2024-11-18,Weekend,4499,Goa,Beach,2024-12-27 14:26
SSF-177546,2024-08-30,Day Pass,1999,Kerala,North,2024-12-27 18:57
SSF-848276,2024-12-02,Day Pass,2499,Gujarat,North,2024-12-27 19:38
SSF-549631,2024-11-02,Weekend,4499,Maharashtra,North,2024-12-29 17:38
SSF-437579,2024-12-24,Weekend,4499,Goa,North,2024-12-27 18:42
SSF-274482,2024-11-04,Weekend,4499,Goa,North,2024-12-29 17:17
SSF-113960,2024-09-16,Day Pass,1999,Karnataka,Beach,2024-12-28 17:33
SSF-519026,2024-11-19,Day Pass,2499,Maharashtra,Beach,2024-12-28 17:41
SSF-784223,2024-12-21,Weekend,4499,Telangana,Beach,2024-12-28 19:03
SSF-591299,2024-09-24,Weekend,3599,Maharashtra,North,2024-12-29 15:59
SSF-567221,2024-11-21,Day Pass,2499,Goa,North,2024-12-29 19:14
SSF-618281,2024-09-01,VIP,7199,Delhi,North,2024-12-27 17:52
SSF-672655,2024-09-19,Weekend,3599,Maharashtra,Beach,2024-12-29 16:43
SSF-686714,2024-09-11,Weekend,3599,Goa,Beach,2024-12-28 17:34
SSF-285855,2024-10-06,Weekend,4499,Delhi,Parking,2024-12-27 17:18
SSF-818143,2024-11-18,Day Pass,2499,Goa,North,2024-12-27 16:15
SSF-937516,2024-11-12,Weekend,4499,Maharashtra,Beach,2024-12-27 17:02
SSF-400111,2024-10-21,VIP,8999,Maharashtra,North,2024-12-27 16:32
SSF-876642,2024-08-30,Day Pass,1999,Goa,Beach,2024-12-27 17:14
SSF-927128,2024-11-13,VIP,8999,Karnataka,Parking,2024-12-28 21:15
SSF-757063,2024-09-17,VIP,7199,Goa,Beach,2024-12-29 17:42
SSF-375483,2024-09-08,Day Pass,1999,Maharashtra,Beach,2024-12-28 17:42
SSF-951461,2024-11-13,Weekend,4499,Maharashtra,Parking,2024-12-28 15:39
SSF-438404,2024-11-13,Day Pass,2499,Delhi,North,2024-12-29 17:46
SSF-706461,2024-10-19,Day Pass,2499,Karnataka,Parking,2024-12-28 16:54
SSF-985909,2024-10-01,Weekend,4499,Goa,Beach,2024-12-29 17:39
SSF-849087,2024-11-28,Day Pass,2499,Maharashtra,Beach,2024-12-27 17:03
SSF-248864,2024-11-14,Day Pass,2499,Kerala,North,2024-12-28 17:56
SSF-493826,2024-12-17,Day Pass,2499,Delhi,North,2024-12-28 19:15
SSF-701272,2024-11-11,Day Pass,2499,Goa,Parking,2024-12-28 17:09
SSF-577296,2024-11-23,Day Pass,2499,Kerala,Beach,2024-12-28 15:43
SSF-470060,2024-12-14,Weekend,4499,Maharashtra,Parking,2024-12-29 18:06
SSF-282105,2024-12-18,Weekend,4499,Goa,Beach,2024-12-29 16:18
SSF-339173,2024-12-23,Weekend,4499,Maharashtra,Parking,2024-12-28 18:06
SSF-284782,2024-10-09,Day Pass,2499,Goa,North,2024-12-28 15:06
SSF-623420,2024-11-05,Day Pass,2499,Maharashtra,Parking,2024-12-28 17:47
SSF-336076,2024-10-25,Day Pass,2499,Maharashtra,North,2024-12-29 16:54
SSF-735807,2024-12-12,Weekend,4499,Goa,Parking,2024-12-28 15:43
SSF-917341,2024-09-08,Day Pass,1999,Goa,North,2024-12-29 16:45
SSF-724779,2024-09-04,Weekend,3599,Maharashtra,North,2024-12-28 15:28
SSF-880067,2024-09-04,VIP,7199,Maharashtra,North,2024-12-27 17:57
SSF-862714,2024-09-07,Day Pass,1999,Goa,Parking,2024-12-28 19:22
SSF-510211,2024-11-02,Day Pass,2499,Karnataka,North,2024-12-29 16:03
SSF-813586,2024-10-08,Day Pass,2499,Goa,North,2024-12-27 17:07
SSF-350150,2024-12-04,Day Pass,2499,Tamil Nadu,North,2024-12-27 17:37
SSF-434880,2024-12-20,Weekend,4499,Tamil Nadu,North,2024-12-28 17:47
SSF-397839,2024-11-04,Day Pass,2499,Telangana,Parking,2024-12-27 17:04
SSF-404613,2024-10-11,Weekend,4499,Maharashtra,North,2024-12-27 18:45
SSF-935674,2024-11-10,Weekend,4499,Karnataka,North,2024-12-27 18:09
SSF-611748,2024-10-22,Day Pass,2499,Karnataka,North,2024-12-29 18:23
SSF-971666,2024-10-07,Day Pass,2499,Maharashtra,North,2024-12-27 16:03
SSF-362761,2024-11-18,Day Pass,2499,Delhi,Parking,2024-12-28 17:28
SSF-672889,2024-09-11,Day Pass,1999,Gujarat,North,2024-12-28 16:49
SSF-562089,2024-10-25,Day Pass,2499,Delhi,North,2024-12-27 17:41
SSF-567531,2024-10-12,Weekend,4499,Delhi,Parking,2024-12-29 14:02
SSF-829926,2024-11-21,Day Pass,2499,Goa,Beach,2024-12-28 19:07
SSF-460206,2024-10-08,Day Pass,2499,Goa,Beach,2024-12-28 18:30
SSF-915805,2024-11-12,Weekend,4499,Maharashtra,North,2024-12-27 17:23
SSF-972365,2024-11-15,Weekend,4499,Telangana,Parking,2024-12-27 17:01
SSF-123161,2024-09-08,Weekend,3599,Tamil Nadu,Beach,2024-12-28 16:42
SSF-465190,2024-11-13,Day Pass,2499,Maharashtra,Beach,2024-12-29 15:25
SSF-249152,2024-09-30,Day Pass,2499,Maharashtra,North,2024-12-29 19:12
SSF-660343,2024-12-13,Weekend,4499,Tamil Nadu,North,2024-12-27 18:27
SSF-116053,2024-10-11,Day Pass,2499,Telangana,Beach,2024-12-27 17:39
SSF-560898,2024-09-19,Weekend,3599,Telangana,North,2024-12-27 18:07
SSF-142969,2024-09-16,Weekend,3599,Goa,Beach,2024-12-29 17:05
SSF-960177,2024-09-10,VIP,7199,Karnataka,North,2024-12-28 16:48
SSF-561147,2024-10-29,Weekend,4499,Karnataka,North,2024-12-28 18:07
SSF-546153,2024-11-12,Day Pass,2499,Karnataka,Parking,2024-12-29 18:45
SSF-187272,2024-12-17,Weekend,4499,Telangana,North,2024-12-27 17:21
SSF-952598,2024-12-12,Weekend,4499,Telangana,North,2024-12-27 18:42
SSF-915120,2024-09-01,VIP,7199,Maharashtra,North,2024-12-27 15:52
SSF-106565,2024-10-21,Weekend,4499,Maharashtra,Parking,2024-12-28 16:04
SSF-123637,2024-10-06,Weekend,4499,Gujarat,North,2024-12-28 16:21
SSF-497047,2024-11-26,Day Pass,2499,Maharashtra,Parking,2024-12-27 18:56
SSF-753702,2024-12-18,Day Pass,2499,Delhi,North,2024-12-28 15:58
SSF-590799,2024-12-23,Weekend,4499,Goa,Parking,2024-12-27 18:53
SSF-928661,2024-10-28,Day Pass,2499,Goa,Parking,2024-12-28 17:28
SSF-297713,2024-09-15,Weekend,3599,Gujarat,Beach,2024-12-27 18:44
SSF-248270,2024-09-04,Day Pass,1999,Karnataka,Beach,2024-12-29 17:53
SSF-778323,2024-09-04,Weekend,3599,Kerala,North,2024-12-29 17:26
SSF-797486,2024-10-12,Day Pass,2499,Kerala,Beach,2024-12-28 17:46
SSF-539629,2024-09-06,Weekend,3599,Goa,Parking,2024-12-27 17:06
SSF-256305,2024-09-22,Day Pass,1999,Maharashtra,North,2024-12-28 17:04
SSF-978089,2024-10-10,Weekend,4499,Maharashtra,North,2024-12-27 17:41
SSF-674283,2024-10-19,VIP,8999,Karnataka,Beach,2024-12-27 17:15
SSF-968594,2024-09-22,Weekend,3599,Maharashtra,Parking,2024-12-28 17:57
SSF-122683,2024-12-15,Day Pass,2499,Goa,Parking,2024-12-28 18:53
SSF-819388,2024-10-30,Weekend,4499,Telangana,Beach,2024-12-27 17:34
SSF-897976,2024-10-05,Day Pass,2499,Maharashtra,North,2024-12-28 17:51
SSF-745781,2024-11-17,Weekend,4499,Karnataka,North,2024-12-27 18:26
SSF-469179,2024-09-11,Weekend,3599,Gujarat,North,2024-12-27 18:06
SSF-975462,2024-10-07,Weekend,4499,Kerala,Parking,2024-12-28 19:27
SSF-355229,2024-12-14,Weekend,4499,Telangana,North,2024-12-27 20:51
SSF-988160,2024-12-10,Day Pass,2499,Karnataka,North,2024-12-28 14:49
SSF-737045,2024-09-05,Day Pass,1999,Telangana,North,2024-12-27 16:24
SSF-158563,2024-11-29,Day Pass,2499,Karnataka,North,2024-12-28 17:53
SSF-402558,2024-09-09,Weekend,3599,Gujarat,North,2024-12-28 18:21
SSF-367388,2024-09-17,Weekend,3599,Delhi,Beach,2024-12-28 16:36
SSF-602702,2024-12-02,Day Pass,2499,Karnataka,North,2024-12-27 16:55
SSF-133242,2024-12-09,Day Pass,2499,Karnataka,Parking,2024-12-28 16:31
SSF-612451,2024-11-15,VIP,8999,Karnataka,Beach,2024-12-28 19:29
SSF-670042,2024-10-20,Day Pass,2499,Goa,Beach,2024-12-27 16:52
SSF-980364,2024-11-29,Weekend,4499,Telangana,Beach,2024-12-28 18:08
SSF-818838,2024-10-26,Day Pass,2499,Maharashtra,Beach,2024-12-28 17:30
SSF-828555,2024-11-02,Weekend,4499,Delhi,Parking,2024-12-29 19:04
SSF-347432,2024-10-06,Weekend,4499,Gujarat,Beach,2024-12-29 17:33
SSF-754720,2024-12-17,Day Pass,2499,Karnataka,Parking,2024-12-29 16:41
SSF-691343,2024-12-14,Day Pass,2499,Maharashtra,Beach,2024-12-27 18:01
SSF-955511,2024-10-03,Day Pass,2499,Karnataka,Parking,2024-12-27 17:36
SSF-376659,2024-10-10,VIP,8999,Gujarat,North,2024-12-29 17:31
SSF-394387,2024-10-28,VIP,8999,Goa,Parking,2024-12-28 19:02
SSF-754667,2024-09-27,VIP,8999,Karnataka,Beach,2024-12-27 16:58
SSF-159780,2024-11-26,Day Pass,2499,Maharashtra,North,2024-12-27 17:29
SSF-837399,2024-09-01,Weekend,3599,Karnataka,Parking,2024-12-28 19:48
SSF-496990,2024-12-13,Weekend,4499,Kerala,Parking,2024-12-27 17:53
SSF-208207,2024-12-11,Day Pass,2499,Maharashtra,North,2024-12-28 16:19
SSF-769555,2024-09-04,VIP,7199,Goa,North,2024-12-27 17:34
SSF-672655,2024-09-19,Weekend,3599,Maharashtra,Beach,2024-12-27 18:43
SSF-163061,2024-12-08,Weekend,4499,Kerala,Parking,2024-12-28 19:34
SSF-748969,2024-11-26,Day Pass,2499,Gujarat,Beach,2024-12-27 17:46
SSF-278011,2024-10-08,Day Pass,2499,Karnataka,Beach,2024-12-28 18:55
SSF-727834,2024-12-25,Weekend,4499,Gujarat,Beach,2024-12-27 17:45
SSF-946827,2024-10-03,Weekend,4499,Maharashtra,North,2024-12-27 17:25
SSF-224918,2024-12-10,Day Pass,2499,Maharashtra,North,2024-12-27 18:09
SSF-186365,2024-12-24,Weekend,4499,Telangana,Parking,2024-12-27 18:56
SSF-868799,2024-08-31,Weekend,3599,Maharashtra,North,2024-12-28 16:16
SSF-222205,2024-09-29,Day Pass,2499,Karnataka,North,2024-12-28 17:37
SSF-247756,2024-11-30,Day Pass,2499,Gujarat,North,2024-12-27 16:31
SSF-145649,2024-10-12,Weekend,4499,Maharashtra,Parking,2024-12-28 18:43
SSF-875181,2024-11-08,Weekend,4499,Goa,North,2024-12-29 18:22
SSF-706718,2024-11-02,Weekend,4499,Maharashtra,Beach,2024-12-27 17:45
SSF-240698,2024-09-10,Weekend,3599,Maharashtra,North,2024-12-29 17:42
SSF-425321,2024-09-09,Day Pass,1999,Maharashtra,North,2024-12-27 17:28
SSF-328394,2024-09-13,Day Pass,1999,Telangana,North,2024-12-29 16:46
SSF-513881,2024-12-01,Weekend,4499,Karnataka,North,2024-12-27 18:07
SSF-857605,2024-11-15,Day Pass,2499,Maharashtra,Parking,2024-12-28 17:51
SSF-929115,2024-11-24,Day Pass,2499,Karnataka,North,2024-12-28 18:09
SSF-905670,2024-12-07,Weekend,4499,Maharashtra,North,2024-12-29 18:38
SSF-510025,2024-09-16,Day Pass,1999,Karnataka,Beach,2024-12-29 18:49
SSF-916750,2024-09-07,Day Pass,1999,Delhi,Beach,2024-12-28 18:23
SSF-689129,2024-12-03,Day Pass,2499,Karnataka,Parking,2024-12-27 15:34
SSF-654148,2024-09-28,Day Pass,2499,Gujarat,Beach,2024-12-28 17:41
SSF-379413,2024-09-19,Weekend,3599,Delhi,North,2024-12-27 16:53
SSF-778816,2024-11-29,Day Pass,2499,Maharashtra,North,2024-12-27 17:10
SSF-774413,2024-12-07,Weekend,4499,Goa,North,2024-12-27 19:00
SSF-589133,2024-09-04,Day Pass,1999,Delhi,North,2024-12-27 15:59
SSF-757781,2024-11-20,Day Pass,2499,Telangana,North,2024-12-27 15:58
SSF-490739,2024-11-23,Day Pass,2499,Maharashtra,Beach,2024-12-28 18:28
SSF-557366,2024-09-04,Day Pass,1999,Goa,Beach,2024-12-28 17:56
SSF-798343,2024-11-03,Day Pass,2499,Delhi,North,2024-12-27 17:47
SSF-649086,2024-10-30,Weekend,4499,Maharashtra,Beach,2024-12-27 17:17
SSF-699014,2024-11-15,Weekend,4499,Goa,Beach,2024-12-27 18:26
SSF-535201,2024-10-06,Day Pass,2499,Goa,Beach,2024-12-27 14:00
SSF-596991,2024-10-18,Weekend,4499,Karnataka,North,2024-12-28 18:44
SSF-626896,2024-12-13,Day Pass,2499,Maharashtra,Beach,2024-12-28 17:29
SSF-109439,2024-12-01,Weekend,4499,Maharashtra,North,2024-12-27 18:11
SSF-722575,2024-10-03,Day Pass,2499,Karnataka,Beach,2024-12-27 15:43
SSF-215255,2024-11-20,Day Pass,2499,Delhi,North,2024-12-29 17:58
SSF-778085,2024-10-25,Weekend,4499,Karnataka,Beach,2024-12-28 15:43
SSF-732963,2024-10-23,Weekend,4499,Delhi,Beach,2024-12-27 17:06
SSF-966831,2024-12-12,Weekend,4499,Kerala,North,2024-12-28 19:11
SSF-682739,2024-09-29,Weekend,4499,Gujarat,North,2024-12-27 16:47
SSF-947643,2024-09-06,Day Pass,1999,Maharashtra,North,2024-12-27 16:40
SSF-892907,2024-09-03,Weekend,3599,Maharashtra,North,2024-12-28 17:44
SSF-188457,2024-10-26,Weekend,4499,Delhi,Beach,2024-12-27 15:40
SSF-873903,2024-11-26,Weekend,4499,Maharashtra,Beach,2024-12-27 16:39
SSF-867663,2024-12-21,Day Pass,2499,Delhi,North,2024-12-28 18:05
SSF-355566,2024-10-25,Day Pass,2499,Maharashtra,Beach,2024-12-27 17:22
SSF-934272,2024-12-10,Weekend,4499,Kerala,North,2024-12-29 19:02
SSF-865402,2024-11-01,Weekend,4499,Delhi,Beach,2024-12-27 17:09
SSF-914738,2024-09-14,VIP,7199,Delhi,North,2024-12-28 17:54
SSF-317300,2024-11-18,Weekend,4499,Goa,Parking,2024-12-27 16:12
SSF-829798,2024-09-11,Day Pass,1999,Maharashtra,North,2024-12-27 17:06
SSF-970924,2024-09-17,Weekend,3599,Maharashtra,Beach,2024-12-28 16:43
SSF-303247,2024-11-03,Weekend,4499,Delhi,Parking,2024-12-28 17:26
SSF-973222,2024-12-19,Day Pass,2499,Goa,North,2024-12-28 15:52
SSF-431621,2024-12-23,Weekend,4499,Telangana,Beach,2024-12-29 16:05
SSF-151187,2024-10-11,Day Pass,2499,Tamil Nadu,North,2024-12-29 18:02
SSF-769622,2024-10-17,Day Pass,2499,Tamil Nadu,Parking,2024-12-29 19:13
SSF-444507,2024-12-20,VIP,8999,Telangana,Beach,2024-12-29 19:19
SSF-122485,2024-12-25,Weekend,4499,Kerala,Beach,2024-12-28 19:47
SSF-237918,2024-12-09,Weekend,4499,Kerala,North,2024-12-27 19:14
SSF-195948,2024-11-01,Weekend,4499,Kerala,North,2024-12-29 15:54
SSF-292660,2024-12-10,VIP,8999,Goa,Beach,2024-12-29 16:26
SSF-291861,2024-10-28,Day Pass,2499,Maharashtra,North,2024-12-28 15:31
SSF-175392,2024-10-28,Weekend,4499,Delhi,Parking,2024-12-27 17:28
SSF-426355,2024-10-26,Weekend,4499,Maharashtra,North,2024-12-27 18:14
SSF-312829,2024-11-06,Day Pass,2499,Tamil Nadu,North,2024-12-28 15:36
SSF-491352,2024-10-07,Day Pass,2499,Gujarat,North,2024-12-27 16:54
SSF-126277,2024-09-12,Weekend,3599,Gujarat,North,2024-12-28 18:55
SSF-493086,2024-09-28,Weekend,4499,Maharashtra,Beach,2024-12-29 15:28
SSF-789688,2024-11-17,VIP,8999,Goa,Beach,2024-12-29 16:31
SSF-170530,2024-11-01,VIP,8999,Goa,Beach,2024-12-28 17:46
SSF-949520,2024-09-19,Day Pass,1999,Karnataka,Parking,2024-12-27 17:38
SSF-604471,2024-09-15,Day Pass,1999,Goa,Parking,2024-12-28 18:03
SSF-629383,2024-11-25,Weekend,4499,Maharashtra,North,2024-12-28 18:47
SSF-885493,2024-12-14,Day Pass,2499,Tamil Nadu,Beach,2024-12-28 15:52
SSF-717893,2024-10-30,VIP,8999,Telangana,North,2024-12-29 15:50
SSF-800192,2024-11-07,Day Pass,2499,Karnataka,Beach,2024-12-29 18:51
SSF-440703,2024-10-17,Day Pass,2499,Delhi,Parking,2024-12-27 16:55
SSF-851200,2024-11-06,Day Pass,2499,Karnataka,Beach,2024-12-27 14:50
SSF-249149,2024-10-24,Day Pass,2499,Karnataka,North,2024-12-28 17:32
SSF-155808,2024-10-31,Weekend,4499,Maharashtra,North,2024-12-28 16:55
SSF-230414,2024-09-13,Day Pass,1999,Maharashtra,Beach,2024-12-27 17:57
SSF-695348,2024-10-08,Day Pass,2499,Gujarat,Parking,2024-12-27 17:57
SSF-912310,2024-10-19,Day Pass,2499,Maharashtra,Parking,2024-12-29 15:04
SSF-740932,2024-11-24,Weekend,4499,Maharashtra,North,2024-12-27 16:40
SSF-698745,2024-09-02,VIP,7199,Maharashtra,Parking,2024-12-27 16:30
SSF-757869,2024-09-01,Day Pass,1999,Telangana,Beach,2024-12-27 17:05
SSF-159181,2024-09-09,Day Pass,1999,Tamil Nadu,Beach,2024-12-29 15:47
SSF-458753,2024-12-05,Weekend,4499,Karnataka,North,2024-12-27 19:20
SSF-361578,2024-10-30,VIP,8999,Karnataka,Beach,2024-12-27 17:57
SSF-866644,2024-08-28,Day Pass,1999,Karnataka,North,2024-12-28 16:37
SSF-767466,2024-09-16,Day Pass,1999,Karnataka,North,2024-12-27 16:38
SSF-535446,2024-09-05,Day Pass,1999,Maharashtra,Parking,2024-12-28 17:01
SSF-669557,2024-11-19,Day Pass,2499,Kerala,Beach,2024-12-27 18:56
SSF-853998,2024-11-06,Day Pass,2499,Maharashtra,North,2024-12-27 17:43
SSF-506314,2024-11-10,VIP,8999,Karnataka,Beach,2024-12-27 17:22
SSF-294005,2024-11-16,Day Pass,2499,Maharashtra,North,2024-12-28 17:25
SSF-354908,2024-10-03,Day Pass,2499,Karnataka,Beach,2024-12-29 17:26
SSF-728207,2024-11-19,Weekend,4499,Goa,North,2024-12-27 17:46
SSF-990743,2024-11-28,Day Pass,2499,Maharashtra,North,2024-12-28 16:23
SSF-302315,2024-12-19,Weekend,4499,Gujarat,North,2024-12-29 17:00
SSF-375989,2024-12-23,VIP,8999,Karnataka,Beach,2024-12-29 17:34
SSF-604329,2024-11-26,Day Pass,2499,Maharashtra,North,2024-12-27 17:25
SSF-814699,2024-09-18,Weekend,3599,Telangana,Beach,2024-12-28 16:16
SSF-161959,2024-08-31,Day Pass,1999,Maharashtra,Beach,2024-12-28 17:42
SSF-238246,2024-09-21,Weekend,3599,Goa,Parking,2024-12-29 16:48
SSF-658963,2024-10-04,Weekend,4499,Goa,Beach,2024-12-28 16:09
SSF-802166,2024-11-17,VIP,8999,Telangana,Parking,2024-12-28 17:03
SSF-886590,2024-11-22,Weekend,4499,Gujarat,North,2024-12-27 17:31
SSF-732553,2024-12-22,VIP,8999,Maharashtra,Parking,2024-12-29 18:10
SSF-682427,2024-09-21,Weekend,3599,Maharashtra,North,2024-12-29 18:37
SSF-299191,2024-10-31,Day Pass,2499,Gujarat,Beach,2024-12-28 18:47
SSF-268021,2024-11-17,Day Pass,2499,Maharashtra,Beach,2024-12-27 16:19
SSF-992290,2024-12-08,Weekend,4499,Maharashtra,North,2024-12-28 16:57
SSF-122683,2024-12-15,Day Pass,2499,Goa,North,2024-12-28 16:19
SSF-474155,2024-12-15,Day Pass,2499,Maharashtra,North,2024-12-28 15:41
SSF-705864,2024-11-23,Day Pass,2499,Delhi,North,2024-12-29 19:02
SSF-965718,2024-12-09,Day Pass,2499,Maharashtra,Beach,2024-12-27 20:06
SSF-247191,2024-10-08,Day Pass,2499,Goa,North,2024-12-28 16:18
SSF-285183,2024-11-12,VIP,8999,Kerala,North,2024-12-28 16:22
SSF-123009,2024-09-25,Weekend,3599,Delhi,Beach,2024-12-29 18:54
SSF-452043,2024-09-08,Day Pass,1999,Maharashtra,North,2024-12-29 18:32
SSF-904129,2024-11-14,Day Pass,2499,Maharashtra,Parking,2024-12-28 17:04
SSF-731328,2024-10-15,Day Pass,2499,Telangana,Beach,2024-12-27 17:29
SSF-210043,2024-09-02,Day Pass,1999,Karnataka,Parking,2024-12-27 17:00
SSF-859361,2024-12-14,Weekend,4499,Maharashtra,North,2024-12-28 17:16
SSF-944152,2024-11-22,Weekend,4499,Telangana,North,2024-12-27 16:51
SSF-280016,2024-11-09,Day Pass,2499,Karnataka,Parking,2024-12-29 17:56
SSF-648229,2024-12-04,Day Pass,2499,Karnataka,Beach,2024-12-28 17:54
SSF-886151,2024-11-10,Weekend,4499,Maharashtra,North,2024-12-27 17:35
SSF-595398,2024-11-22,Day Pass,2499,Goa,North,2024-12-27 17:50
SSF-217719,2024-11-11,Day Pass,2499,Kerala,Beach,2024-12-27 17:33
SSF-363516,2024-08-31,Day Pass,1999,Maharashtra,North,2024-12-27 17:41
SSF-512847,2024-12-14,Weekend,4499,Maharashtra,Beach,2024-12-27 17:09
SSF-675813,2024-12-05,Weekend,4499,Karnataka,North,2024-12-27 17:59
SSF-460937,2024-12-07,Day Pass,2499,Goa,Parking,2024-12-28 16:33
SSF-664272,2024-09-13,Day Pass,1999,Goa,North,2024-12-27 20:16
SSF-716497,2024-12-12,Day Pass,2499,Karnataka,North,2024-12-28 17:19
SSF-599256,2024-12-06,Day Pass,2499,Delhi,Parking,2024-12-28 15:52
SSF-797460,2024-11-28,Day Pass,2499,Maharashtra,North,2024-12-28 18:29
SSF-354243,2024-09-23,Day Pass,1999,Delhi,North,2024-12-27 17:35
SSF-377097,2024-12-25,Weekend,4499,Goa,North,2024-12-27 16:32
SSF-509431,2024-08-29,Weekend,3599,Delhi,Beach,2024-12-29 16:37
SSF-635537,2024-12-24,Weekend,4499,Goa,Parking,2024-12-27 17:50
SSF-713531,2024-11-15,Weekend,4499,Maharashtra,Beach,2024-12-29 14:00
SSF-999361,2024-10-06,Weekend,4499,Karnataka,North,2024-12-27 16:45
SSF-353355,2024-11-23,Day Pass,2499,Karnataka,Beach,2024-12-27 18:10
SSF-358762,2024-12-01,Weekend,4499,Maharashtra,Parking,2024-12-27 17:47
SSF-502589,2024-09-26,Day Pass,1999,Karnataka,North,2024-12-27 18:20
SSF-606480,2024-08-28,Weekend,3599,Delhi,Beach,2024-12-27 17:56
SSF-112711,2024-12-15,Day Pass,2499,Gujarat,Parking,2024-12-28 19:35
SSF-617944,2024-09-01,Weekend,3599,Gujarat,North,2024-12-27 17:39
SSF-200600,2024-12-20,Day Pass,2499,Gujarat,North,2024-12-28 15:35
SSF-508745,2024-12-09,Weekend,4499,Goa,Beach,2024-12-29 18:38
SSF-955893,2024-10-17,Day Pass,2499,Maharashtra,Beach,2024-12-28 19:56
SSF-874204,2024-11-23,Day Pass,2499,Karnataka,Beach,2024-12-28 17:36
SSF-306985,2024-09-04,Weekend,3599,Karnataka,Beach,2024-12-28 18:23
SSF-722258,2024-10-21,Day Pass,2499,Goa,Parking,2024-12-28 16:55
SSF-729080,2024-10-29,Weekend,4499,Goa,North,2024-12-27 18:01
SSF-877176,2024-12-24,Day Pass,2499,Maharashtra,North,2024-12-29 17:24
SSF-964913,2024-09-04,Day Pass,1999,Kerala,Parking,2024-12-28 19:04
SSF-492991,2024-09-12,Day Pass,1999,Maharashtra,North,2024-12-27 17:51
SSF-562628,2024-09-03,Weekend,3599,Karnataka,Parking,2024-12-27 17:58
SSF-590704,2024-09-25,Weekend,3599,Goa,Beach,2024-12-27 16:51
SSF-522840,2024-12-21,Day Pass,2499,Maharashtra,North,2024-12-28 18:08
SSF-790591,2024-11-10,Day Pass,2499,Delhi,Beach,2024-12-27 17:47
SSF-838076,2024-09-02,Day Pass,1999,Karnataka,North,2024-12-27 16:05
SSF-855381,2024-12-21,Day Pass,2499,Karnataka,North,2024-12-27 17:31
SSF-751430,2024-10-07,Day Pass,2499,Telangana,Beach,2024-12-28 16:55
SSF-113588,2024-11-13,Weekend,4499,Kerala,Beach,2024-12-29 17:33
SSF-831297,2024-10-09,Day Pass,2499,Goa,North,2024-12-27 16:27
SSF-836495,2024-10-15,VIP,8999,Gujarat,North,2024-12-28 17:34
SSF-606788,2024-09-26,Day Pass,1999,Karnataka,North,2024-12-27 17:28
SSF-522873,2024-11-17,Day Pass,2499,Delhi,North,2024-12-27 16:43
SSF-888150,2024-11-20,Day Pass,2499,Gujarat,North,2024-12-27 18:50
SSF-969429,2024-10-13,Day Pass,2499,Kerala,Beach,2024-12-27 18:01
SSF-672655,2024-09-19,Weekend,3599,Maharashtra,North,2024-12-27 16:47
SSF-326423,2024-09-27,Day Pass,2499,Goa,North,2024-12-27 16:22
SSF-310237,2024-10-04,Day Pass,2499,Karnataka,Parking,2024-12-28 16:53
SSF-923613,2024-11-16,Weekend,4499,Goa,North,2024-12-27 16:46
SSF-674909,2024-12-06,VIP,8999,Goa,North,2024-12-28 17:33
SSF-142441,2024-10-06,Weekend,4499,Kerala,Beach,2024-12-27 15:46
SSF-428957,2024-10-26,Day Pass,2499,Kerala,North,2024-12-28 19:51
SSF-890214,2024-11-02,Day Pass,2499,Karnataka,Beach,2024-12-27 14:22
SSF-904119,2024-12-02,VIP,8999,Tamil Nadu,North,2024-12-27 17:11
SSF-792281,2024-09-26,Day Pass,1999,Maharashtra,North,2024-12-28 16:14
SSF-839517,2024-09-03,Day Pass,1999,Goa,Beach,2024-12-27 19:56
SSF-552815,2024-12-21,Weekend,4499,Karnataka,Parking,2024-12-28 17:18
SSF-218029,2024-10-12,VIP,8999,Gujarat,North,2024-12-27 15:14
SSF-898579,2024-11-25,Weekend,4499,Maharashtra,North,2024-12-27 16:08
SSF-612493,2024-12-16,Day Pass,2499,Delhi,Parking,2024-12-29 15:59
SSF-962445,2024-11-10,Weekend,4499,Delhi,North,2024-12-27 17:15
SSF-252020,2024-10-07,VIP,8999,Kerala,North,2024-12-29 15:35
SSF-438404,2024-11-13,Day Pass,2499,Delhi,North,2024-12-27 17:33
SSF-711912,2024-11-02,Day Pass,2499,Goa,North,2024-12-29 17:03
SSF-111867,2024-12-17,Day Pass,2499,Karnataka,North,2024-12-29 20:34
SSF-610273,2024-12-04,Day Pass,2499,Delhi,North,2024-12-27 17:16
SSF-746627,2024-11-07,Day Pass,2499,Gujarat,Parking,2024-12-28 16:30
SSF-527442,2024-12-13,Weekend,4499,Tamil Nadu,North,2024-12-29 16:33
SSF-243087,2024-09-17,Day Pass,1999,Delhi,North,2024-12-27 18:57
SSF-470485,2024-11-03,Weekend,4499,Goa,Beach,2024-12-28 17:04
SSF-872696,2024-10-26,Weekend,4499,Goa,North,2024-12-28 17:38
SSF-919492,2024-10-21,Weekend,4499,Gujarat,Parking,2024-12-29 16:00
SSF-380411,2024-11-29,Day Pass,2499,Karnataka,Beach,2024-12-27 15:56
SSF-130363,2024-10-05,Day Pass,2499,Delhi,North,2024-12-28 17:08
SSF-308044,2024-09-07,Weekend,3599,Goa,Beach,2024-12-27 18:41
SSF-268948,2024-10-07,Day Pass,2499,Maharashtra,Beach,2024-12-29 17:44
SSF-221535,2024-09-12,Weekend,3599,Maharashtra,North,2024-12-27 15:59
SSF-200617,2024-11-26,Day Pass,2499,Maharashtra,Parking,2024-12-29 18:47
SSF-784955,2024-10-07,Weekend,4499,Delhi,North,2024-12-28 18:45
SSF-495169,2024-11-07,Day Pass,2499,Maharashtra,North,2024-12-27 16:30
SSF-886198,2024-12-01,Day Pass,2499,Telangana,Parking,2024-12-27 17:46
SSF-691228,2024-12-09,Weekend,4499,Maharashtra,Parking,2024-12-27 18:38
SSF-404493,2024-09-11,Day Pass,1999,Telangana,North,2024-12-28 17:43
SSF-389929,2024-10-12,Weekend,4499,Karnataka,Beach,2024-12-29 17:04
SSF-269341,2024-10-28,Day Pass,2499,Delhi,Beach,2024-12-28 18:18
SSF-660688,2024-09-04,Weekend,3599,Karnataka,North,2024-12-28 19:02
SSF-480490,2024-10-13,Day Pass,2499,Tamil Nadu,Parking,2024-12-28 16:47
SSF-794593,2024-10-14,Weekend,4499,Tamil Nadu,Beach,2024-12-27 18:39
SSF-738883,2024-09-12,Day Pass,1999,Kerala,Beach,2024-12-27 18:05
SSF-358903,2024-12-01,Weekend,4499,Goa,North,2024-12-28 17:15
SSF-294867,2024-11-11,VIP,8999,Delhi,North,2024-12-29 17:02
SSF-138999,2024-10-16,Weekend,4499,Gujarat,Beach,2024-12-27 18:40
SSF-745957,2024-12-09,Day Pass,2499,Maharashtra,Parking,2024-12-29 18:02
SSF-898848,2024-10-26,Weekend,4499,Maharashtra,Beach,2024-12-28 19:08
SSF-454233,2024-11-14,Day Pass,2499,Maharashtra,Parking,2024-12-29 18:10
SSF-686749,2024-12-13,Weekend,4499,Kerala,Beach,2024-12-29 20:19
SSF-344718,2024-09-25,Weekend,3599,Maharashtra,Beach,2024-12-29 19:26
SSF-636409,2024-12-14,Day Pass,2499,Telangana,Beach,2024-12-28 18:06
SSF-694515,2024-11-17,Weekend,4499,Maharashtra,North,2024-12-29 18:42
SSF-770006,2024-11-08,Weekend,4499,Telangana,Beach,2024-12-27 17:58
SSF-449161,2024-09-13,Weekend,3599,Maharashtra,North,2024-12-28 19:10
SSF-575736,2024-10-21,Day Pass,2499,Maharashtra,Beach,2024-12-27 16:46
SSF-770497,2024-12-19,Weekend,4499,Maharashtra,Beach,2024-12-27 19:30
SSF-158415,2024-11-22,Weekend,4499,Gujarat,North,2024-12-28 16:01
SSF-229655,2024-11-11,Weekend,4499,Goa,Parking,2024-12-27 15:50
SSF-880816,2024-10-06,Day Pass,2499,Goa,Parking,2024-12-29 16:55
SSF-142457,2024-12-15,Weekend,4499,Gujarat,North,2024-12-29 18:03
SSF-636899,2024-10-02,Weekend,4499,Maharashtra,Beach,2024-12-27 17:49
SSF-381441,2024-12-20,Weekend,4499,Goa,Parking,2024-12-27 19:30
SSF-960536,2024-10-31,Weekend,4499,Kerala,North,2024-12-27 17:24
SSF-842068,2024-11-25,Weekend,4499,Goa,North,2024-12-27 18:20
SSF-954577,2024-11-20,Day Pass,2499,Maharashtra,North,2024-12-27 16:54
SSF-309771,2024-09-04,Day Pass,1999,Goa,North,2024-12-29 16:42
SSF-235073,2024-11-14,Day Pass,2499,Karnataka,Beach,2024-12-27 17:31
SSF-989690,2024-12-15,Weekend,4499,Delhi,North,2024-12-28 17:15
SSF-620970,2024-12-09,Weekend,4499,Karnataka,North,2024-12-29 16:40
SSF-122683,2024-12-15,Day Pass,2499,Goa,Beach,2024-12-27 18:00
SSF-131693,2024-10-29,Day Pass,2499,Maharashtra,North,2024-12-27 16:54
SSF-970422,2024-09-21,Day Pass,1999,Gujarat,North,2024-12-28 16:29
SSF-417006,2024-09-08,Day Pass,1999,Kerala,Beach,2024-12-27 17:38
SSF-138769,2024-11-26,Day Pass,2499,Karnataka,North,2024-12-29 17:19
SSF-471639,2024-12-04,Day Pass,2499,Maharashtra,Parking,2024-12-28 17:13
SSF-893735,2024-09-24,Weekend,3599,Karnataka,North,2024-12-27 14:00
SSF-791170,2024-09-23,VIP,7199,Karnataka,North,2024-12-27 15:23
SSF-207917,2024-09-28,Day Pass,2499,Maharashtra,Beach,2024-12-27 15:45
SSF-592672,2024-11-16,Weekend,4499,Karnataka,North,2024-12-28 18:41
SSF-309884,2024-12-03,Day Pass,2499,Goa,Parking,2024-12-28 16:59
SSF-458534,2024-10-19,Day Pass,2499,Delhi,Beach,2024-12-28 16:59
SSF-339254,2024-10-26,Day Pass,2499,Goa,Parking,2024-12-28 20:51
SSF-334123,2024-12-09,Weekend,4499,Kerala,Parking,2024-12-27 18:08
SSF-274234,2024-12-07,Day Pass,2499,Goa,Beach,2024-12-28 16:20
SSF-986214,2024-10-06,Weekend,4499,Maharashtra,Beach,2024-12-29 17:05
SSF-746965,2024-09-30,Day Pass,2499,Maharashtra,North,2024-12-29 14:42
SSF-302210,2024-09-16,Weekend,3599,Karnataka,North,2024-12-27 19:44
SSF-840499,2024-12-20,Weekend,4499,Maharashtra,Beach,2024-12-28 15:55
SSF-131217,2024-08-29,Day Pass,1999,Goa,Parking,2024-12-27 18:27
SSF-441574,2024-12-06,Weekend,4499,Maharashtra,North,2024-12-28 17:30
SSF-358757,2024-09-28,VIP,8999,Maharashtra,Beach,2024-12-28 18:11
SSF-128899,2024-11-28,Day Pass,2499,Karnataka,North,2024-12-28 18:28
SSF-687287,2024-11-12,Day Pass,2499,Maharashtra,Parking,2024-12-27 18:04
SSF-650428,2024-11-16,Weekend,4499,Maharashtra,North,2024-12-29 18:16
SSF-510938,2024-09-24,Weekend,3599,Karnataka,North,2024-12-27 16:47
SSF-284286,2024-10-03,Weekend,4499,Telangana,Beach,2024-12-29 17:24
SSF-485630,2024-10-27,Weekend,4499,Gujarat,North,2024-12-27 17:47
SSF-132572,2024-09-11,Day Pass,1999,Maharashtra,Beach,2024-12-28 17:21
SSF-458369,2024-12-18,VIP,8999,Maharashtra,North,2024-12-28 17:41
SSF-712220,2024-09-01,Weekend,3599,Delhi,Beach,2024-12-27 18:41
SSF-704559,2024-09-19,Weekend,3599,Maharashtra,Parking,2024-12-29 16:52
SSF-420616,2024-10-27,Day Pass,2499,Goa,North,2024-12-29 15:51
SSF-333580,2024-09-21,Weekend,3599,Delhi,North,2024-12-28 19:58
SSF-908183,2024-10-03,Day Pass,2499,Delhi,Beach,2024-12-27 17:42
SSF-826177,2024-12-06,VIP,8999,Delhi,Beach,2024-12-27 15:26
SSF-116617,2024-11-20,Day Pass,2499,Maharashtra,North,2024-12-27 16:08
SSF-928321,2024-09-23,Day Pass,1999,Telangana,Beach,2024-12-27 16:41
SSF-447072,2024-11-13,Day Pass,2499,Maharashtra,Beach,2024-12-28 18:07
SSF-601014,2024-12-15,Day Pass,2499,Delhi,North,2024-12-28 17:16
SSF-948742,2024-12-13,Weekend,4499,Maharashtra,North,2024-12-27 19:37
SSF-442417,2024-09-06,Weekend,3599,Karnataka,Beach,2024-12-28 19:00
SSF-194123,2024-12-13,Weekend,4499,Telangana,Beach,2024-12-28 18:18
SSF-499633,2024-11-27,Day Pass,2499,Maharashtra,Parking,2024-12-28 17:08
SSF-597766,2024-10-15,Weekend,4499,Karnataka,North,2024-12-29 17:05
SSF-354903,2024-09-07,Weekend,3599,Karnataka,Parking,2024-12-28 16:23
SSF-702792,2024-11-27,Weekend,4499,Goa,Beach,2024-12-28 18:22
SSF-595557,2024-12-11,Weekend,4499,Goa,Beach,2024-12-28 15:50
SSF-141079,2024-09-14,Weekend,3599,Maharashtra,Parking,2024-12-29 18:42
SSF-153541,2024-09-24,Day Pass,1999,Goa,North,2024-12-27 19:16
SSF-979536,2024-11-28,Day Pass,2499,Maharashtra,North,2024-12-28 18:10
SSF-623310,2024-11-15,Weekend,4499,Karnataka,North,2024-12-28 18:43
SSF-570226,2024-12-04,Weekend,4499,Delhi,North,2024-12-27 18:19
SSF-304848,2024-09-15,Day Pass,1999,Maharashtra,North,2024-12-29 19:04
SSF-571614,2024-10-21,Weekend,4499,Gujarat,Beach,2024-12-29 17:56
SSF-449097,2024-09-15,Weekend,3599,Goa,Parking,2024-12-27 18:24
SSF-402776,2024-10-14,Weekend,4499,Gujarat,Parking,2024-12-27 17:49
SSF-438404,2024-11-13,Day Pass,2499,Delhi,Beach,2024-12-29 17:00
SSF-580560,2024-12-23,Weekend,4499,Maharashtra,North,2024-12-28 17:01
SSF-860654,2024-08-29,Weekend,3599,Delhi,North,2024-12-28 17:20
SSF-564255,2024-10-12,Weekend,4499,Maharashtra,North,2024-12-29 16:47
SSF-462456,2024-10-25,Day Pass,2499,Delhi,North,2024-12-27 17:32
SSF-361894,2024-12-10,Weekend,4499,Maharashtra,Parking,2024-12-27 16:19
SSF-189542,2024-10-29,Day Pass,2499,Tamil Nadu,North,2024-12-27 17:31
SSF-459539,2024-10-29,Weekend,4499,Maharashtra,Parking,2024-12-27 16:29
SSF-307261,2024-10-14,Weekend,4499,Karnataka,North,2024-12-27 19:00
SSF-932356,2024-09-24,Weekend,3599,Tamil Nadu,Beach,2024-12-27 15:55
SSF-734697,2024-10-04,Day Pass,2499,Maharashtra,North,2024-12-27 17:40
SSF-665816,2024-10-15,Weekend,4499,Delhi,North,2024-12-29 20:18
SSF-770208,2024-09-11,Day Pass,1999,Maharashtra,North,2024-12-29 15:43
SSF-767985,2024-09-21,Day Pass,1999,Maharashtra,North,2024-12-29 18:32
SSF-773734,2024-11-18,Weekend,4499,Maharashtra,North,2024-12-28 20:45
SSF-797419,2024-09-16,Weekend,3599,Delhi,Parking,2024-12-27 17:48
SSF-695547,2024-10-16,Day Pass,2499,Goa,Beach,2024-12-27 17:07
SSF-684229,2024-11-21,Day Pass,2499,Maharashtra,Beach,2024-12-28 16:02
SSF-773860,2024-11-10,VIP,8999,Goa,Beach,2024-12-28 17:50
SSF-186396,2024-09-20,VIP,7199,Maharashtra,North,2024-12-27 17:14
SSF-847857,2024-09-23,Day Pass,1999,Telangana,North,2024-12-28 15:30
SSF-442884,2024-09-26,Weekend,3599,Goa,North,2024-12-29 18:08
SSF-359791,2024-11-22,Day Pass,2499,Telangana,North,2024-12-29 15:40
SSF-654475,2024-11-10,Day Pass,2499,Gujarat,North,2024-12-29 16:26
SSF-304345,2024-10-15,Weekend,4499,Karnataka,Beach,2024-12-29 15:15
SSF-565316,2024-12-05,Weekend,4499,Maharashtra,North,2024-12-29 16:10
SSF-640376,2024-09-06,Day Pass,1999,Maharashtra,Parking,2024-12-28 17:39
SSF-228688,2024-10-08,Day Pass,2499,Karnataka,North,2024-12-28 15:29
SSF-941091,2024-12-03,Day Pass,2499,Delhi,Parking,2024-12-28 15:35
SSF-313597,2024-09-09,Day Pass,1999,Maharashtra,Parking,2024-12-29 16:39
SSF-143794,2024-09-08,Weekend,3599,Telangana,North,2024-12-29 15:23
SSF-393322,2024-10-22,Day Pass,2499,Delhi,Parking,2024-12-27 18:29
SSF-952880,2024-11-23,Weekend,4499,Delhi,North,2024-12-29 15:09
SSF-514064,2024-12-15,Day Pass,2499,Maharashtra,Beach,2024-12-28 18:20
SSF-743369,2024-11-14,Weekend,4499,Maharashtra,North,2024-12-27 18:48
SSF-713438,2024-10-23,Weekend,4499,Delhi,Beach,2024-12-27 16:31
SSF-119146,2024-10-09,Weekend,4499,Kerala,North,2024-12-28 17:19
SSF-622225,2024-12-12,Day Pass,2499,Delhi,North,2024-12-28 15:31
SSF-157295,2024-09-05,Weekend,3599,Maharashtra,North,2024-12-29 19:19
SSF-137299,2024-11-06,Weekend,4499,Telangana,Beach,2024-12-28 18:52
SSF-865553,2024-11-07,Weekend,4499,Maharashtra,Beach,2024-12-29 18:54
SSF-899151,2024-12-15,Weekend,4499,Delhi,Parking,2024-12-29 19:20
SSF-114004,2024-09-01,Day Pass,1999,Gujarat,North,2024-12-27 17:38
SSF-390678,2024-11-08,VIP,8999,Kerala,Parking,2024-12-27 18:12
SSF-689433,2024-11-12,VIP,8999,Telangana,Beach,2024-12-28 16:42
SSF-883976,2024-10-11,Day Pass,2499,Kerala,North,2024-12-28 17:07
SSF-559710,2024-10-05,Weekend,4499,Gujarat,Parking,2024-12-27 16:42
SSF-807969,2024-11-20,Day Pass,2499,Goa,Parking,2024-12-28 17:51
SSF-555129,2024-12-10,Weekend,4499,Maharashtra,Beach,2024-12-28 17:10
SSF-469098,2024-10-03,Day Pass,2499,Maharashtra,North,2024-12-29 16:35
SSF-732067,2024-11-28,Weekend,4499,Gujarat,Beach,2024-12-29 16:09
SSF-533725,2024-09-24,Weekend,3599,Telangana,Parking,2024-12-27 16:42
SSF-778500,2024-09-10,Day Pass,1999,Kerala,Parking,2024-12-27 17:30
SSF-638409,2024-09-02,Weekend,3599,Karnataka,Beach,2024-12-28 17:32
SSF-797816,2024-09-16,Day Pass,1999,Gujarat,Parking,2024-12-29 16:28
SSF-976123,2024-11-27,Weekend,4499,Karnataka,Beach,2024-12-29 17:49
SSF-986195,2024-09-05,Weekend,3599,Maharashtra,North,2024-12-28 15:20
SSF-717155,2024-10-19,Weekend,4499,Maharashtra,Parking,2024-12-29 17:45
SSF-471161,2024-11-06,Weekend,4499,Maharashtra,North,2024-12-27 16:05
SSF-256860,2024-12-09,Day Pass,2499,Maharashtra,Parking,2024-12-27 17:52
SSF-623375,2024-09-24,Day Pass,1999,Maharashtra,Parking,2024-12-29 15:51
SSF-311403,2024-12-14,Day Pass,2499,Kerala,North,2024-12-28 17:44
SSF-730649,2024-11-12,VIP,8999,Goa,North,2024-12-28 17:14
SSF-243365,2024-10-17,Day Pass,2499,Delhi,Parking,2024-12-27 19:02
SSF-440248,2024-10-21,Weekend,4499,Maharashtra,North,2024-12-27 17:01
SSF-117229,2024-10-10,Weekend,4499,Maharashtra,Parking,2024-12-27 18:23
SSF-212463,2024-09-25,Day Pass,1999,Maharashtra,Beach,2024-12-27 17:03
SSF-960061,2024-09-09,Day Pass,1999,Goa,North,2024-12-27 18:13
SSF-300378,2024-11-11,Day Pass,2499,Goa,North,2024-12-27 18:11
SSF-905918,2024-10-02,Weekend,4499,Goa,Parking,2024-12-27 18:27
SSF-354038,2024-08-31,Day Pass,1999,Karnataka,Parking,2024-12-27 17:38
SSF-599938,2024-10-31,Day Pass,2499,Maharashtra,Beach,2024-12-28 18:07
SSF-181483,2024-10-08,Day Pass,2499,Goa,Parking,2024-12-28 18:52
SSF-790524,2024-09-02,Weekend,3599,Telangana,North,2024-12-29 14:49
SSF-567646,2024-09-27,Weekend,4499,Maharashtra,Beach,2024-12-29 18:03
SSF-206213,2024-12-10,VIP,8999,Maharashtra,North,2024-12-28 16:34
SSF-356355,2024-10-22,Weekend,4499,Maharashtra,Beach,2024-12-28 18:31
SSF-296904,2024-12-08,Day Pass,2499,Maharashtra,North,2024-12-28 19:18
SSF-934257,2024-10-29,Day Pass,2499,Telangana,Beach,2024-12-28 17:19
SSF-405183,2024-10-02,Day Pass,2499,Kerala,Beach,2024-12-27 17:04
SSF-162783,2024-10-08,Day Pass,2499,Telangana,Parking,2024-12-27 17:44
SSF-808289,2024-09-25,Day Pass,1999,Kerala,Beach,2024-12-28 19:36
SSF-985308,2024-11-21,Day Pass,2499,Delhi,Parking,2024-12-29 17:50
SSF-204824,2024-09-28,Weekend,4499,Maharashtra,North,2024-12-27 16:24
SSF-237740,2024-10-10,Day Pass,2499,Maharashtra,North,2024-12-27 15:53
SSF-849882,2024-11-28,Weekend,4499,Goa,North,2024-12-28 16:45
SSF-428896,2024-10-11,Day Pass,2499,Goa,Beach,2024-12-27 18:05
SSF-262123,2024-11-08,Day Pass,2499,Maharashtra,Beach,2024-12-27 14:54
SSF-746911,2024-12-01,VIP,8999,Gujarat,North,2024-12-27 19:42
SSF-113053,2024-12-13,Day Pass,2499,Maharashtra,North,2024-12-27 15:56
SSF-461184,2024-11-28,Day Pass,2499,Maharashtra,Parking,2024-12-29 18:45
SSF-838614,2024-12-21,Day Pass,2499,Delhi,North,2024-12-29 17:22
SSF-662345,2024-08-30,Weekend,3599,Goa,North,2024-12-28 15:34
SSF-112941,2024-11-19,Day Pass,2499,Delhi,Beach,2024-12-28 16:49
SSF-972329,2024-12-22,Weekend,4499,Karnataka,North,2024-12-28 17:51
SSF-836175,2024-12-07,Weekend,4499,Maharashtra,North,2024-12-28 15:56
SSF-340382,2024-11-14,Weekend,4499,Delhi,North,2024-12-28 16:33
SSF-734275,2024-09-19,Day Pass,1999,Kerala,North,2024-12-27 17:24
SSF-298313,2024-11-09,Weekend,4499,Maharashtra,North,2024-12-28 15:12
SSF-543092,2024-11-06,Weekend,4499,Goa,North,2024-12-27 17:08
SSF-796980,2024-10-24,Day Pass,2499,Gujarat,North,2024-12-27 18:13
SSF-724038,2024-10-13,Weekend,4499,Maharashtra,North,2024-12-27 18:47
SSF-883868,2024-11-23,Day Pass,2499,Telangana,Beach,2024-12-27 17:49
SSF-519217,2024-09-26,Weekend,3599,Gujarat,North,2024-12-29 17:46
SSF-964421,2024-11-30,Day Pass,2499,Maharashtra,Parking,2024-12-28 17:50
SSF-123918,2024-12-11,VIP,8999,Kerala,Parking,2024-12-27 16:28
SSF-806666,2024-09-14,Weekend,3599,Delhi,Beach,2024-12-27 16:49
SSF-166792,2024-11-11,Weekend,4499,Maharashtra,Parking,2024-12-28 17:39
SSF-719745,2024-11-05,Day Pass,2499,Maharashtra,Beach,2024-12-28 17:35
SSF-422194,2024-12-19,Day Pass,2499,Kerala,Parking,2024-12-28 16:36
SSF-438241,2024-10-19,Weekend,4499,Maharashtra,Parking,2024-12-27 15:05
SSF-701672,2024-09-03,Weekend,3599,Goa,North,2024-12-28 16:51
SSF-431768,2024-10-09,Weekend,4499,Maharashtra,Beach,2024-12-28 15:40
SSF-318272,2024-09-24,Day Pass,1999,Goa,Beach,2024-12-29 16:41
SSF-566942,2024-11-10,Day Pass,2499,Karnataka,North,2024-12-27 18:06
SSF-928074,2024-11-14,Day Pass,2499,Kerala,North,2024-12-29 19:06
SSF-180910,2024-12-17,Weekend,4499,Kerala,Parking,2024-12-28 17:28
SSF-870050,2024-11-20,Day Pass,2499,Goa,North,2024-12-28 18:10
SSF-338342,2024-12-10,Day Pass,2499,Goa,Beach,2024-12-29 16:57
SSF-672485,2024-10-24,Day Pass,2499,Maharashtra,Beach,2024-12-29 16:15
SSF-572617,2024-09-18,Day Pass,1999,Maharashtra,Beach,2024-12-27 17:26
SSF-408634,2024-12-22,Day Pass,2499,Maharashtra,Parking,2024-12-27 16:09
SSF-122254,2024-10-25,VIP,8999,Maharashtra,Beach,2024-12-28 17:50
SSF-343450,2024-11-25,Day Pass,2499,Telangana,North,2024-12-27 16:05
SSF-293782,2024-11-13,Day Pass,2499,Maharashtra,Parking,2024-12-28 19:19
SSF-674550,2024-09-17,Day Pass,1999,Maharashtra,Parking,2024-12-29 18:37
SSF-483911,2024-12-06,Weekend,4499,Maharashtra,North,2024-12-28 17:50
SSF-475974,2024-10-11,Weekend,4499,Goa,Beach,2024-12-27 20:09
SSF-266393,2024-10-24,Day Pass,2499,Karnataka,Parking,2024-12-27 18:16
SSF-686298,2024-10-21,Day Pass,2499,Goa,North,2024-12-27 17:39
SSF-687878,2024-09-20,VIP,7199,Goa,Beach,2024-12-27 15:32
SSF-585382,2024-11-01,Day Pass,2499,Gujarat,Parking,2024-12-27 16:37
SSF-509450,2024-12-25,VIP,8999,Maharashtra,North,2024-12-29 17:40
SSF-829965,2024-09-24,Weekend,3599,Maharashtra,Parking,2024-12-28 16:55
SSF-781963,2024-10-10,Day Pass,2499,Maharashtra,North,2024-12-28 18:06
SSF-600724,2024-11-04,VIP,8999,Gujarat,North,2024-12-29 16:52
SSF-553047,2024-09-27,Day Pass,2499,Delhi,Beach,2024-12-28 17:44
SSF-972997,2024-11-14,Day Pass,2499,Gujarat,Beach,2024-12-28 16:41
SSF-150335,2024-11-08,Weekend,4499,Telangana,Parking,2024-12-27 19:03
SSF-403228,2024-11-08,Weekend,4499,Karnataka,North,2024-12-27 15:39
SSF-653708,2024-11-05,Day Pass,2499,Tamil Nadu,North,2024-12-29 16:13
SSF-670107,2024-11-28,Weekend,4499,Gujarat,Beach,2024-12-27 18:14
SSF-961080,2024-11-20,Day Pass,2499,Kerala,North,2024-12-28 16:41
SSF-923770,2024-09-25,Weekend,3599,Maharashtra,Beach,2024-12-27 18:45
SSF-925580,2024-10-08,VIP,8999,Goa,North,2024-12-28 15:47
SSF-236462,2024-09-27,Weekend,4499,Karnataka,North,2024-12-27 15:21
SSF-856946,2024-09-04,Day Pass,1999,Maharashtra,Parking,2024-12-27 17:39
SSF-239711,2024-09-02,Day Pass,1999,Kerala,Beach,2024-12-27 15:46
SSF-115026,2024-09-29,Weekend,4499,Karnataka,Beach,2024-12-27 17:40
SSF-162993,2024-12-25,Weekend,4499,Tamil Nadu,Parking,2024-12-29 17:07
SSF-828687,2024-09-16,Weekend,3599,Kerala,Beach,2024-12-27 17:07
SSF-692442,2024-10-16,Weekend,4499,Maharashtra,North,2024-12-29 16:55
SSF-989716,2024-10-04,Day Pass,2499,Delhi,North,2024-12-29 16:59
SSF-938129,2024-12-01,Day Pass,2499,Gujarat,Parking,2024-12-27 17:46
SSF-290725,2024-11-17,Weekend,4499,Telangana,North,2024-12-29 17:13
SSF-954149,2024-11-03,Weekend,4499,Maharashtra,Beach,2024-12-29 19:37
SSF-803177,2024-11-22,Day Pass,2499,Maharashtra,North,2024-12-29 16:14
SSF-101984,2024-11-13,Day Pass,2499,Maharashtra,Parking,2024-12-27 16:44
SSF-629539,2024-12-16,Day Pass,2499,Karnataka,North,2024-12-29 16:25
SSF-165142,2024-10-12,Weekend,4499,Maharashtra,Beach,2024-12-27 17:10
SSF-866191,2024-09-10,Day Pass,1999,Telangana,Parking,2024-12-27 17:22
SSF-611396,2024-10-03,Weekend,4499,Kerala,Beach,2024-12-28 15:50
SSF-716524,2024-12-09,Weekend,4499,Maharashtra,North,2024-12-28 15:54
SSF-259881,2024-10-08,VIP,8999,Maharashtra,North,2024-12-27 16:29
SSF-467745,2024-09-22,Weekend,3599,Maharashtra,North,2024-12-29 16:52
SSF-551167,2024-12-25,Weekend,4499,Kerala,North,2024-12-27 18:13
SSF-987831,2024-12-03,VIP,8999,Maharashtra,Parking,2024-12-28 16:05
SSF-357053,2024-10-16,Day Pass,2499,Goa,Parking,2024-12-28 18:36
SSF-936953,2024-11-29,Weekend,4499,Delhi,North,2024-12-28 18:32
SSF-413209,2024-09-11,Weekend,3599,Maharashtra,Parking,2024-12-28 15:40
SSF-858509,2024-11-18,Weekend,4499,Delhi,Beach,2024-12-29 16:37
SSF-114697,2024-10-14,Day Pass,2499,Delhi,Parking,2024-12-29 17:56
SSF-352636,2024-08-30,Weekend,3599,Kerala,North,2024-12-29 16:27
SSF-555526,2024-11-13,Weekend,4499,Karnataka,Beach,2024-12-27 16:19
SSF-710291,2024-10-05,Weekend,4499,Tamil Nadu,Beach,2024-12-27 19:40
SSF-324990,2024-10-11,Weekend,4499,Maharashtra,Beach,2024-12-29 15:41
SSF-109833,2024-08-30,Day Pass,1999,Karnataka,Parking,2024-12-27 17:43
SSF-708720,2024-09-06,Weekend,3599,Maharashtra,Parking,2024-12-28 14:54
SSF-852771,2024-10-28,Weekend,4499,Delhi,North,2024-12-27 16:20
SSF-803923,2024-12-15,Day Pass,2499,Maharashtra,Parking,2024-12-28 16:07
SSF-575302,2024-12-07,VIP,8999,Goa,Beach,2024-12-28 17:24
SSF-200904,2024-09-11,Day Pass,1999,Goa,Parking,2024-12-27 20:59
SSF-144114,2024-11-08,Weekend,4499,Kerala,North,2024-12-27 16:56
SSF-439612,2024-11-28,Day Pass,2499,Kerala,Beach,2024-12-29 18:46
SSF-257014,2024-12-14,Weekend,4499,Maharashtra,North,2024-12-27 18:47
SSF-303362,2024-12-07,Day Pass,2499,Goa,North,2024-12-29 17:36
SSF-488259,2024-12-17,Day Pass,2499,Kerala,North,2024-12-28 18:11
SSF-538637,2024-10-08,Day Pass,2499,Goa,North,2024-12-28 17:59
SSF-909192,2024-10-30,VIP,8999,Delhi,North,2024-12-27 16:58
SSF-329763,2024-10-04,Weekend,4499,Goa,North,2024-12-29 15:14
SSF-742441,2024-11-17,Weekend,4499,Gujarat,North,2024-12-27 17:18
SSF-527922,2024-10-01,Day Pass,2499,Goa,Beach,2024-12-27 16:45
SSF-698014,2024-11-23,Weekend,4499,Karnataka,North,2024-12-28 18:56
SSF-398436,2024-09-23,Day Pass,1999,Maharashtra,North,2024-12-27 17:52
SSF-847528,2024-12-16,Day Pass,2499,Goa,North,2024-12-27 18:15
SSF-752558,2024-12-16,Day Pass,2499,Maharashtra,North,2024-12-29 15:27
SSF-800551,2024-11-26,Day Pass,2499,Maharashtra,Parking,2024-12-28 17:15
SSF-445384,2024-10-21,Day Pass,2499,Goa,North,2024-12-28 18:10
SSF-647850,2024-10-12,Day Pass,2499,Maharashtra,Beach,2024-12-27 18:15
SSF-477346,2024-11-24,VIP,8999,Maharashtra,North,2024-12-28 19:00
SSF-598113,2024-12-15,Day Pass,2499,Kerala,North,2024-12-27 18:17
SSF-929453,2024-10-23,Day Pass,2499,Maharashtra,Beach,2024-12-27 18:01
SSF-418203,2024-11-20,Weekend,4499,Tamil Nadu,Beach,2024-12-29 16:56
SSF-427328,2024-08-28,VIP,7199,Delhi,North,2024-12-27 16:00
SSF-498880,2024-09-20,Day Pass,1999,Maharashtra,Beach,2024-12-27 19:25
SSF-398590,2024-12-12,Weekend,4499,Delhi,Beach,2024-12-28 18:21
SSF-874774,2024-11-16,Weekend,4499,Karnataka,Beach,2024-12-27 17:24
SSF-546987,2024-11-21,Day Pass,2499,Goa,North,2024-12-28 18:13
SSF-650539,2024-10-09,Day Pass,2499,Kerala,Beach,2024-12-27 15:53
SSF-744298,2024-10-20,Weekend,4499,Maharashtra,North,2024-12-27 17:26
SSF-834005,2024-10-24,Weekend,4499,Delhi,North,2024-12-29 17:35
SSF-400558,2024-09-01,Weekend,3599,Maharashtra,Beach,2024-12-28 15:13
SSF-496754,2024-11-24,Weekend,4499,Goa,North,2024-12-27 17:11
SSF-454841,2024-11-16,Day Pass,2499,Delhi,Parking,2024-12-28 18:18
SSF-580294,2024-10-14,Day Pass,2499,Maharashtra,Parking,2024-12-27 19:43
SSF-359781,2024-10-03,Weekend,4499,Kerala,North,2024-12-27 18:35
SSF-298572,2024-10-11,VIP,8999,Goa,Beach,2024-12-27 16:54
SSF-828032,2024-12-17,Day Pass,2499,Gujarat,Beach,2024-12-28 17:29
SSF-323913,2024-10-29,Day Pass,2499,Delhi,North,2024-12-27 15:26
SSF-521234,2024-10-02,Weekend,4499,Gujarat,Beach,2024-12-28 17:43
SSF-622211,2024-12-08,Weekend,4499,Karnataka,Beach,2024-12-29 16:55
SSF-221472,2024-12-25,Weekend,4499,Maharashtra,Beach,2024-12-27 19:54
SSF-915946,2024-09-26,VIP,7199,Maharashtra,Beach,2024-12-27 18:27
SSF-750275,2024-10-10,Weekend,4499,Maharashtra,Parking,2024-12-27 14:42
SSF-639658,2024-11-01,Day Pass,2499,Tamil Nadu,Beach,2024-12-29 19:05
SSF-896172,2024-12-04,Weekend,4499,Maharashtra,North,2024-12-28 17:44
SSF-354148,2024-09-07,Weekend,3599,Karnataka,North,2024-12-28 17:26
SSF-430867,2024-10-18,VIP,8999,Telangana,North,2024-12-29 17:22
SSF-343370,2024-12-23,Weekend,4499,Delhi,North,2024-12-29 18:18
SSF-128316,2024-11-26,Weekend,4499,Delhi,Beach,2024-12-29 17:33
SSF-596372,2024-09-02,Day Pass,1999,Goa,North,2024-12-28 15:45
SSF-858098,2024-09-11,VIP,7199,Gujarat,Parking,2024-12-28 17:45
SSF-901277,2024-09-06,Weekend,3599,Delhi,Parking,2024-12-28 18:24
SSF-300589,2024-09-05,Weekend,3599,Karnataka,Parking,2024-12-28 18:22
SSF-826245,2024-10-12,Weekend,4499,Maharashtra,Parking,2024-12-27 18:02
SSF-495867,2024-11-05,Weekend,4499,Maharashtra,Parking,2024-12-27 17:01
SSF-426426,2024-11-12,Day Pass,2499,Maharashtra,Beach,2024-12-29 18:47
SSF-921420,2024-12-24,Day Pass,2499,Delhi,Parking,2024-12-29 16:24
SSF-684928,2024-12-13,VIP,8999,Telangana,Beach,2024-12-28 16:19
SSF-893838,2024-12-02,Weekend,4499,Delhi,Beach,2024-12-29 19:40
SSF-390051,2024-10-18,Weekend,4499,Karnataka,North,2024-12-29 20:58
SSF-798498,2024-09-14,Weekend,3599,Karnataka,Beach,2024-12-27 14:54
SSF-701268,2024-09-25,Weekend,3599,Maharashtra,Parking,2024-12-27 15:44
SSF-494119,2024-09-18,Day Pass,1999,Karnataka,Beach,2024-12-28 14:50
SSF-926488,2024-10-13,Day Pass,2499,Goa,Beach,2024-12-27 17:32
SSF-404021,2024-10-12,Day Pass,2499,Delhi,Beach,2024-12-27 17:03
SSF-946373,2024-11-13,Weekend,4499,Delhi,Beach,2024-12-27 17:50
SSF-163278,2024-09-30,Weekend,4499,Telangana,North,2024-12-28 17:28
SSF-907777,2024-11-17,Weekend,4499,Delhi,North,2024-12-29 17:20
SSF-442773,2024-09-26,Weekend,3599,Karnataka,North,2024-12-27 19:40
SSF-485110,2024-10-11,Day Pass,2499,Maharashtra,North,2024-12-28 14:17
SSF-321566,2024-10-05,Day Pass,2499,Maharashtra,Beach,2024-12-27 15:51
SSF-269765,2024-11-19,Weekend,4499,Goa,North,2024-12-28 16:43
SSF-797761,2024-09-09,Weekend,3599,Maharashtra,Beach,2024-12-28 18:16
SSF-920705,2024-10-27,Day Pass,2499,Maharashtra,Beach,2024-12-28 17:32
SSF-969096,2024-08-28,Day Pass,1999,Maharashtra,Beach,2024-12-27 16:45
SSF-120144,2024-10-24,Weekend,4499,Maharashtra,North,2024-12-29 14:50
SSF-616870,2024-11-05,Day Pass,2499,Karnataka,Beach,2024-12-27 16:59
SSF-151793,2024-12-01,Day Pass,2499,Delhi,North,2024-12-29 16:47
SSF-330091,2024-11-08,Day Pass,2499,Gujarat,Beach,2024-12-29 18:32
SSF-629529,2024-08-31,Day Pass,1999,Maharashtra,North,2024-12-28 16:49
SSF-727794,2024-11-03,Weekend,4499,Maharashtra,Parking,2024-12-28 18:05
SSF-235303,2024-09-08,Day Pass,1999,Telangana,North,2024-12-28 16:46
SSF-532722,2024-10-31,Day Pass,2499,Karnataka,North,2024-12-28 17:08
SSF-729115,2024-12-21,Day Pass,2499,Delhi,North,2024-12-29 17:57
SSF-591150,2024-11-22,Weekend,4499,Maharashtra,North,2024-12-27 18:19
SSF-212441,2024-10-15,Day Pass,2499,Goa,Beach,2024-12-29 17:12
SSF-531302,2024-12-18,Weekend,4499,Maharashtra,North,2024-12-27 18:03
SSF-905293,2024-09-13,Weekend,3599,Maharashtra,North,2024-12-27 17:39
SSF-814118,2024-11-26,Day Pass,2499,Goa,Parking,2024-12-27 15:58
SSF-555079,2024-11-01,VIP,8999,Maharashtra,North,2024-12-27 17:47
SSF-370721,2024-12-20,Day Pass,2499,Delhi,North,2024-12-29 17:41
SSF-785851,2024-09-17,Day Pass,1999,Maharashtra,Parking,2024-12-27 18:32
SSF-765827,2024-11-03,Day Pass,2499,Goa,Beach,2024-12-28 17:17
SSF-719073,2024-10-21,Day Pass,2499,Gujarat,Beach,2024-12-29 17:26
SSF-893414,2024-11-02,Weekend,4499,Tamil Nadu,North,2024-12-28 18:13
SSF-328460,2024-09-14,Day Pass,1999,Maharashtra,North,2024-12-27 17:24
SSF-760401,2024-09-29,Day Pass,2499,Maharashtra,North,2024-12-28 18:00
SSF-178751,2024-10-28,Weekend,4499,Delhi,Parking,2024-12-27 15:36
SSF-602203,2024-09-21,Weekend,3599,Delhi,North,2024-12-28 17:42
SSF-716338,2024-09-23,Day Pass,1999,Delhi,North,2024-12-27 18:10
SSF-596804,2024-10-08,Weekend,4499,Kerala,North,2024-12-28 17:53
SSF-954838,2024-10-19,Day Pass,2499,Telangana,Parking,2024-12-29 18:46
SSF-851361,2024-11-29,Day Pass,2499,Maharashtra,Parking,2024-12-27 17:25
SSF-816689,2024-10-17,Weekend,4499,Goa,North,2024-12-28 19:28
SSF-995176,2024-11-24,Day Pass,2499,Delhi,Beach,2024-12-27 16:46
SSF-175062,2024-09-02,Weekend,3599,Maharashtra,Beach,2024-12-27 16:22
SSF-961096,2024-12-03,Day Pass,2499,Maharashtra,Beach,2024-12-27 17:53
SSF-457184,2024-11-09,Weekend,4499,Karnataka,North,2024-12-27 18:28
SSF-611216,2024-11-08,Weekend,4499,Kerala,Parking,2024-12-28 17:55
SSF-977612,2024-08-29,Day Pass,1999,Kerala,Beach,2024-12-28 18:08
SSF-465861,2024-11-08,VIP,8999,Maharashtra,North,2024-12-29 19:21
SSF-893413,2024-09-26,Weekend,3599,Karnataka,Beach,2024-12-28 16:58
SSF-381737,2024-12-14,Weekend,4499,Maharashtra,Beach,2024-12-29 17:49
SSF-973881,2024-09-14,VIP,7199,Goa,North,2024-12-28 16:07
SSF-862504,2024-09-23,VIP,7199,Karnataka,North,2024-12-27 18:31
SSF-435260,2024-09-15,Weekend,3599,Telangana,Parking,2024-12-28 16:54
SSF-637720,2024-10-22,Day Pass,2499,Goa,Beach,2024-12-28 17:07
SSF-267396,2024-10-20,Weekend,4499,Delhi,Beach,2024-12-28 17:38
SSF-890912,2024-10-26,Weekend,4499,Maharashtra,Parking,2024-12-27 19:06
SSF-160369,2024-11-07,Day Pass,2499,Goa,North,2024-12-27 16:00
SSF-868155,2024-10-29,VIP,8999,Delhi,North,2024-12-29 16:40
SSF-199735,2024-10-31,Day Pass,2499,Maharashtra,Beach,2024-12-29 18:52
SSF-128594,2024-12-15,Day Pass,2499,Telangana,Parking,2024-12-27 16:35
SSF-144126,2024-11-20,Weekend,4499,Maharashtra,North,2024-12-27 17:30
SSF-629080,2024-12-25,Weekend,4499,Delhi,Parking,2024-12-29 16:57
SSF-727109,2024-11-01,VIP,8999,Maharashtra,Parking,2024-12-28 16:47
SSF-281711,2024-10-25,Weekend,4499,Maharashtra,North,2024-12-29 19:04
