reading_id,timestamp,rack_id,inlet_temp_c,outlet_temp_c,power_kw,fan_rpm,load_pct
100001,2025-07-14 00:00,R01,22.56,26.45,7.57,3200,41.5
100002,2025-07-14 00:00,R02,21.81,26.0,7.9,3390,49.2
100003,2025-07-14 00:00,R03,22.91,25.24,6.34,3000,28.4
100004,2025-07-14 00:00,R04,22.07,25.92,7.07,3230,45.9
100005,2025-07-14 00:00,R05,23.24,27.89,7.93,3290,46.7
100006,2025-07-14 00:00,R06,22.55,26.17,7.88,3460,53.3
100007,2025-07-14 00:30,R01,22.54,27.1,8.04,3590,49.8
100008,2025-07-14 00:30,R02,23.68,27.82,7.53,3140,39.9
100009,2025-07-14 00:30,R03,22.15,24.99,5.96,3260,29.0
100010,2025-07-14 00:30,R04,22.84,26.53,6.43,3160,35.9
100011,2025-07-14 00:30,R05,23.63,27.14,6.83,3240,38.8
100012,2025-07-14 00:30,R06,22.34,25.98,7.73,3450,47.8
100013,2025-07-14 01:00,R01,22.84,26.19,6.73,3280,33.0
100014,2025-07-14 01:00,R02,22.88,27.19,7.79,3270,43.1
100015,2025-07-14 01:00,R03,21.78,25.24,7.8,3430,46.0
100016,2025-07-14 01:00,R04,22.66,25.79,8.48,3490,52.4
100017,2025-07-14 01:00,R05,23.27,26.94,6.55,3040,36.9
100018,2025-07-14 01:00,R06,22.77,26.5,6.98,3150,37.3
100019,2025-07-14 01:30,R01,21.8,25.53,6.22,3040,31.3
100020,2025-07-14 01:30,R02,22.38,26.82,8.8,3510,50.6
100021,2025-07-14 01:30,R03,23.15,27.8,7.52,3450,40.9
100022,2025-07-14 01:30,R04,22.43,25.1,6.38,2970,25.4
100023,2025-07-14 01:30,R05,23.85,27.2,7.38,3320,38.0
100024,2025-07-14 01:30,R06,22.8,26.22,7.4,3290,43.1
100025,2025-07-14 02:00,R01,22.72,25.63,5.97,3250,31.6
100026,2025-07-14 02:00,R02,22.24,25.45,7.08,3240,40.8
100027,2025-07-14 02:00,R03,24.35,28.82,8.16,3260,44.1
100028,2025-07-14 02:00,R04,21.78,24.71,6.92,3110,35.9
100029,2025-07-14 02:00,R05,24.0,28.27,6.84,3160,35.8
100030,2025-07-14 02:00,R06,23.38,27.11,7.01,3130,35.3
100031,2025-07-14 02:30,R01,21.34,24.74,6.6,3120,32.3
100032,2025-07-14 02:30,R02,22.36,26.28,8.08,3400,49.8
100033,2025-07-14 02:30,R03,24.24,28.86,8.0,3450,47.1
100034,2025-07-14 02:30,R04,22.17,26.64,7.43,3240,41.0
100035,2025-07-14 02:30,R05,22.17,25.34,6.01,3330,33.9
100036,2025-07-14 02:30,R06,22.82,25.92,7.33,3250,45.7
100037,2025-07-14 03:00,R01,21.72,25.85,6.54,3070,29.9
100038,2025-07-14 03:00,R02,22.98,26.54,7.72,3460,41.4
100039,2025-07-14 03:00,R03,22.2,26.1,7.17,3020,37.3
100040,2025-07-14 03:00,R04,24.07,27.56,7.05,3430,40.9
100041,2025-07-14 03:00,R05,23.2,27.19,6.97,3310,37.5
100042,2025-07-14 03:00,R06,23.3,27.29,7.38,3300,36.5
100043,2025-07-14 03:30,R01,21.61,25.43,6.88,3210,34.8
100044,2025-07-14 03:30,R02,23.14,27.17,7.97,3460,45.5
100045,2025-07-14 03:30,R03,22.22,26.4,7.41,3150,39.4
100046,2025-07-14 03:30,R04,22.8,26.24,6.71,3150,38.5
100047,2025-07-14 03:30,R05,22.7,26.08,6.87,3020,30.9
100048,2025-07-14 03:30,R06,22.08,25.28,7.41,3370,42.7
100049,2025-07-14 04:00,R01,22.32,25.74,6.98,3390,41.0
100050,2025-07-14 04:00,R02,23.9,27.08,6.25,2960,36.1
100051,2025-07-14 04:00,R03,24.0,27.18,7.36,3340,41.4
100052,2025-07-14 04:00,R04,23.25,26.62,6.82,3020,30.0
100053,2025-07-14 04:00,R05,23.94,28.08,7.91,3500,43.5
100054,2025-07-14 04:00,R06,22.95,25.95,6.42,3020,32.7
100055,2025-07-14 04:30,R01,22.23,26.43,6.83,3290,36.0
100056,2025-07-14 04:30,R02,22.13,25.74,6.62,3190,35.7
100057,2025-07-14 04:30,R03,23.1,27.64,6.68,3190,30.0
100058,2025-07-14 04:30,R04,22.62,26.54,7.1,2900,33.1
100059,2025-07-14 04:30,R05,22.5,26.68,7.39,3390,42.1
100060,2025-07-14 04:30,R06,23.16,27.43,8.23,3250,46.8
100061,2025-07-14 05:00,R01,21.97,25.89,7.23,3210,38.9
100062,2025-07-14 05:00,R02,21.15,24.54,6.51,2880,25.9
100063,2025-07-14 05:00,R03,22.61,26.28,7.14,3220,35.2
100064,2025-07-14 05:00,R04,22.35,26.01,6.86,3210,38.1
100065,2025-07-14 05:00,R05,22.46,25.36,7.0,3150,34.1
100066,2025-07-14 05:00,R06,22.28,26.15,7.47,3660,48.6
100067,2025-07-14 05:30,R01,22.53,25.57,6.85,3260,40.1
100068,2025-07-14 05:30,R02,23.23,27.21,7.69,3670,56.0
100069,2025-07-14 05:30,R03,22.5,27.55,8.34,3720,50.5
100070,2025-07-14 05:30,R04,22.69,26.2,6.53,3280,37.4
100071,2025-07-14 05:30,R05,21.7,25.57,7.82,3390,36.5
100072,2025-07-14 05:30,R06,21.58,25.01,6.76,3160,35.7
100073,2025-07-14 06:00,R01,21.68,25.71,7.78,3410,41.7
100074,2025-07-14 06:00,R02,22.03,25.22,6.01,3220,35.3
100075,2025-07-14 06:00,R03,22.73,26.51,6.4,3040,30.1
100076,2025-07-14 06:00,R04,21.75,26.44,8.27,3620,47.3
100077,2025-07-14 06:00,R05,22.83,26.23,6.97,3050,36.4
100078,2025-07-14 06:00,R06,23.46,27.91,8.29,3080,41.6
100079,2025-07-14 06:30,R01,21.59,25.96,8.35,3560,50.8
100080,2025-07-14 06:30,R02,22.42,26.7,7.63,3180,42.8
100081,2025-07-14 06:30,R03,22.96,26.99,8.07,3630,46.0
100082,2025-07-14 06:30,R04,22.84,27.42,8.42,3690,55.6
100083,2025-07-14 06:30,R05,23.12,27.47,8.26,3660,48.0
100084,2025-07-14 06:30,R06,22.42,26.88,7.35,3490,47.7
100085,2025-07-14 07:00,R01,21.27,24.27,6.88,3550,48.0
100086,2025-07-14 07:00,R02,21.99,27.53,7.82,3580,51.1
100087,2025-07-14 07:00,R03,22.33,26.34,7.83,3190,39.1
100088,2025-07-14 07:00,R04,23.77,27.24,7.03,3060,38.6
100089,2025-07-14 07:00,R05,22.41,26.42,7.8,3600,57.2
100090,2025-07-14 07:00,R06,23.06,27.24,7.28,3420,42.6
100091,2025-07-14 07:30,R01,23.21,26.34,7.48,3260,40.1
100092,2025-07-14 07:30,R02,22.15,26.6,7.82,3400,50.1
100093,2025-07-14 07:30,R03,22.4,25.96,7.66,3680,51.3
100094,2025-07-14 07:30,R04,23.05,27.74,8.69,3470,58.7
100095,2025-07-14 07:30,R05,22.64,25.82,7.35,3250,41.9
100096,2025-07-14 07:30,R06,21.88,26.51,8.3,3630,53.5
100097,2025-07-14 08:00,R01,21.13,25.95,9.13,3690,61.7
100098,2025-07-14 08:00,R02,22.15,26.68,8.75,3820,63.5
100099,2025-07-14 08:00,R03,23.33,28.05,8.53,3500,51.6
100100,2025-07-14 08:00,R04,22.68,27.47,8.16,3560,53.2
100101,2025-07-14 08:00,R05,22.44,26.39,8.07,3370,48.1
100102,2025-07-14 08:00,R06,22.15,26.36,7.95,3310,45.6
100103,2025-07-14 08:30,R01,22.14,26.27,7.78,3700,55.9
100104,2025-07-14 08:30,R02,23.17,27.46,8.27,3620,50.5
100105,2025-07-14 08:30,R03,24.74,29.85,8.92,3700,60.7
100106,2025-07-14 08:30,R04,22.27,27.3,9.0,3610,59.7
100107,2025-07-14 08:30,R05,23.67,27.64,7.4,3760,49.0
100108,2025-07-14 08:30,R06,22.11,25.71,7.5,3500,54.0
100109,2025-07-14 09:00,R01,22.38,27.3,9.18,3730,62.2
100110,2025-07-14 09:00,R02,23.19,27.51,7.91,3580,49.0
100111,2025-07-14 09:00,R03,23.64,28.05,9.1,3850,66.1
100112,2025-07-14 09:00,R04,21.51,25.76,8.61,3750,56.6
100113,2025-07-14 09:00,R05,23.42,27.23,7.94,3750,54.8
100114,2025-07-14 09:00,R06,22.73,27.41,8.88,3640,66.6
100115,2025-07-14 09:30,R01,22.15,26.41,8.17,3580,52.7
100116,2025-07-14 09:30,R02,22.81,28.34,9.33,3880,66.1
100117,2025-07-14 09:30,R03,23.74,27.75,8.39,3450,45.3
100118,2025-07-14 09:30,R04,23.2,26.95,8.24,3540,55.7
100119,2025-07-14 09:30,R05,22.64,26.63,7.95,3700,62.1
100120,2025-07-14 09:30,R06,22.73,26.73,8.18,3490,53.3
100121,2025-07-14 10:00,R01,21.86,26.22,8.95,3810,70.8
100122,2025-07-14 10:00,R02,23.57,27.9,8.21,3870,54.1
100123,2025-07-14 10:00,R03,23.16,27.69,9.06,3840,64.8
100124,2025-07-14 10:00,R04,23.19,27.83,8.3,3420,53.2
100125,2025-07-14 10:00,R05,24.33,28.0,8.03,3780,59.0
100126,2025-07-14 10:00,R06,22.6,28.6,9.97,4120,82.2
100127,2025-07-14 10:30,R01,21.04,24.72,8.05,3480,48.9
100128,2025-07-14 10:30,R02,23.06,27.2,9.01,3560,60.6
100129,2025-07-14 10:30,R03,24.16,28.67,9.41,4020,68.6
100130,2025-07-14 10:30,R04,23.59,29.26,9.45,3630,63.9
100131,2025-07-14 10:30,R05,23.31,27.68,8.45,3750,56.9
100132,2025-07-14 10:30,R06,22.32,27.49,8.71,3730,60.3
100133,2025-07-14 11:00,R01,22.87,28.01,8.86,3740,65.1
100134,2025-07-14 11:00,R02,23.53,27.78,8.3,3550,50.5
100135,2025-07-14 11:00,R03,23.95,28.73,8.58,3580,57.4
100136,2025-07-14 11:00,R04,21.97,27.58,9.7,4000,71.2
100137,2025-07-14 11:00,R05,24.44,29.39,9.11,3900,64.1
100138,2025-07-14 11:00,R06,23.69,27.72,8.08,3650,56.6
100139,2025-07-14 11:30,R01,24.26,28.86,8.66,3770,59.9
100140,2025-07-14 11:30,R02,23.67,28.95,9.94,4120,71.7
100141,2025-07-14 11:30,R03,23.1,27.69,9.31,3740,65.4
100142,2025-07-14 11:30,R04,21.81,25.91,8.3,3540,62.1
100143,2025-07-14 11:30,R05,23.0,28.2,8.95,3760,60.4
100144,2025-07-14 11:30,R06,24.63,28.33,9.06,3750,65.2
100145,2025-07-14 12:00,R01,22.03,26.9,8.95,3930,67.3
100146,2025-07-14 12:00,R02,23.54,27.85,9.57,3970,72.2
100147,2025-07-14 12:00,R03,24.01,28.19,9.21,3810,59.5
100148,2025-07-14 12:00,R04,21.95,26.81,10.23,4260,76.6
100149,2025-07-14 12:00,R05,22.98,28.54,10.1,4050,76.0
100150,2025-07-14 12:00,R06,23.57,28.48,8.92,3700,57.7
100151,2025-07-14 12:30,R01,21.14,25.67,9.2,4000,70.4
100152,2025-07-14 12:30,R02,22.66,27.58,9.61,3840,67.9
100153,2025-07-14 12:30,R03,22.98,28.09,8.69,3470,60.5
100154,2025-07-14 12:30,R04,23.18,28.42,9.55,3920,71.1
100155,2025-07-14 12:30,R05,24.37,28.46,8.42,3500,56.2
100156,2025-07-14 12:30,R06,22.79,27.88,9.61,3990,70.3
100157,2025-07-14 13:00,R01,21.99,27.26,9.5,3910,73.7
100158,2025-07-14 13:00,R02,23.18,27.9,9.6,3970,65.7
100159,2025-07-14 13:00,R03,23.66,28.95,9.81,3850,72.1
100160,2025-07-14 13:00,R04,23.05,28.45,9.83,4380,76.5
100161,2025-07-14 13:00,R05,23.25,27.62,8.17,3730,58.8
100162,2025-07-14 13:00,R06,22.56,27.16,8.87,3880,58.5
100163,2025-07-14 13:30,R01,22.85,28.21,10.7,4080,78.9
100164,2025-07-14 13:30,R02,23.06,28.74,9.32,4110,73.6
100165,2025-07-14 13:30,R03,24.2,28.58,9.04,3870,67.8
100166,2025-07-14 13:30,R04,23.57,28.17,9.19,3870,62.4
100167,2025-07-14 13:30,R05,23.11,28.37,9.64,4140,66.6
100168,2025-07-14 13:30,R06,24.12,29.15,9.98,4390,77.7
100169,2025-07-14 14:00,R01,21.96,26.28,8.87,3820,63.8
100170,2025-07-14 14:00,R02,23.61,29.12,9.68,3890,76.2
100171,2025-07-14 14:00,R03,24.5,29.42,9.61,3790,74.6
100172,2025-07-14 14:00,R04,22.94,28.59,10.25,3820,74.4
100173,2025-07-14 14:00,R05,22.97,28.28,9.84,3980,80.3
100174,2025-07-14 14:00,R06,23.25,28.21,10.13,4360,79.9
100175,2025-07-14 14:30,R01,22.44,27.88,9.61,4210,71.6
100176,2025-07-14 14:30,R02,23.74,27.9,9.45,3850,67.8
100177,2025-07-14 14:30,R03,23.98,28.63,9.51,3900,63.3
100178,2025-07-14 14:30,R04,22.33,26.56,9.19,3910,73.9
100179,2025-07-14 14:30,R05,22.14,27.56,9.84,3980,79.2
100180,2025-07-14 14:30,R06,22.79,28.21,10.12,3980,71.4
100181,2025-07-14 15:00,R01,21.88,27.54,10.04,4270,80.4
100182,2025-07-14 15:00,R02,24.95,30.19,10.08,4070,76.4
100183,2025-07-14 15:00,R03,24.22,29.24,9.49,4120,72.8
100184,2025-07-14 15:00,R04,21.35,26.2,8.68,3860,61.5
100185,2025-07-14 15:00,R05,23.76,28.67,9.37,4020,66.0
100186,2025-07-14 15:00,R06,22.92,28.26,9.9,4180,75.1
100187,2025-07-14 15:30,R01,22.92,28.38,9.69,4040,69.1
100188,2025-07-14 15:30,R02,22.92,28.17,9.73,3810,67.9
100189,2025-07-14 15:30,R03,24.13,28.73,8.01,3780,59.4
100190,2025-07-14 15:30,R04,22.91,28.02,9.41,3840,64.4
100191,2025-07-14 15:30,R05,23.65,28.87,10.2,4250,79.3
100192,2025-07-14 15:30,R06,23.19,27.92,8.92,3780,66.6
100193,2025-07-14 16:00,R01,20.9,25.21,8.76,3910,65.3
100194,2025-07-14 16:00,R02,23.64,28.34,9.22,3710,66.0
100195,2025-07-14 16:00,R03,23.65,28.18,8.01,3630,56.5
100196,2025-07-14 16:00,R04,23.14,28.05,10.15,4010,77.2
100197,2025-07-14 16:00,R05,24.32,29.78,11.12,4220,83.9
100198,2025-07-14 16:00,R06,22.97,27.87,9.69,4060,74.5
100199,2025-07-14 16:30,R01,22.15,27.54,9.47,3850,75.1
100200,2025-07-14 16:30,R02,22.88,27.86,9.53,3980,77.6
100201,2025-07-14 16:30,R03,23.8,29.65,10.41,4110,82.4
100202,2025-07-14 16:30,R04,23.99,29.4,9.96,4120,81.9
100203,2025-07-14 16:30,R05,22.32,27.22,9.97,3890,70.2
100204,2025-07-14 16:30,R06,22.11,28.17,10.3,4150,78.5
100205,2025-07-14 17:00,R01,21.53,25.8,8.66,3420,53.8
100206,2025-07-14 17:00,R02,22.17,26.84,9.34,3830,61.1
100207,2025-07-14 17:00,R03,24.07,28.85,9.54,4060,74.7
100208,2025-07-14 17:00,R04,22.48,27.69,10.1,4160,74.8
100209,2025-07-14 17:00,R05,23.01,28.41,9.53,3870,70.2
100210,2025-07-14 17:00,R06,24.52,29.46,8.71,3820,62.0
100211,2025-07-14 17:30,R01,21.95,26.52,9.45,3740,64.5
100212,2025-07-14 17:30,R02,22.56,27.27,8.48,3630,64.4
100213,2025-07-14 17:30,R03,23.38,29.53,10.92,4270,84.6
100214,2025-07-14 17:30,R04,23.03,27.62,8.61,3560,55.1
100215,2025-07-14 17:30,R05,23.95,29.76,10.49,3960,78.6
100216,2025-07-14 17:30,R06,22.27,27.43,10.07,3780,71.9
100217,2025-07-14 18:00,R01,22.62,26.59,7.48,3440,51.6
100218,2025-07-14 18:00,R02,23.81,29.03,9.42,3520,64.7
100219,2025-07-14 18:00,R03,22.51,27.6,8.78,3730,56.9
100220,2025-07-14 18:00,R04,23.37,28.02,9.36,3830,67.2
100221,2025-07-14 18:00,R05,24.82,31.05,9.45,3910,63.4
100222,2025-07-14 18:00,R06,23.17,28.39,10.24,4140,75.0
100223,2025-07-14 18:30,R01,22.42,27.57,10.0,4450,85.7
100224,2025-07-14 18:30,R02,21.71,26.07,8.29,3680,54.2
100225,2025-07-14 18:30,R03,23.53,27.79,9.52,3800,61.1
100226,2025-07-14 18:30,R04,23.64,27.52,8.31,3750,61.6
100227,2025-07-14 18:30,R05,25.71,30.36,9.61,3950,68.7
100228,2025-07-14 18:30,R06,23.02,27.72,8.65,3600,59.5
100229,2025-07-14 19:00,R01,23.33,28.12,7.98,3640,47.2
100230,2025-07-14 19:00,R02,22.99,28.57,11.08,4300,88.8
100231,2025-07-14 19:00,R03,22.77,26.8,8.01,3600,49.2
100232,2025-07-14 19:00,R04,24.06,29.52,9.82,3890,76.3
100233,2025-07-14 19:00,R05,23.29,27.93,8.81,3790,58.1
100234,2025-07-14 19:00,R06,23.78,29.26,9.18,3800,66.9
100235,2025-07-14 19:30,R01,23.1,27.94,8.21,3730,61.8
100236,2025-07-14 19:30,R02,22.13,26.64,9.46,3780,64.7
100237,2025-07-14 19:30,R03,23.12,28.37,8.92,3640,59.0
100238,2025-07-14 19:30,R04,21.64,25.92,8.28,3590,52.5
100239,2025-07-14 19:30,R05,22.16,26.53,9.1,3650,58.1
100240,2025-07-14 19:30,R06,22.32,26.71,8.9,3550,62.0
100241,2025-07-14 20:00,R01,22.93,27.26,8.25,3570,52.7
100242,2025-07-14 20:00,R02,23.64,28.89,8.18,3730,60.0
100243,2025-07-14 20:00,R03,22.51,27.35,8.57,3790,65.8
100244,2025-07-14 20:00,R04,23.46,26.64,8.42,3580,57.8
100245,2025-07-14 20:00,R05,23.81,27.9,8.17,3560,48.0
100246,2025-07-14 20:00,R06,23.8,28.02,9.1,3830,65.5
100247,2025-07-14 20:30,R01,22.66,26.61,9.02,3650,56.3
100248,2025-07-14 20:30,R02,22.91,26.55,8.0,3480,51.2
100249,2025-07-14 20:30,R03,23.09,27.26,8.13,3680,52.1
100250,2025-07-14 20:30,R04,22.09,26.57,9.51,3820,65.6
100251,2025-07-14 20:30,R05,22.42,26.9,8.86,3610,61.0
100252,2025-07-14 20:30,R06,22.65,26.95,9.02,3840,70.1
100253,2025-07-14 21:00,R01,22.65,27.86,7.66,3500,51.2
100254,2025-07-14 21:00,R02,23.55,27.29,9.32,3800,61.3
100255,2025-07-14 21:00,R03,22.72,27.32,8.79,3750,61.7
100256,2025-07-14 21:00,R04,22.34,26.67,8.3,3640,55.1
100257,2025-07-14 21:00,R05,22.35,26.73,8.61,3540,59.8
100258,2025-07-14 21:00,R06,23.09,27.05,8.92,3920,68.8
100259,2025-07-14 21:30,R01,22.61,27.06,7.96,3530,54.5
100260,2025-07-14 21:30,R02,23.47,27.59,8.87,3510,53.5
100261,2025-07-14 21:30,R03,24.25,28.2,7.92,3620,55.1
100262,2025-07-14 21:30,R04,22.78,26.56,7.27,3500,48.7
100263,2025-07-14 21:30,R05,24.43,28.11,8.38,3740,61.3
100264,2025-07-14 21:30,R06,24.09,28.5,7.76,3500,46.0
100265,2025-07-14 22:00,R01,22.21,26.75,9.09,3640,60.8
100266,2025-07-14 22:00,R02,21.72,26.33,8.7,3340,53.3
100267,2025-07-14 22:00,R03,23.64,28.12,9.08,3970,60.0
100268,2025-07-14 22:00,R04,22.87,26.54,7.83,3610,48.0
100269,2025-07-14 22:00,R05,21.23,25.85,8.41,3590,53.3
100270,2025-07-14 22:00,R06,23.65,28.28,9.22,3480,52.6
100271,2025-07-14 22:30,R01,22.08,26.34,8.06,3530,54.4
100272,2025-07-14 22:30,R02,21.99,26.7,7.87,3420,44.7
100273,2025-07-14 22:30,R03,24.5,28.69,8.2,3570,48.0
100274,2025-07-14 22:30,R04,23.49,27.26,8.23,3580,48.4
100275,2025-07-14 22:30,R05,22.47,27.83,9.19,3670,65.7
100276,2025-07-14 22:30,R06,23.04,28.17,8.52,3390,48.8
100277,2025-07-14 23:00,R01,22.08,26.33,7.23,3220,40.2
100278,2025-07-14 23:00,R02,23.5,27.38,7.65,3290,47.5
100279,2025-07-14 23:00,R03,23.33,27.9,7.49,3410,42.5
100280,2025-07-14 23:00,R04,22.6,26.29,7.73,3410,38.6
100281,2025-07-14 23:00,R05,23.42,27.64,8.32,3260,46.7
100282,2025-07-14 23:00,R06,22.74,26.87,7.28,3380,41.8
100283,2025-07-14 23:30,R01,22.69,26.85,8.5,3490,59.3
100284,2025-07-14 23:30,R02,22.7,26.72,7.44,3240,43.0
100285,2025-07-14 23:30,R03,23.49,27.68,7.7,3360,40.8
100286,2025-07-14 23:30,R04,23.35,27.32,7.22,3410,46.6
100287,2025-07-14 23:30,R05,23.58,27.44,6.42,3320,36.1
100288,2025-07-14 23:30,R06,23.89,28.02,8.34,3670,57.5
100289,2025-07-15 00:00,R01,22.73,25.52,6.55,3100,30.5
100290,2025-07-15 00:00,R02,22.65,25.94,7.39,3250,39.4
100291,2025-07-15 00:00,R03,22.78,27.36,8.14,3530,52.2
100292,2025-07-15 00:00,R04,23.03,26.86,7.4,3540,47.3
100293,2025-07-15 00:00,R05,22.96,25.31,6.79,3010,34.8
100294,2025-07-15 00:00,R06,22.27,25.61,6.99,3220,38.7
100295,2025-07-15 00:30,R01,21.91,25.83,6.9,3190,38.8
100296,2025-07-15 00:30,R02,22.6,26.76,6.88,3230,36.9
100297,2025-07-15 00:30,R03,23.04,26.99,7.62,3400,43.0
100298,2025-07-15 00:30,R04,21.59,25.38,7.48,3360,44.8
100299,2025-07-15 00:30,R05,22.59,27.3,8.24,3470,45.2
100300,2025-07-15 00:30,R06,20.88,23.64,7.09,3330,41.6
100301,2025-07-15 01:00,R01,21.04,24.16,6.77,3230,36.7
100302,2025-07-15 01:00,R02,22.05,24.78,6.31,3230,40.1
100303,2025-07-15 01:00,R03,22.58,26.98,6.91,3190,35.1
100304,2025-07-15 01:00,R04,23.23,26.88,7.23,3330,39.3
100305,2025-07-15 01:00,R05,21.48,24.84,6.17,3000,25.1
100306,2025-07-15 01:00,R06,22.23,25.79,6.77,3440,37.4
100307,2025-07-15 01:30,R01,22.25,25.81,6.37,3000,27.2
100308,2025-07-15 01:30,R02,23.46,27.47,6.99,3040,37.2
100309,2025-07-15 01:30,R03,23.91,27.5,7.37,3060,35.8
100310,2025-07-15 01:30,R04,22.56,26.95,7.67,3560,46.0
100311,2025-07-15 01:30,R05,24.18,28.55,8.15,3380,49.0
100312,2025-07-15 01:30,R06,21.12,24.62,7.02,3270,34.5
100313,2025-07-15 02:00,R01,21.56,26.22,7.08,3360,39.9
100314,2025-07-15 02:00,R02,22.61,26.25,6.61,3150,38.2
100315,2025-07-15 02:00,R03,23.03,26.05,6.42,3240,28.1
100316,2025-07-15 02:00,R04,23.54,27.27,7.15,3230,38.0
100317,2025-07-15 02:00,R05,23.32,27.13,6.7,3250,37.2
100318,2025-07-15 02:00,R06,23.55,28.16,8.47,3750,53.8
100319,2025-07-15 02:30,R01,22.22,26.0,6.65,3140,35.5
100320,2025-07-15 02:30,R02,21.72,25.66,6.42,2910,29.7
100321,2025-07-15 02:30,R03,22.02,25.55,7.22,3340,39.4
100322,2025-07-15 02:30,R04,21.42,24.4,6.16,3060,32.2
100323,2025-07-15 02:30,R05,22.87,26.44,7.24,3280,35.2
100324,2025-07-15 02:30,R06,22.92,27.23,7.66,3590,45.2
100325,2025-07-15 03:00,R01,21.95,26.13,7.08,2850,37.3
100326,2025-07-15 03:00,R02,22.42,26.03,6.99,2980,40.8
100327,2025-07-15 03:00,R03,23.3,27.51,7.63,3390,39.9
100328,2025-07-15 03:00,R04,22.94,25.8,6.18,3100,30.5
100329,2025-07-15 03:00,R05,23.23,27.12,6.23,3240,29.1
100330,2025-07-15 03:00,R06,21.02,24.45,7.39,3430,43.1
100331,2025-07-15 03:30,R01,21.33,25.54,8.14,3250,41.2
100332,2025-07-15 03:30,R02,23.3,25.96,5.33,2870,19.5
100333,2025-07-15 03:30,R03,21.98,25.04,7.31,3310,41.2
100334,2025-07-15 03:30,R04,21.61,24.8,6.21,3080,31.8
100335,2025-07-15 03:30,R05,23.75,27.95,8.36,3760,54.7
100336,2025-07-15 03:30,R06,22.71,26.74,6.73,3040,32.6
100337,2025-07-15 04:00,R01,21.47,25.0,6.91,3300,38.4
100338,2025-07-15 04:00,R02,21.87,26.21,6.83,3180,35.0
100339,2025-07-15 04:00,R03,24.17,27.23,5.9,2850,30.3
100340,2025-07-15 04:00,R04,22.33,26.11,6.93,3090,34.6
100341,2025-07-15 04:00,R05,22.91,26.65,6.88,3130,33.9
100342,2025-07-15 04:00,R06,22.99,26.72,7.75,3360,42.9
100343,2025-07-15 04:30,R01,21.92,25.61,7.17,3420,38.3
100344,2025-07-15 04:30,R02,21.61,23.8,5.71,2670,19.8
100345,2025-07-15 04:30,R03,22.75,26.55,6.92,3290,39.6
100346,2025-07-15 04:30,R04,23.39,28.01,7.78,3330,44.3
100347,2025-07-15 04:30,R05,23.23,27.3,7.77,3460,44.0
100348,2025-07-15 04:30,R06,23.09,26.1,6.44,2810,32.2
100349,2025-07-15 05:00,R01,23.35,27.37,7.24,3320,42.9
100350,2025-07-15 05:00,R02,22.2,26.27,7.64,3440,45.8
100351,2025-07-15 05:00,R03,22.34,25.44,6.0,3110,27.3
100352,2025-07-15 05:00,R04,22.43,26.45,6.95,2940,35.6
100353,2025-07-15 05:00,R05,23.75,26.93,6.88,3110,30.5
100354,2025-07-15 05:00,R06,23.25,27.29,7.94,3460,47.3
100355,2025-07-15 05:30,R01,21.69,26.24,7.52,2980,38.6
100356,2025-07-15 05:30,R02,21.57,26.21,8.66,3760,57.7
100357,2025-07-15 05:30,R03,23.97,27.88,7.67,3570,45.2
100358,2025-07-15 05:30,R04,22.56,26.06,6.67,3190,35.5
100359,2025-07-15 05:30,R05,22.01,25.23,5.44,2990,23.1
100360,2025-07-15 05:30,R06,22.77,26.33,7.69,3270,46.2
100361,2025-07-15 06:00,R01,23.63,27.56,7.79,3420,43.6
100362,2025-07-15 06:00,R02,22.8,26.24,7.35,3350,35.5
100363,2025-07-15 06:00,R03,22.86,26.78,8.09,3410,43.5
100364,2025-07-15 06:00,R04,22.24,27.24,8.66,3720,59.0
100365,2025-07-15 06:00,R05,22.36,26.5,7.41,3350,46.0
100366,2025-07-15 06:00,R06,22.81,26.7,7.58,3400,41.5
100367,2025-07-15 06:30,R01,21.88,25.51,6.71,3140,36.1
100368,2025-07-15 06:30,R02,22.06,25.45,6.83,3110,38.1
100369,2025-07-15 06:30,R03,23.0,26.54,7.74,3340,44.1
100370,2025-07-15 06:30,R04,21.29,25.94,8.36,3470,52.4
100371,2025-07-15 06:30,R05,22.69,26.53,7.9,3450,43.6
100372,2025-07-15 06:30,R06,23.55,27.6,7.42,3390,43.6
100373,2025-07-15 07:00,R01,23.64,27.82,7.6,3350,42.1
100374,2025-07-15 07:00,R02,22.93,26.89,7.61,3570,50.5
100375,2025-07-15 07:00,R03,23.06,26.35,7.82,3410,51.7
100376,2025-07-15 07:00,R04,22.62,26.52,6.88,3190,43.9
100377,2025-07-15 07:00,R05,23.26,26.91,7.71,3200,40.4
100378,2025-07-15 07:00,R06,22.66,26.91,7.95,3490,45.4
100379,2025-07-15 07:30,R01,21.66,25.97,7.98,3690,53.5
100380,2025-07-15 07:30,R02,21.98,26.54,8.16,3570,60.7
100381,2025-07-15 07:30,R03,22.29,25.54,6.69,3470,48.6
100382,2025-07-15 07:30,R04,23.02,26.87,7.53,3340,43.4
100383,2025-07-15 07:30,R05,21.75,26.06,7.55,3310,40.8
100384,2025-07-15 07:30,R06,22.26,26.76,8.13,3430,48.9
100385,2025-07-15 08:00,R01,21.31,25.59,9.02,3600,52.4
100386,2025-07-15 08:00,R02,23.9,28.38,8.23,3410,44.3
100387,2025-07-15 08:00,R03,22.09,26.16,9.07,3640,54.1
100388,2025-07-15 08:00,R04,23.02,27.52,7.9,3470,45.0
100389,2025-07-15 08:00,R05,22.68,27.67,7.48,3470,49.1
100390,2025-07-15 08:00,R06,22.45,25.53,8.08,3590,53.7
100391,2025-07-15 08:30,R01,22.35,26.26,7.37,3220,39.8
100392,2025-07-15 08:30,R02,22.86,26.23,7.79,3530,49.7
100393,2025-07-15 08:30,R03,23.46,27.92,8.67,3670,58.9
100394,2025-07-15 08:30,R04,22.83,26.73,8.52,3820,60.4
100395,2025-07-15 08:30,R05,22.33,25.89,7.32,3590,51.3
100396,2025-07-15 08:30,R06,22.28,26.18,8.91,3940,62.4
100397,2025-07-15 09:00,R01,22.97,27.62,8.28,3600,55.0
100398,2025-07-15 09:00,R02,22.47,26.32,8.1,3710,51.4
100399,2025-07-15 09:00,R03,23.81,27.26,8.66,3620,61.3
100400,2025-07-15 09:00,R04,23.21,26.77,7.76,3570,52.0
100401,2025-07-15 09:00,R05,24.69,29.59,8.01,3430,52.4
100402,2025-07-15 09:00,R06,22.5,26.86,8.15,3400,50.3
100403,2025-07-15 09:30,R01,23.14,27.53,8.78,3460,54.5
100404,2025-07-15 09:30,R02,22.65,27.99,9.41,3850,65.8
100405,2025-07-15 09:30,R03,24.78,29.07,7.81,3680,52.8
100406,2025-07-15 09:30,R04,22.62,27.27,8.35,3790,64.3
100407,2025-07-15 09:30,R05,22.83,27.37,8.74,3530,58.4
100408,2025-07-15 09:30,R06,23.81,28.02,8.16,3780,58.8
100409,2025-07-15 10:00,R01,21.77,26.34,8.72,3660,57.1
100410,2025-07-15 10:00,R02,22.0,26.79,8.39,3690,64.2
100411,2025-07-15 10:00,R03,22.35,27.72,9.5,3640,64.1
100412,2025-07-15 10:00,R04,24.29,29.18,8.67,3660,60.1
100413,2025-07-15 10:00,R05,24.18,28.3,8.64,3730,65.3
100414,2025-07-15 10:00,R06,22.9,27.89,8.8,3990,62.4
100415,2025-07-15 10:30,R01,22.72,27.02,8.09,3650,55.5
100416,2025-07-15 10:30,R02,23.18,27.98,8.91,3800,62.5
100417,2025-07-15 10:30,R03,23.62,27.76,8.39,3760,56.3
100418,2025-07-15 10:30,R04,22.38,27.52,8.69,3530,60.1
100419,2025-07-15 10:30,R05,23.09,28.05,8.99,3760,60.2
100420,2025-07-15 10:30,R06,23.37,28.13,9.56,4030,68.6
100421,2025-07-15 11:00,R01,21.43,26.2,9.65,3930,72.9
100422,2025-07-15 11:00,R02,21.52,26.05,9.16,3920,69.9
100423,2025-07-15 11:00,R03,23.13,27.5,8.52,3690,63.0
100424,2025-07-15 11:00,R04,23.13,27.86,9.32,3940,75.3
100425,2025-07-15 11:00,R05,24.36,29.26,8.94,3770,56.3
100426,2025-07-15 11:00,R06,23.57,27.08,8.17,3680,54.2
100427,2025-07-15 11:30,R01,21.15,25.9,8.77,3570,61.0
100428,2025-07-15 11:30,R02,21.64,26.09,9.15,3780,64.0
100429,2025-07-15 11:30,R03,24.5,29.78,10.44,4020,79.3
100430,2025-07-15 11:30,R04,22.96,28.01,9.03,4040,73.0
100431,2025-07-15 11:30,R05,22.78,26.74,8.8,3910,65.3
100432,2025-07-15 11:30,R06,23.79,28.41,9.05,4060,70.7
100433,2025-07-15 12:00,R01,22.64,27.29,9.72,4180,76.7
100434,2025-07-15 12:00,R02,23.43,27.83,9.27,4030,63.3
100435,2025-07-15 12:00,R03,23.43,28.5,9.03,3720,61.2
100436,2025-07-15 12:00,R04,22.5,27.29,9.31,3760,63.9
100437,2025-07-15 12:00,R05,23.16,28.27,10.15,4080,73.7
100438,2025-07-15 12:00,R06,22.6,28.15,9.78,3910,68.2
100439,2025-07-15 12:30,R01,21.99,27.22,10.1,4010,72.2
100440,2025-07-15 12:30,R02,23.57,29.06,9.43,3890,68.7
100441,2025-07-15 12:30,R03,23.53,28.17,8.43,3580,57.2
100442,2025-07-15 12:30,R04,21.82,26.21,9.26,3890,73.8
100443,2025-07-15 12:30,R05,24.1,28.6,9.01,3730,63.9
100444,2025-07-15 12:30,R06,22.79,28.09,10.22,3890,70.0
100445,2025-07-15 13:00,R01,23.36,28.22,8.7,3820,73.2
100446,2025-07-15 13:00,R02,22.6,27.43,8.97,3650,57.5
100447,2025-07-15 13:00,R03,23.01,27.36,9.93,3860,66.9
100448,2025-07-15 13:00,R04,22.28,27.86,10.56,4320,83.1
100449,2025-07-15 13:00,R05,23.09,27.7,9.49,4100,74.5
100450,2025-07-15 13:00,R06,23.89,29.13,9.93,3950,74.2
100451,2025-07-15 13:30,R01,23.12,28.49,9.85,4220,75.7
100452,2025-07-15 13:30,R02,24.06,29.97,10.1,4100,83.3
100453,2025-07-15 13:30,R03,22.94,27.53,8.38,3850,63.7
100454,2025-07-15 13:30,R04,23.1,28.44,10.62,4230,81.9
100455,2025-07-15 13:30,R05,22.75,28.15,9.78,3770,66.6
100456,2025-07-15 13:30,R06,23.85,29.03,8.97,3500,66.3
100457,2025-07-15 14:00,R01,22.95,27.16,9.47,3710,66.6
100458,2025-07-15 14:00,R02,22.71,27.81,9.67,4000,71.2
100459,2025-07-15 14:00,R03,24.84,30.06,9.95,4180,73.9
100460,2025-07-15 14:00,R04,23.25,27.63,9.17,4180,74.6
100461,2025-07-15 14:00,R05,22.85,27.53,8.9,3890,65.6
100462,2025-07-15 14:00,R06,24.8,31.1,10.85,4370,85.0
100463,2025-07-15 14:30,R01,23.02,27.84,10.27,4150,75.6
100464,2025-07-15 14:30,R02,23.07,27.61,9.04,3870,66.7
100465,2025-07-15 14:30,R03,23.87,28.79,9.37,4030,74.2
100466,2025-07-15 14:30,R04,23.59,29.31,10.52,4010,80.1
100467,2025-07-15 14:30,R05,22.31,27.59,9.85,4000,74.3
100468,2025-07-15 14:30,R06,23.4,29.12,8.85,3730,66.2
100469,2025-07-15 15:00,R01,22.35,27.3,9.98,3890,75.6
100470,2025-07-15 15:00,R02,22.84,27.84,9.77,3830,71.5
100471,2025-07-15 15:00,R03,23.54,28.94,10.07,4270,78.3
100472,2025-07-15 15:00,R04,22.85,27.89,8.95,3700,70.3
100473,2025-07-15 15:00,R05,22.31,28.47,10.44,4090,78.3
100474,2025-07-15 15:00,R06,23.06,27.94,10.27,4110,78.7
100475,2025-07-15 15:30,R01,22.75,27.69,9.54,4110,69.5
100476,2025-07-15 15:30,R02,23.28,28.02,10.13,4180,75.2
100477,2025-07-15 15:30,R03,23.24,27.98,9.2,3930,67.2
100478,2025-07-15 15:30,R04,23.91,28.76,9.11,4170,71.5
100479,2025-07-15 15:30,R05,24.21,30.11,10.93,4280,88.0
100480,2025-07-15 15:30,R06,23.97,28.68,9.37,3930,69.4
100481,2025-07-15 16:00,R01,21.35,25.87,9.58,4010,71.2
100482,2025-07-15 16:00,R02,23.96,28.57,9.27,4010,72.9
100483,2025-07-15 16:00,R03,25.29,30.58,9.43,4000,69.7
100484,2025-07-15 16:00,R04,24.04,28.74,10.13,4050,81.3
100485,2025-07-15 16:00,R05,23.31,28.65,9.87,3780,75.7
100486,2025-07-15 16:00,R06,23.03,28.87,10.74,4130,84.0
100487,2025-07-15 16:30,R01,24.02,29.05,9.02,3900,72.7
100488,2025-07-15 16:30,R02,23.58,28.47,9.05,3840,65.0
100489,2025-07-15 16:30,R03,24.42,29.06,8.96,3610,61.1
100490,2025-07-15 16:30,R04,24.74,29.58,8.82,4030,69.4
100491,2025-07-15 16:30,R05,23.87,28.82,10.73,4220,80.4
100492,2025-07-15 16:30,R06,23.3,28.9,9.89,3900,71.0
100493,2025-07-15 17:00,R01,22.78,28.09,9.56,4060,70.2
100494,2025-07-15 17:00,R02,22.72,27.7,10.26,4170,81.1
100495,2025-07-15 17:00,R03,24.25,29.37,9.05,3840,67.9
100496,2025-07-15 17:00,R04,24.8,29.42,8.97,4120,72.3
100497,2025-07-15 17:00,R05,23.77,28.58,9.28,4010,67.1
100498,2025-07-15 17:00,R06,22.61,27.91,9.63,3990,65.5
100499,2025-07-15 17:30,R01,23.41,29.19,10.36,4090,78.4
100500,2025-07-15 17:30,R02,23.14,29.86,10.91,4360,83.4
100501,2025-07-15 17:30,R03,24.34,28.43,7.98,3770,52.3
100502,2025-07-15 17:30,R04,22.6,27.65,10.25,3780,74.6
100503,2025-07-15 17:30,R05,22.75,28.06,9.49,3930,64.4
100504,2025-07-15 17:30,R06,22.72,28.71,10.95,4090,75.0
100505,2025-07-15 18:00,R01,22.92,26.96,9.53,3890,66.5
100506,2025-07-15 18:00,R02,21.93,26.51,8.65,3830,64.1
100507,2025-07-15 18:00,R03,23.98,28.49,8.37,3550,61.4
100508,2025-07-15 18:00,R04,22.62,27.44,8.99,3890,66.8
100509,2025-07-15 18:00,R05,23.2,28.3,9.55,4050,73.2
100510,2025-07-15 18:00,R06,23.96,28.57,9.65,4090,72.9
100511,2025-07-15 18:30,R01,23.37,27.38,8.47,3720,55.8
100512,2025-07-15 18:30,R02,22.21,25.76,7.92,3650,55.1
100513,2025-07-15 18:30,R03,24.12,29.0,9.65,4140,70.3
100514,2025-07-15 18:30,R04,24.69,29.67,9.27,3990,71.2
100515,2025-07-15 18:30,R05,23.25,27.14,8.36,3860,61.0
100516,2025-07-15 18:30,R06,23.27,27.71,9.06,3620,59.0
100517,2025-07-15 19:00,R01,22.78,26.79,8.6,3550,51.7
100518,2025-07-15 19:00,R02,23.0,26.06,7.09,3350,44.6
100519,2025-07-15 19:00,R03,23.1,26.58,7.15,3420,50.1
100520,2025-07-15 19:00,R04,22.93,27.32,8.82,3910,61.7
100521,2025-07-15 19:00,R05,24.94,28.97,9.77,3950,73.6
100522,2025-07-15 19:00,R06,23.15,27.53,8.57,3730,58.6
100523,2025-07-15 19:30,R01,22.55,27.19,8.89,3380,59.7
100524,2025-07-15 19:30,R02,22.51,26.98,9.26,3810,60.6
100525,2025-07-15 19:30,R03,24.46,27.97,7.51,3390,48.6
100526,2025-07-15 19:30,R04,22.89,26.82,8.66,3590,59.4
100527,2025-07-15 19:30,R05,23.43,27.73,8.93,3730,60.5
100528,2025-07-15 19:30,R06,24.22,27.9,8.22,3670,52.2
100529,2025-07-15 20:00,R01,21.1,26.43,9.14,3840,60.0
100530,2025-07-15 20:00,R02,22.59,27.56,9.73,3660,66.7
100531,2025-07-15 20:00,R03,22.83,26.34,8.04,3600,55.4
100532,2025-07-15 20:00,R04,23.58,27.3,7.18,3520,50.9
100533,2025-07-15 20:00,R05,23.12,27.67,8.75,3720,63.5
100534,2025-07-15 20:00,R06,23.67,28.53,9.12,3890,58.8
100535,2025-07-15 20:30,R01,22.55,26.72,8.39,3750,62.3
100536,2025-07-15 20:30,R02,23.03,27.85,9.06,3650,53.7
100537,2025-07-15 20:30,R03,23.69,28.97,8.7,3510,58.9
100538,2025-07-15 20:30,R04,22.77,27.62,9.15,3780,59.4
100539,2025-07-15 20:30,R05,22.57,27.52,9.64,3750,67.7
100540,2025-07-15 20:30,R06,23.99,27.67,7.96,3570,55.7
100541,2025-07-15 21:00,R01,22.66,26.63,7.92,3550,48.1
100542,2025-07-15 21:00,R02,22.88,27.43,8.02,3400,51.7
100543,2025-07-15 21:00,R03,23.97,27.95,8.0,3580,50.9
100544,2025-07-15 21:00,R04,22.86,27.83,8.12,3640,53.4
100545,2025-07-15 21:00,R05,23.43,28.34,8.59,3630,54.8
100546,2025-07-15 21:00,R06,23.49,27.94,9.21,4040,67.0
100547,2025-07-15 21:30,R01,22.42,26.04,7.18,3370,37.3
100548,2025-07-15 21:30,R02,23.37,27.62,7.23,3420,47.3
100549,2025-07-15 21:30,R03,23.45,28.04,8.22,3580,48.4
100550,2025-07-15 21:30,R04,21.78,25.64,7.98,3650,54.5
100551,2025-07-15 21:30,R05,22.72,26.33,7.87,3470,49.6
100552,2025-07-15 21:30,R06,22.64,26.81,7.34,3340,45.0
100553,2025-07-15 22:00,R01,22.1,26.1,8.0,3600,57.6
100554,2025-07-15 22:00,R02,22.59,26.99,8.49,3730,56.2
100555,2025-07-15 22:00,R03,24.36,28.14,7.62,3440,45.4
100556,2025-07-15 22:00,R04,22.89,26.46,7.99,3520,50.5
100557,2025-07-15 22:00,R05,23.1,26.36,7.73,3350,41.2
100558,2025-07-15 22:00,R06,23.46,27.9,8.71,3720,52.7
100559,2025-07-15 22:30,R01,22.76,27.09,8.08,3420,52.5
100560,2025-07-15 22:30,R02,22.69,26.76,8.39,3860,64.5
100561,2025-07-15 22:30,R03,23.01,26.13,6.58,3220,34.2
100562,2025-07-15 22:30,R04,22.25,26.69,8.51,3710,54.7
100563,2025-07-15 22:30,R05,22.71,27.2,7.43,3370,44.1
100564,2025-07-15 22:30,R06,21.12,24.94,7.0,3290,36.5
100565,2025-07-15 23:00,R01,21.53,25.56,7.48,3140,37.5
100566,2025-07-15 23:00,R02,22.14,25.68,7.77,3300,41.4
100567,2025-07-15 23:00,R03,22.45,26.39,7.9,3650,48.3
100568,2025-07-15 23:00,R04,23.26,27.8,8.01,3590,47.8
100569,2025-07-15 23:00,R05,22.19,26.16,6.35,3110,36.6
100570,2025-07-15 23:00,R06,21.79,25.66,7.25,3270,45.1
100571,2025-07-15 23:30,R01,22.23,26.95,7.62,3390,43.8
100572,2025-07-15 23:30,R02,21.55,24.58,6.26,3200,34.1
100573,2025-07-15 23:30,R03,22.07,25.6,7.16,3400,46.8
100574,2025-07-15 23:30,R04,22.51,26.47,6.75,3370,40.8
100575,2025-07-15 23:30,R05,23.51,27.26,6.73,3190,40.4
100576,2025-07-15 23:30,R06,22.47,26.05,8.12,3500,48.2
100577,2025-07-16 00:00,R01,23.6,26.91,6.9,3220,39.6
100578,2025-07-16 00:00,R02,22.65,26.28,7.79,3360,41.1
100579,2025-07-16 00:00,R03,23.42,27.6,6.94,3350,31.4
100580,2025-07-16 00:00,R04,23.11,27.49,8.52,3640,56.8
100581,2025-07-16 00:00,R05,22.49,26.0,6.88,3110,35.3
100582,2025-07-16 00:00,R06,22.86,26.0,6.63,3060,30.8
100583,2025-07-16 00:30,R01,22.7,27.11,8.01,3110,39.9
100584,2025-07-16 00:30,R02,22.73,26.5,7.25,3210,33.8
100585,2025-07-16 00:30,R03,23.24,27.55,7.14,3220,40.4
100586,2025-07-16 00:30,R04,21.62,25.42,7.41,3420,47.0
100587,2025-07-16 00:30,R05,24.18,27.44,7.06,3420,45.9
100588,2025-07-16 00:30,R06,21.67,24.51,6.19,2820,25.4
100589,2025-07-16 01:00,R01,22.18,25.2,6.31,2830,27.7
100590,2025-07-16 01:00,R02,21.96,25.32,6.61,3100,34.3
100591,2025-07-16 01:00,R03,22.75,26.41,7.26,3370,42.5
100592,2025-07-16 01:00,R04,22.56,25.0,5.62,3070,28.1
100593,2025-07-16 01:00,R05,22.31,26.05,6.42,3210,33.6
100594,2025-07-16 01:00,R06,23.23,26.03,5.34,3050,28.7
100595,2025-07-16 01:30,R01,20.8,24.8,7.77,3400,42.5
100596,2025-07-16 01:30,R02,22.31,26.0,6.33,3210,28.4
100597,2025-07-16 01:30,R03,23.17,26.52,6.77,3240,37.4
100598,2025-07-16 01:30,R04,22.55,25.59,6.36,3060,37.6
100599,2025-07-16 01:30,R05,23.09,26.89,6.84,3210,29.5
100600,2025-07-16 01:30,R06,22.88,26.75,7.62,3390,47.1
100601,2025-07-16 02:00,R01,22.59,27.1,8.02,3400,49.3
100602,2025-07-16 02:00,R02,21.72,25.67,7.37,3210,37.4
100603,2025-07-16 02:00,R03,22.89,26.74,7.24,3250,41.4
100604,2025-07-16 02:00,R04,21.7,24.79,7.39,3480,41.2
100605,2025-07-16 02:00,R05,22.6,25.73,6.42,2950,28.9
100606,2025-07-16 02:00,R06,24.06,27.65,7.31,3320,43.2
100607,2025-07-16 02:30,R01,21.85,25.11,6.88,3140,38.5
100608,2025-07-16 02:30,R02,22.41,25.04,6.43,3180,28.9
100609,2025-07-16 02:30,R03,22.17,25.09,6.79,3120,31.3
100610,2025-07-16 02:30,R04,22.33,25.16,7.35,3280,46.5
100611,2025-07-16 02:30,R05,23.35,26.15,6.31,2800,24.4
100612,2025-07-16 02:30,R06,22.47,26.55,8.01,3330,42.5
100613,2025-07-16 03:00,R01,20.77,24.27,6.85,3470,37.5
100614,2025-07-16 03:00,R02,21.86,25.46,7.8,3400,39.2
100615,2025-07-16 03:00,R03,23.38,26.21,6.34,3110,31.8
100616,2025-07-16 03:00,R04,22.09,25.22,6.88,3030,33.9
100617,2025-07-16 03:00,R05,24.21,27.56,6.81,3280,34.2
100618,2025-07-16 03:00,R06,22.61,26.05,7.68,3330,43.0
100619,2025-07-16 03:30,R01,22.76,26.14,7.1,3230,36.5
100620,2025-07-16 03:30,R02,20.96,22.87,6.27,3080,31.5
100621,2025-07-16 03:30,R03,23.13,26.77,7.24,3100,39.1
100622,2025-07-16 03:30,R04,22.82,26.64,7.34,3300,38.1
100623,2025-07-16 03:30,R05,22.38,26.02,7.25,3180,35.2
100624,2025-07-16 03:30,R06,22.37,26.44,6.94,3240,33.3
100625,2025-07-16 04:00,R01,22.67,26.31,7.15,3220,35.9
100626,2025-07-16 04:00,R02,22.78,26.71,6.85,3010,36.5
100627,2025-07-16 04:00,R03,24.87,28.32,6.95,3300,34.2
100628,2025-07-16 04:00,R04,23.16,25.9,6.8,3150,33.6
100629,2025-07-16 04:00,R05,21.01,25.12,7.51,3190,40.5
100630,2025-07-16 04:00,R06,22.22,26.16,7.42,3250,39.3
100631,2025-07-16 04:30,R01,21.76,26.24,6.67,3310,37.8
100632,2025-07-16 04:30,R02,21.16,25.32,7.74,3480,42.9
100633,2025-07-16 04:30,R03,23.23,26.8,7.1,3030,34.0
100634,2025-07-16 04:30,R04,23.47,26.3,6.74,3260,38.7
100635,2025-07-16 04:30,R05,23.08,26.24,7.32,3250,37.5
100636,2025-07-16 04:30,R06,22.27,25.31,6.15,3220,34.7
100637,2025-07-16 05:00,R01,23.24,26.79,6.35,3110,30.2
100638,2025-07-16 05:00,R02,21.94,26.52,7.65,3260,40.4
100639,2025-07-16 05:00,R03,23.29,26.75,7.42,3390,35.6
100640,2025-07-16 05:00,R04,23.0,26.96,7.55,3660,52.2
100641,2025-07-16 05:00,R05,21.86,25.32,6.57,3170,30.7
100642,2025-07-16 05:00,R06,23.51,27.26,7.31,3180,40.4
100643,2025-07-16 05:30,R01,21.98,25.53,7.89,3350,45.8
100644,2025-07-16 05:30,R02,22.48,26.06,6.89,3080,30.1
100645,2025-07-16 05:30,R03,23.08,26.5,6.71,2820,25.1
100646,2025-07-16 05:30,R04,21.7,25.42,7.33,3480,44.4
100647,2025-07-16 05:30,R05,23.01,26.78,7.61,3340,41.7
100648,2025-07-16 05:30,R06,23.21,27.07,7.54,3500,47.2
100649,2025-07-16 06:00,R01,20.8,25.3,8.37,3370,51.4
100650,2025-07-16 06:00,R02,21.83,25.14,7.11,3420,37.7
100651,2025-07-16 06:00,R03,23.27,26.99,7.07,3020,29.6
100652,2025-07-16 06:00,R04,21.9,26.08,7.52,3200,42.2
100653,2025-07-16 06:00,R05,22.28,26.19,7.33,3450,42.4
100654,2025-07-16 06:00,R06,24.09,28.38,6.77,3120,39.1
100655,2025-07-16 06:30,R01,20.92,25.2,8.17,3680,58.4
100656,2025-07-16 06:30,R02,22.39,26.37,7.49,3270,41.6
100657,2025-07-16 06:30,R03,22.13,26.75,8.69,3850,60.6
100658,2025-07-16 06:30,R04,21.85,25.2,7.37,3250,42.4
100659,2025-07-16 06:30,R05,24.74,28.45,7.13,3210,38.2
100660,2025-07-16 06:30,R06,22.27,26.39,7.99,3530,46.1
100661,2025-07-16 07:00,R01,21.35,25.12,7.26,3230,37.5
100662,2025-07-16 07:00,R02,23.17,27.25,7.58,3450,44.8
100663,2025-07-16 07:00,R03,23.68,28.38,8.09,3370,53.2
100664,2025-07-16 07:00,R04,22.92,26.99,8.66,3580,60.9
100665,2025-07-16 07:00,R05,22.88,27.56,7.86,3600,45.1
100666,2025-07-16 07:00,R06,22.83,27.53,8.05,3330,50.2
100667,2025-07-16 07:30,R01,21.81,25.87,7.66,3380,46.7
100668,2025-07-16 07:30,R02,21.78,26.13,7.18,3550,43.8
100669,2025-07-16 07:30,R03,22.32,26.34,7.21,3330,38.2
100670,2025-07-16 07:30,R04,20.99,24.72,7.41,3540,49.2
100671,2025-07-16 07:30,R05,22.54,26.84,7.57,3340,45.2
100672,2025-07-16 07:30,R06,22.24,27.25,8.72,3570,61.4
100673,2025-07-16 08:00,R01,22.1,25.83,7.6,3400,47.8
100674,2025-07-16 08:00,R02,22.91,27.25,7.74,3610,54.7
100675,2025-07-16 08:00,R03,23.1,26.98,7.61,3460,46.4
100676,2025-07-16 08:00,R04,22.32,26.53,8.27,3490,53.3
100677,2025-07-16 08:00,R05,23.83,28.12,7.87,3560,41.0
100678,2025-07-16 08:00,R06,23.49,27.62,8.33,3660,59.1
100679,2025-07-16 08:30,R01,21.79,25.09,7.69,3130,45.9
100680,2025-07-16 08:30,R02,21.7,26.2,8.02,3510,52.2
100681,2025-07-16 08:30,R03,24.68,29.09,8.34,3740,55.3
100682,2025-07-16 08:30,R04,21.08,24.4,7.5,3450,44.6
100683,2025-07-16 08:30,R05,22.14,27.22,9.44,3520,61.8
100684,2025-07-16 08:30,R06,21.8,25.64,8.09,3510,53.0
100685,2025-07-16 09:00,R01,22.11,27.29,8.96,3900,68.3
100686,2025-07-16 09:00,R02,23.44,28.61,8.39,3630,52.7
100687,2025-07-16 09:00,R03,22.37,27.59,7.94,3330,49.2
100688,2025-07-16 09:00,R04,21.67,26.4,9.12,3700,62.0
100689,2025-07-16 09:00,R05,22.15,26.36,8.88,3700,58.4
100690,2025-07-16 09:00,R06,22.07,26.51,8.13,3500,49.0
100691,2025-07-16 09:30,R01,22.99,26.22,7.78,3640,52.4
100692,2025-07-16 09:30,R02,23.21,26.87,8.02,3450,54.6
100693,2025-07-16 09:30,R03,23.95,28.58,8.87,3790,64.3
100694,2025-07-16 09:30,R04,21.83,26.81,9.36,3930,66.3
100695,2025-07-16 09:30,R05,23.45,27.19,8.39,3810,59.6
100696,2025-07-16 09:30,R06,23.33,27.45,8.51,3840,58.9
100697,2025-07-16 10:00,R01,22.85,27.28,8.05,3430,52.9
100698,2025-07-16 10:00,R02,22.77,27.8,9.03,3780,67.3
100699,2025-07-16 10:00,R03,24.04,28.63,7.61,3290,44.9
100700,2025-07-16 10:00,R04,24.36,29.65,9.04,3660,55.0
100701,2025-07-16 10:00,R05,23.6,28.42,9.15,3760,67.3
100702,2025-07-16 10:00,R06,21.92,27.29,8.7,4080,67.4
100703,2025-07-16 10:30,R01,23.04,27.35,9.02,3650,61.6
100704,2025-07-16 10:30,R02,24.09,29.14,8.24,3500,52.3
100705,2025-07-16 10:30,R03,22.63,27.16,9.34,3820,68.7
100706,2025-07-16 10:30,R04,23.41,28.92,9.56,4020,71.6
100707,2025-07-16 10:30,R05,22.59,26.65,7.63,3630,48.9
100708,2025-07-16 10:30,R06,23.29,28.34,9.47,3770,68.7
100709,2025-07-16 11:00,R01,22.42,26.79,8.32,3880,60.3
100710,2025-07-16 11:00,R02,21.12,26.55,9.89,4200,77.4
100711,2025-07-16 11:00,R03,24.56,29.34,9.45,3880,71.5
100712,2025-07-16 11:00,R04,22.55,27.14,9.13,3970,66.5
100713,2025-07-16 11:00,R05,22.47,26.62,8.61,3750,57.4
100714,2025-07-16 11:00,R06,21.77,27.5,10.09,3940,74.4
100715,2025-07-16 11:30,R01,23.13,28.16,9.39,3870,64.7
100716,2025-07-16 11:30,R02,22.44,27.22,8.87,3650,60.8
100717,2025-07-16 11:30,R03,23.92,28.07,8.42,3630,57.9
100718,2025-07-16 11:30,R04,22.48,26.74,9.4,3790,66.6
100719,2025-07-16 11:30,R05,24.47,29.4,10.0,4080,77.1
100720,2025-07-16 11:30,R06,23.05,27.95,8.95,3560,60.0
100721,2025-07-16 12:00,R01,22.99,28.5,10.43,4050,71.7
100722,2025-07-16 12:00,R02,23.08,28.34,9.21,3770,62.1
100723,2025-07-16 12:00,R03,23.56,28.49,9.42,3760,65.0
100724,2025-07-16 12:00,R04,21.9,26.69,9.52,3930,72.8
100725,2025-07-16 12:00,R05,21.93,27.53,9.04,3920,70.6
100726,2025-07-16 12:00,R06,23.91,28.83,8.85,3530,58.7
100727,2025-07-16 12:30,R01,23.67,27.53,8.69,3770,59.9
100728,2025-07-16 12:30,R02,22.87,29.39,10.54,4440,85.1
100729,2025-07-16 12:30,R03,23.48,28.18,9.51,4030,67.2
100730,2025-07-16 12:30,R04,23.6,28.81,10.35,4070,77.7
100731,2025-07-16 12:30,R05,25.28,30.39,9.59,3830,73.6
100732,2025-07-16 12:30,R06,22.46,27.69,9.87,4080,73.0
100733,2025-07-16 13:00,R01,22.81,28.39,9.79,3950,69.2
100734,2025-07-16 13:00,R02,23.46,29.03,9.72,4180,74.0
100735,2025-07-16 13:00,R03,23.74,29.5,9.8,3790,71.7
100736,2025-07-16 13:00,R04,24.56,29.82,9.25,3860,67.9
100737,2025-07-16 13:00,R05,22.53,27.28,10.0,4120,75.7
100738,2025-07-16 13:00,R06,22.84,28.42,9.82,4060,72.5
100739,2025-07-16 13:30,R01,22.38,27.57,9.35,4050,68.9
100740,2025-07-16 13:30,R02,23.53,28.49,9.73,3960,72.6
100741,2025-07-16 13:30,R03,25.13,29.32,8.94,3930,66.8
100742,2025-07-16 13:30,R04,22.81,28.13,10.08,4150,78.6
100743,2025-07-16 13:30,R05,22.34,27.02,8.41,3800,58.5
100744,2025-07-16 13:30,R06,23.7,28.73,9.54,3990,74.8
100745,2025-07-16 14:00,R01,21.96,27.17,9.24,4020,75.4
100746,2025-07-16 14:00,R02,23.15,28.68,10.08,4240,77.2
100747,2025-07-16 14:00,R03,24.58,28.61,9.46,3910,69.9
100748,2025-07-16 14:00,R04,22.68,27.16,9.14,4050,78.0
100749,2025-07-16 14:00,R05,23.27,28.96,10.17,4120,77.1
100750,2025-07-16 14:00,R06,24.24,28.72,9.19,4120,69.1
100751,2025-07-16 14:30,R01,22.66,26.93,9.25,3840,59.4
100752,2025-07-16 14:30,R02,22.28,27.89,9.51,4120,67.8
100753,2025-07-16 14:30,R03,23.63,28.98,9.85,3990,76.3
100754,2025-07-16 14:30,R04,23.01,28.51,10.62,4330,89.1
100755,2025-07-16 14:30,R05,23.76,29.45,10.52,4250,82.9
100756,2025-07-16 14:30,R06,24.17,29.13,8.65,3770,66.4
100757,2025-07-16 15:00,R01,23.03,28.46,9.54,4210,75.1
100758,2025-07-16 15:00,R02,23.03,27.03,8.68,3940,67.8
100759,2025-07-16 15:00,R03,22.43,27.84,9.9,4200,81.0
100760,2025-07-16 15:00,R04,22.34,28.04,9.84,3960,72.0
100761,2025-07-16 15:00,R05,23.93,28.71,9.8,3890,74.6
100762,2025-07-16 15:00,R06,22.82,28.29,10.05,3960,70.4
100763,2025-07-16 15:30,R01,24.08,30.31,10.61,4180,81.9
100764,2025-07-16 15:30,R02,24.12,28.35,8.84,3780,65.1
100765,2025-07-16 15:30,R03,23.76,28.62,9.47,4080,77.4
100766,2025-07-16 15:30,R04,22.06,27.67,10.11,4340,84.1
100767,2025-07-16 15:30,R05,23.38,27.9,9.27,3850,68.0
100768,2025-07-16 15:30,R06,22.83,27.52,8.53,3770,67.3
100769,2025-07-16 16:00,R01,22.18,27.5,10.49,4190,83.6
100770,2025-07-16 16:00,R02,22.93,26.99,8.55,3610,55.4
100771,2025-07-16 16:00,R03,23.46,28.5,9.49,3910,72.0
100772,2025-07-16 16:00,R04,23.46,28.56,10.17,3870,79.7
100773,2025-07-16 16:00,R05,22.98,28.45,10.55,3980,78.0
100774,2025-07-16 16:00,R06,23.06,28.54,10.06,4090,73.4
100775,2025-07-16 16:30,R01,22.58,26.78,9.0,3880,67.6
100776,2025-07-16 16:30,R02,22.24,27.47,10.47,4150,81.6
100777,2025-07-16 16:30,R03,23.74,27.95,8.9,3800,62.3
100778,2025-07-16 16:30,R04,23.88,28.37,8.87,3900,66.0
100779,2025-07-16 16:30,R05,24.35,28.79,9.73,4230,69.7
100780,2025-07-16 16:30,R06,22.63,27.88,8.94,3970,65.9
100781,2025-07-16 17:00,R01,22.18,27.69,10.31,4160,80.7
100782,2025-07-16 17:00,R02,22.98,27.97,9.14,3840,65.3
100783,2025-07-16 17:00,R03,22.87,27.52,8.74,3830,61.0
100784,2025-07-16 17:00,R04,23.01,27.28,8.9,3610,63.6
100785,2025-07-16 17:00,R05,22.88,28.01,9.22,4000,69.1
100786,2025-07-16 17:00,R06,22.1,27.44,10.85,4130,87.3
100787,2025-07-16 17:30,R01,22.2,27.19,9.85,4300,79.4
100788,2025-07-16 17:30,R02,23.09,28.3,10.16,4030,71.8
100789,2025-07-16 17:30,R03,24.21,29.44,9.6,3670,69.6
100790,2025-07-16 17:30,R04,22.56,28.19,9.63,3760,70.9
100791,2025-07-16 17:30,R05,23.31,28.94,9.98,4080,75.7
100792,2025-07-16 17:30,R06,24.94,29.84,8.4,3720,55.4
100793,2025-07-16 18:00,R01,22.9,28.19,9.07,3760,63.1
100794,2025-07-16 18:00,R02,23.35,28.61,9.91,4290,76.6
100795,2025-07-16 18:00,R03,22.98,28.51,9.76,3980,73.4
100796,2025-07-16 18:00,R04,22.62,27.58,9.13,3970,68.4
100797,2025-07-16 18:00,R05,22.77,27.36,8.97,3800,67.3
100798,2025-07-16 18:00,R06,23.04,26.69,8.28,3570,51.5
100799,2025-07-16 18:30,R01,23.32,28.89,9.86,4240,74.3
100800,2025-07-16 18:30,R02,23.6,27.96,8.8,3850,59.1
100801,2025-07-16 18:30,R03,25.35,29.99,9.61,4030,74.2
100802,2025-07-16 18:30,R04,22.99,27.39,9.68,4230,70.8
100803,2025-07-16 18:30,R05,21.88,25.88,7.77,3640,56.6
100804,2025-07-16 18:30,R06,22.69,27.86,8.87,3870,64.2
100805,2025-07-16 19:00,R01,23.69,27.98,8.4,3660,58.1
100806,2025-07-16 19:00,R02,22.52,26.88,8.65,3900,64.6
100807,2025-07-16 19:00,R03,22.87,27.26,7.74,3250,48.2
100808,2025-07-16 19:00,R04,24.26,28.83,9.23,3800,70.0
100809,2025-07-16 19:00,R05,25.03,29.72,8.64,3790,61.6
100810,2025-07-16 19:00,R06,22.81,26.91,9.7,3580,60.8
100811,2025-07-16 19:30,R01,23.37,27.61,8.32,3740,53.5
100812,2025-07-16 19:30,R02,23.92,28.8,8.95,3880,65.0
100813,2025-07-16 19:30,R03,23.4,28.22,8.75,3900,64.2
100814,2025-07-16 19:30,R04,23.35,27.87,8.58,3710,55.6
100815,2025-07-16 19:30,R05,22.34,27.02,9.04,3830,60.6
100816,2025-07-16 19:30,R06,23.46,28.53,8.86,3810,63.4
100817,2025-07-16 20:00,R01,23.59,27.78,9.49,3920,59.7
100818,2025-07-16 20:00,R02,23.66,28.46,8.73,4080,64.9
100819,2025-07-16 20:00,R03,22.84,28.48,9.16,3850,66.9
100820,2025-07-16 20:00,R04,22.72,28.17,9.6,3780,62.8
100821,2025-07-16 20:00,R05,24.21,28.96,9.04,3680,61.6
100822,2025-07-16 20:00,R06,23.24,27.87,8.18,3840,55.0
100823,2025-07-16 20:30,R01,22.14,27.09,8.05,3450,54.9
100824,2025-07-16 20:30,R02,21.59,26.57,8.78,3480,57.2
100825,2025-07-16 20:30,R03,22.61,27.31,8.41,3560,60.0
100826,2025-07-16 20:30,R04,21.73,26.51,9.0,3730,61.3
100827,2025-07-16 20:30,R05,23.25,27.13,8.05,3680,53.8
100828,2025-07-16 20:30,R06,23.07,26.83,8.17,3600,56.7
100829,2025-07-16 21:00,R01,23.75,27.5,8.05,3770,57.2
100830,2025-07-16 21:00,R02,23.12,27.81,7.67,3380,52.4
100831,2025-07-16 21:00,R03,23.13,27.28,7.56,3630,45.1
100832,2025-07-16 21:00,R04,22.42,26.37,7.42,3560,43.7
100833,2025-07-16 21:00,R05,22.2,26.66,8.14,3580,56.8
100834,2025-07-16 21:00,R06,22.6,26.61,8.28,3390,47.8
100835,2025-07-16 21:30,R01,22.65,26.88,8.73,3720,54.7
100836,2025-07-16 21:30,R02,22.26,27.09,8.42,3500,55.4
100837,2025-07-16 21:30,R03,25.17,29.23,8.54,3600,55.6
100838,2025-07-16 21:30,R04,22.48,26.2,7.76,3300,45.1
100839,2025-07-16 21:30,R05,22.04,27.04,8.84,3930,66.1
100840,2025-07-16 21:30,R06,22.72,26.92,7.79,3520,51.2
100841,2025-07-16 22:00,R01,22.14,25.26,7.19,3350,45.5
100842,2025-07-16 22:00,R02,21.23,26.1,7.93,3600,55.5
100843,2025-07-16 22:00,R03,24.57,29.53,8.73,3590,59.1
100844,2025-07-16 22:00,R04,22.67,27.16,8.08,3980,57.2
100845,2025-07-16 22:00,R05,23.05,27.81,8.85,3830,62.6
100846,2025-07-16 22:00,R06,22.42,26.77,8.2,3690,47.0
100847,2025-07-16 22:30,R01,21.75,25.43,7.03,3380,42.9
100848,2025-07-16 22:30,R02,21.97,26.42,7.48,3530,49.2
100849,2025-07-16 22:30,R03,24.43,28.17,7.93,3470,55.3
100850,2025-07-16 22:30,R04,24.15,28.7,8.13,3700,55.4
100851,2025-07-16 22:30,R05,24.54,29.4,8.23,3460,47.6
100852,2025-07-16 22:30,R06,22.81,26.75,7.62,3660,53.1
100853,2025-07-16 23:00,R01,22.79,26.15,7.08,3350,41.4
100854,2025-07-16 23:00,R02,22.78,26.98,8.2,3380,44.2
100855,2025-07-16 23:00,R03,22.9,26.52,7.62,3450,44.5
100856,2025-07-16 23:00,R04,23.05,26.81,7.8,3540,54.2
100857,2025-07-16 23:00,R05,23.94,28.14,7.13,3240,39.2
100858,2025-07-16 23:00,R06,23.63,27.27,7.46,3850,49.6
100859,2025-07-16 23:30,R01,23.69,27.17,6.73,3390,34.7
100860,2025-07-16 23:30,R02,23.54,27.2,7.7,3450,47.0
100861,2025-07-16 23:30,R03,22.58,27.46,8.72,3600,56.4
100862,2025-07-16 23:30,R04,21.72,26.64,8.2,3600,50.7
100863,2025-07-16 23:30,R05,23.52,27.03,7.16,3310,40.6
100864,2025-07-16 23:30,R06,21.8,25.41,7.55,3250,37.9
100865,2025-07-17 00:00,R01,22.08,25.51,7.72,3470,43.0
100866,2025-07-17 00:00,R02,23.55,27.53,7.5,3180,38.0
100867,2025-07-17 00:00,R03,21.95,25.16,6.98,3450,39.9
100868,2025-07-17 00:00,R04,21.8,25.66,6.83,3430,38.1
100869,2025-07-17 00:00,R05,22.66,26.04,7.01,3280,36.0
100870,2025-07-17 00:00,R06,22.25,25.86,7.62,3480,40.5
100871,2025-07-17 00:30,R01,21.41,25.19,7.24,3530,44.3
100872,2025-07-17 00:30,R02,21.82,25.09,7.0,3520,45.9
100873,2025-07-17 00:30,R03,23.67,27.07,7.32,3250,37.0
100874,2025-07-17 00:30,R04,21.92,25.57,7.8,3380,50.7
100875,2025-07-17 00:30,R05,22.83,25.97,7.17,3370,38.8
100876,2025-07-17 00:30,R06,21.51,25.15,7.38,3240,37.7
100877,2025-07-17 01:00,R01,22.05,25.14,6.4,3060,26.4
100878,2025-07-17 01:00,R02,21.86,25.32,7.74,3240,40.3
100879,2025-07-17 01:00,R03,22.92,26.77,7.25,3200,38.5
100880,2025-07-17 01:00,R04,21.76,25.03,6.01,3230,34.9
100881,2025-07-17 01:00,R05,23.24,27.53,7.06,3320,44.7
100882,2025-07-17 01:00,R06,21.72,25.94,7.0,3270,38.8
100883,2025-07-17 01:30,R01,23.17,26.71,7.05,3310,37.4
100884,2025-07-17 01:30,R02,22.94,26.34,7.28,3170,42.1
100885,2025-07-17 01:30,R03,24.23,27.45,7.27,3500,41.3
100886,2025-07-17 01:30,R04,22.93,27.34,7.37,3180,35.1
100887,2025-07-17 01:30,R05,22.47,25.95,6.98,3110,33.0
100888,2025-07-17 01:30,R06,22.57,26.75,6.94,3250,36.6
100889,2025-07-17 02:00,R01,21.58,24.95,6.5,3130,40.4
100890,2025-07-17 02:00,R02,22.52,27.13,8.01,3440,49.9
100891,2025-07-17 02:00,R03,22.76,26.11,6.81,3320,39.6
100892,2025-07-17 02:00,R04,22.68,26.46,7.06,3170,40.1
100893,2025-07-17 02:00,R05,22.8,25.63,6.96,3010,33.4
100894,2025-07-17 02:00,R06,22.13,25.01,6.44,3120,30.9
100895,2025-07-17 02:30,R01,22.44,27.53,8.32,3610,50.9
100896,2025-07-17 02:30,R02,22.64,25.68,6.52,3140,30.1
100897,2025-07-17 02:30,R03,21.92,25.79,7.47,3200,42.0
100898,2025-07-17 02:30,R04,22.33,25.69,6.37,3050,32.1
100899,2025-07-17 02:30,R05,22.81,26.35,6.21,3150,34.7
100900,2025-07-17 02:30,R06,21.89,25.85,7.21,3110,34.5
100901,2025-07-17 03:00,R01,22.89,26.83,7.15,3330,38.1
100902,2025-07-17 03:00,R02,22.01,25.64,7.51,3140,45.4
100903,2025-07-17 03:00,R03,22.82,26.82,6.76,3140,30.7
100904,2025-07-17 03:00,R04,21.99,25.51,6.75,3040,39.5
100905,2025-07-17 03:00,R05,22.61,27.58,7.66,3520,46.7
100906,2025-07-17 03:00,R06,22.78,27.74,7.56,3360,44.7
100907,2025-07-17 03:30,R01,21.69,26.35,7.17,3110,35.0
100908,2025-07-17 03:30,R02,22.63,25.78,6.41,3010,33.4
100909,2025-07-17 03:30,R03,22.96,26.57,6.86,3170,36.5
100910,2025-07-17 03:30,R04,23.22,26.23,6.42,3130,38.7
100911,2025-07-17 03:30,R05,21.38,24.35,6.88,3070,33.1
100912,2025-07-17 03:30,R06,23.83,27.19,6.38,3020,31.9
100913,2025-07-17 04:00,R01,21.27,24.86,6.52,3090,34.2
100914,2025-07-17 04:00,R02,22.23,25.82,7.16,3350,37.8
100915,2025-07-17 04:00,R03,21.11,24.46,6.97,3250,36.9
100916,2025-07-17 04:00,R04,21.8,25.72,6.11,3030,28.6
100917,2025-07-17 04:00,R05,22.56,26.24,6.7,3140,36.0
100918,2025-07-17 04:00,R06,21.51,25.3,6.58,3210,31.7
100919,2025-07-17 04:30,R01,23.09,27.1,8.08,3370,43.6
100920,2025-07-17 04:30,R02,22.68,26.29,7.49,3130,33.5
100921,2025-07-17 04:30,R03,23.15,26.82,6.93,3140,31.4
100922,2025-07-17 04:30,R04,22.98,26.17,6.17,2920,27.5
100923,2025-07-17 04:30,R05,22.37,26.56,7.13,3080,35.5
100924,2025-07-17 04:30,R06,21.51,25.18,7.53,3180,35.2
100925,2025-07-17 05:00,R01,22.57,26.73,6.77,3140,35.2
100926,2025-07-17 05:00,R02,21.46,25.14,7.81,3320,50.9
100927,2025-07-17 05:00,R03,21.72,24.7,6.5,3300,29.1
100928,2025-07-17 05:00,R04,22.45,26.05,6.71,3300,32.5
100929,2025-07-17 05:00,R05,22.84,25.09,5.69,2820,21.8
100930,2025-07-17 05:00,R06,23.56,26.87,6.77,3090,27.3
100931,2025-07-17 05:30,R01,22.18,26.13,6.8,3340,42.0
100932,2025-07-17 05:30,R02,22.9,26.19,7.12,3340,42.8
100933,2025-07-17 05:30,R03,22.98,26.8,6.45,2950,30.2
100934,2025-07-17 05:30,R04,22.35,27.79,8.56,3710,52.8
100935,2025-07-17 05:30,R05,22.78,27.04,7.06,3220,38.2
100936,2025-07-17 05:30,R06,21.89,25.2,7.21,3040,40.4
100937,2025-07-17 06:00,R01,22.83,26.43,6.61,3000,35.6
100938,2025-07-17 06:00,R02,21.91,25.59,7.64,3110,36.3
100939,2025-07-17 06:00,R03,22.98,26.34,7.22,3130,40.7
100940,2025-07-17 06:00,R04,22.31,25.05,5.59,2910,20.7
100941,2025-07-17 06:00,R05,22.52,25.59,7.3,3360,39.2
100942,2025-07-17 06:00,R06,23.82,27.36,6.9,3000,34.8
100943,2025-07-17 06:30,R01,21.61,25.27,7.22,3310,43.2
100944,2025-07-17 06:30,R02,22.58,25.74,6.86,3370,44.7
100945,2025-07-17 06:30,R03,23.5,28.65,8.16,3440,51.2
100946,2025-07-17 06:30,R04,22.65,27.03,8.76,3580,48.8
100947,2025-07-17 06:30,R05,23.24,27.33,7.87,3610,49.4
100948,2025-07-17 06:30,R06,21.42,24.19,6.34,3280,36.0
100949,2025-07-17 07:00,R01,21.03,25.31,7.75,3380,49.0
100950,2025-07-17 07:00,R02,22.13,26.46,8.37,3370,55.3
100951,2025-07-17 07:00,R03,23.49,26.63,7.81,3720,51.7
100952,2025-07-17 07:00,R04,23.39,27.15,7.96,3150,47.9
100953,2025-07-17 07:00,R05,24.26,28.97,7.72,3490,46.6
100954,2025-07-17 07:00,R06,22.2,25.92,8.08,3690,57.3
100955,2025-07-17 07:30,R01,21.7,25.0,7.3,3470,45.7
100956,2025-07-17 07:30,R02,23.86,28.04,7.19,3450,43.9
100957,2025-07-17 07:30,R03,23.96,27.72,7.28,3360,39.1
100958,2025-07-17 07:30,R04,22.16,25.31,7.42,3370,45.7
100959,2025-07-17 07:30,R05,24.31,28.2,7.47,3860,53.5
100960,2025-07-17 07:30,R06,22.79,26.54,7.16,3200,43.8
100961,2025-07-17 08:00,R01,22.59,26.41,7.46,3390,48.5
100962,2025-07-17 08:00,R02,23.19,26.36,7.23,3280,39.7
100963,2025-07-17 08:00,R03,23.43,27.64,7.79,3540,48.6
100964,2025-07-17 08:00,R04,21.65,25.49,7.84,3230,49.4
100965,2025-07-17 08:00,R05,23.72,27.24,7.05,3430,48.9
100966,2025-07-17 08:00,R06,22.29,26.36,7.52,3400,43.9
100967,2025-07-17 08:30,R01,23.65,26.87,7.79,3270,40.6
100968,2025-07-17 08:30,R02,22.6,27.12,9.29,3750,57.3
100969,2025-07-17 08:30,R03,23.21,27.96,8.52,3870,61.3
100970,2025-07-17 08:30,R04,21.3,25.8,8.28,3590,60.0
100971,2025-07-17 08:30,R05,23.33,28.83,9.3,3840,71.4
100972,2025-07-17 08:30,R06,23.16,27.66,8.92,3710,61.1
100973,2025-07-17 09:00,R01,21.44,25.81,8.55,3680,54.2
100974,2025-07-17 09:00,R02,22.23,26.68,8.7,3980,59.7
100975,2025-07-17 09:00,R03,23.68,27.86,7.77,3580,53.1
100976,2025-07-17 09:00,R04,23.03,28.39,9.34,3860,60.5
100977,2025-07-17 09:00,R05,23.4,28.25,8.94,3880,63.8
100978,2025-07-17 09:00,R06,22.79,27.62,9.36,3920,61.3
100979,2025-07-17 09:30,R01,21.46,25.85,9.29,3630,68.7
100980,2025-07-17 09:30,R02,24.04,28.64,8.9,3610,63.3
100981,2025-07-17 09:30,R03,21.92,26.68,8.86,3810,58.9
100982,2025-07-17 09:30,R04,22.61,27.11,8.85,3730,60.1
100983,2025-07-17 09:30,R05,22.47,26.43,8.06,3510,51.9
100984,2025-07-17 09:30,R06,22.7,26.56,8.0,3690,52.9
100985,2025-07-17 10:00,R01,21.7,26.2,8.7,3250,56.3
100986,2025-07-17 10:00,R02,23.19,27.91,9.29,3750,62.6
100987,2025-07-17 10:00,R03,24.55,28.94,8.58,3670,61.0
100988,2025-07-17 10:00,R04,22.71,27.51,9.1,3770,65.2
100989,2025-07-17 10:00,R05,24.07,28.25,8.9,3770,61.7
100990,2025-07-17 10:00,R06,22.44,27.3,8.43,3490,55.5
100991,2025-07-17 10:30,R01,22.6,27.09,8.34,3930,63.5
100992,2025-07-17 10:30,R02,22.05,26.09,9.14,4040,69.2
100993,2025-07-17 10:30,R03,22.58,27.07,8.14,3310,52.9
100994,2025-07-17 10:30,R04,23.97,27.89,8.34,3810,57.0
100995,2025-07-17 10:30,R05,24.35,28.79,8.45,3610,61.7
100996,2025-07-17 10:30,R06,23.46,27.96,9.18,4170,73.2
100997,2025-07-17 11:00,R01,22.12,26.97,9.44,3880,66.6
100998,2025-07-17 11:00,R02,22.51,27.55,9.68,3910,68.7
100999,2025-07-17 11:00,R03,22.91,28.18,9.39,3760,65.0
101000,2025-07-17 11:00,R04,22.93,28.04,10.32,4170,78.9
101001,2025-07-17 11:00,R05,23.27,28.67,8.77,3760,64.0
101002,2025-07-17 11:00,R06,23.63,28.24,8.72,3720,62.4
101003,2025-07-17 11:30,R01,21.91,27.25,9.02,4020,70.1
101004,2025-07-17 11:30,R02,21.89,26.48,9.33,3680,59.9
101005,2025-07-17 11:30,R03,22.19,27.33,8.72,3820,65.7
101006,2025-07-17 11:30,R04,23.24,27.63,9.54,3990,72.3
101007,2025-07-17 11:30,R05,21.44,26.09,8.46,3550,59.1
101008,2025-07-17 11:30,R06,22.35,27.67,9.84,3930,72.0
101009,2025-07-17 12:00,R01,22.32,27.15,9.1,3760,67.9
101010,2025-07-17 12:00,R02,22.93,28.08,9.78,4030,69.3
101011,2025-07-17 12:00,R03,22.81,28.07,8.6,3650,60.5
101012,2025-07-17 12:00,R04,23.31,28.83,9.47,3920,71.6
101013,2025-07-17 12:00,R05,23.56,28.89,9.87,4080,72.0
101014,2025-07-17 12:00,R06,23.26,28.22,8.75,3860,65.4
101015,2025-07-17 12:30,R01,22.88,28.33,10.25,4260,79.7
101016,2025-07-17 12:30,R02,22.64,27.36,9.4,3710,68.0
101017,2025-07-17 12:30,R03,23.7,28.18,7.37,3390,46.1
101018,2025-07-17 12:30,R04,22.8,26.83,8.41,3830,62.3
101019,2025-07-17 12:30,R05,23.32,28.09,10.58,4100,79.0
101020,2025-07-17 12:30,R06,23.64,29.19,9.92,4030,73.2
101021,2025-07-17 13:00,R01,21.58,26.8,9.02,4080,73.9
101022,2025-07-17 13:00,R02,23.97,29.01,9.13,3860,68.1
101023,2025-07-17 13:00,R03,22.72,27.77,9.69,3840,68.1
101024,2025-07-17 13:00,R04,23.69,29.47,9.85,4310,82.0
101025,2025-07-17 13:00,R05,22.49,27.57,9.81,3910,73.0
101026,2025-07-17 13:00,R06,23.56,28.58,9.0,3910,73.3
101027,2025-07-17 13:30,R01,23.57,28.77,9.37,3890,67.4
101028,2025-07-17 13:30,R02,23.36,28.51,9.93,4120,77.4
101029,2025-07-17 13:30,R03,24.06,29.82,9.64,3800,68.6
101030,2025-07-17 13:30,R04,24.7,29.31,9.72,4200,75.1
101031,2025-07-17 13:30,R05,23.38,29.03,10.01,4010,69.0
101032,2025-07-17 13:30,R06,22.97,28.0,9.57,4030,79.4
101033,2025-07-17 14:00,R01,24.06,28.7,9.44,4240,68.6
101034,2025-07-17 14:00,R02,22.89,28.02,9.67,4140,75.0
101035,2025-07-17 14:00,R03,23.14,28.55,9.42,3820,69.4
101036,2025-07-17 14:00,R04,22.88,26.27,9.89,4130,76.9
101037,2025-07-17 14:00,R05,21.63,26.39,8.54,3520,60.9
101038,2025-07-17 14:00,R06,22.85,26.85,9.21,3630,59.3
101039,2025-07-17 14:30,R01,21.85,26.99,9.61,4070,69.2
101040,2025-07-17 14:30,R02,22.16,27.51,10.04,3740,63.4
101041,2025-07-17 14:30,R03,23.12,27.65,9.48,3890,71.8
101042,2025-07-17 14:30,R04,21.38,26.32,9.39,3840,62.8
101043,2025-07-17 14:30,R05,24.39,29.51,9.32,3870,72.6
101044,2025-07-17 14:30,R06,23.16,28.85,9.87,4060,82.4
101045,2025-07-17 15:00,R01,22.53,27.96,10.31,3930,78.5
101046,2025-07-17 15:00,R02,24.29,28.93,8.69,3790,64.5
101047,2025-07-17 15:00,R03,22.95,28.61,10.16,4280,82.1
101048,2025-07-17 15:00,R04,23.2,28.5,9.53,4010,72.6
101049,2025-07-17 15:00,R05,22.28,27.38,9.37,3830,67.7
101050,2025-07-17 15:00,R06,23.14,28.64,10.08,4070,78.2
101051,2025-07-17 15:30,R01,20.8,25.47,10.12,4190,76.6
101052,2025-07-17 15:30,R02,22.73,27.74,9.59,4090,73.2
101053,2025-07-17 15:30,R03,24.36,29.41,10.5,4060,77.8
101054,2025-07-17 15:30,R04,21.84,25.93,9.07,4030,66.8
101055,2025-07-17 15:30,R05,23.92,28.44,9.63,3900,76.1
101056,2025-07-17 15:30,R06,23.73,28.33,10.02,4000,75.8
101057,2025-07-17 16:00,R01,24.49,29.35,8.78,3780,64.7
101058,2025-07-17 16:00,R02,22.74,28.05,10.33,4220,80.8
101059,2025-07-17 16:00,R03,23.85,29.25,9.8,3750,68.3
101060,2025-07-17 16:00,R04,24.1,30.08,10.73,4560,85.4
101061,2025-07-17 16:00,R05,23.16,28.93,10.63,4110,83.5
101062,2025-07-17 16:00,R06,23.24,28.49,8.97,3780,69.4
101063,2025-07-17 16:30,R01,23.76,29.8,10.16,4210,80.3
101064,2025-07-17 16:30,R02,23.39,28.1,8.81,3760,67.3
101065,2025-07-17 16:30,R03,23.84,28.16,8.69,3770,62.9
101066,2025-07-17 16:30,R04,23.61,29.29,10.27,4260,77.4
101067,2025-07-17 16:30,R05,24.2,28.92,9.29,3560,67.3
101068,2025-07-17 16:30,R06,23.18,26.65,9.21,4120,69.8
101069,2025-07-17 17:00,R01,22.43,28.79,10.81,4210,82.0
101070,2025-07-17 17:00,R02,23.4,27.92,9.67,4060,70.6
101071,2025-07-17 17:00,R03,24.58,30.42,9.6,4030,75.0
101072,2025-07-17 17:00,R04,22.37,26.76,8.94,3910,68.4
101073,2025-07-17 17:00,R05,24.69,29.4,9.65,4010,73.3
101074,2025-07-17 17:00,R06,22.66,27.71,9.82,4220,80.1
101075,2025-07-17 17:30,R01,23.71,28.28,8.78,3760,67.0
101076,2025-07-17 17:30,R02,24.57,29.32,9.24,4160,68.6
101077,2025-07-17 17:30,R03,23.38,28.19,9.02,3600,60.7
101078,2025-07-17 17:30,R04,22.63,27.67,9.16,4130,66.5
101079,2025-07-17 17:30,R05,22.75,27.59,9.7,4090,78.1
101080,2025-07-17 17:30,R06,22.88,27.97,9.07,4020,72.7
101081,2025-07-17 18:00,R01,23.35,27.84,10.13,4210,77.9
101082,2025-07-17 18:00,R02,23.24,28.66,9.53,3970,80.1
101083,2025-07-17 18:00,R03,22.92,29.2,9.73,4050,71.8
101084,2025-07-17 18:00,R04,21.97,27.2,9.56,3880,74.3
101085,2025-07-17 18:00,R05,23.75,27.6,8.94,3910,70.3
101086,2025-07-17 18:00,R06,23.51,28.17,9.74,3940,67.5
101087,2025-07-17 18:30,R01,21.74,26.69,9.07,3700,64.3
101088,2025-07-17 18:30,R02,22.15,26.98,8.58,3890,65.2
101089,2025-07-17 18:30,R03,22.6,27.46,8.24,3740,65.5
101090,2025-07-17 18:30,R04,22.81,27.65,9.2,3700,69.0
101091,2025-07-17 18:30,R05,22.48,27.0,9.35,4130,74.9
101092,2025-07-17 18:30,R06,23.25,27.97,8.96,3730,64.6
101093,2025-07-17 19:00,R01,23.65,28.29,9.21,4060,69.8
101094,2025-07-17 19:00,R02,22.27,26.14,8.79,4090,65.9
101095,2025-07-17 19:00,R03,23.96,28.96,9.96,3830,69.4
101096,2025-07-17 19:00,R04,22.78,28.17,9.04,3890,69.1
101097,2025-07-17 19:00,R05,23.21,28.1,8.67,3540,57.8
101098,2025-07-17 19:00,R06,23.34,26.95,7.9,3820,58.4
101099,2025-07-17 19:30,R01,23.49,27.35,7.35,3240,47.2
101100,2025-07-17 19:30,R02,22.42,27.34,8.4,3610,53.6
101101,2025-07-17 19:30,R03,23.2,27.99,9.39,3760,67.1
101102,2025-07-17 19:30,R04,22.88,27.64,9.54,3660,62.7
101103,2025-07-17 19:30,R05,21.41,26.59,9.62,4050,71.8
101104,2025-07-17 19:30,R06,23.02,27.84,8.4,3470,50.8
101105,2025-07-17 20:00,R01,22.44,27.73,8.94,4000,65.8
101106,2025-07-17 20:00,R02,22.99,26.99,7.71,3480,49.9
101107,2025-07-17 20:00,R03,22.28,26.84,9.75,4010,74.4
101108,2025-07-17 20:00,R04,23.25,28.36,9.22,3800,64.6
101109,2025-07-17 20:00,R05,22.41,27.82,9.45,3820,67.0
101110,2025-07-17 20:00,R06,22.09,27.05,9.71,3770,65.5
101111,2025-07-17 20:30,R01,21.77,26.43,9.41,4080,72.7
101112,2025-07-17 20:30,R02,23.06,27.41,7.95,3590,51.5
101113,2025-07-17 20:30,R03,22.98,27.53,8.41,3610,58.1
101114,2025-07-17 20:30,R04,22.86,28.09,9.12,3910,65.7
101115,2025-07-17 20:30,R05,23.68,28.55,8.61,3640,53.4
101116,2025-07-17 20:30,R06,22.6,26.83,8.68,3710,59.7
101117,2025-07-17 21:00,R01,22.12,26.57,8.66,3850,62.8
101118,2025-07-17 21:00,R02,22.35,26.66,8.51,3680,57.0
101119,2025-07-17 21:00,R03,24.67,29.63,8.78,3940,61.7
101120,2025-07-17 21:00,R04,22.26,27.57,8.76,3790,63.6
101121,2025-07-17 21:00,R05,23.71,28.23,7.93,3540,51.4
101122,2025-07-17 21:00,R06,24.13,28.65,8.81,3870,57.6
101123,2025-07-17 21:30,R01,22.38,26.4,7.79,3490,51.0
101124,2025-07-17 21:30,R02,21.74,26.62,8.16,3620,56.6
101125,2025-07-17 21:30,R03,22.6,27.45,8.7,3740,60.1
101126,2025-07-17 21:30,R04,21.72,25.66,8.47,3680,55.3
101127,2025-07-17 21:30,R05,24.82,27.38,7.6,3070,40.2
101128,2025-07-17 21:30,R06,24.48,28.62,7.48,3420,52.8
101129,2025-07-17 22:00,R01,24.43,28.77,8.44,3640,56.5
101130,2025-07-17 22:00,R02,24.15,28.39,8.3,3600,49.9
101131,2025-07-17 22:00,R03,23.67,28.14,7.62,3700,54.1
101132,2025-07-17 22:00,R04,23.38,26.96,6.79,3050,39.6
101133,2025-07-17 22:00,R05,23.2,27.2,7.2,3360,41.5
101134,2025-07-17 22:00,R06,24.67,28.45,7.75,3500,43.8
101135,2025-07-17 22:30,R01,22.39,26.31,8.11,3560,50.4
101136,2025-07-17 22:30,R02,22.02,26.05,7.57,3430,41.4
101137,2025-07-17 22:30,R03,23.75,28.14,7.59,3530,46.8
101138,2025-07-17 22:30,R04,22.3,25.92,7.0,3290,45.8
101139,2025-07-17 22:30,R05,23.07,26.95,7.09,3310,43.2
101140,2025-07-17 22:30,R06,22.34,27.05,9.18,3650,58.2
101141,2025-07-17 23:00,R01,22.37,26.21,7.87,3420,49.2
101142,2025-07-17 23:00,R02,23.84,27.74,8.2,3480,51.5
101143,2025-07-17 23:00,R03,22.48,26.12,8.23,3410,47.1
101144,2025-07-17 23:00,R04,22.89,27.1,7.85,3400,50.6
101145,2025-07-17 23:00,R05,22.94,27.25,8.36,3250,45.3
101146,2025-07-17 23:00,R06,22.67,27.48,7.7,3130,47.1
101147,2025-07-17 23:30,R01,20.68,24.21,6.66,3080,36.4
101148,2025-07-17 23:30,R02,22.76,25.7,7.04,3110,36.9
101149,2025-07-17 23:30,R03,23.3,27.73,8.05,3270,46.6
101150,2025-07-17 23:30,R04,23.3,26.63,6.68,3140,32.4
101151,2025-07-17 23:30,R05,22.52,26.32,7.53,3620,40.6
101152,2025-07-17 23:30,R06,21.94,25.01,7.41,3670,48.5
101153,2025-07-18 00:00,R01,23.17,27.11,7.1,2990,38.8
101154,2025-07-18 00:00,R02,21.33,25.37,7.97,3390,47.5
101155,2025-07-18 00:00,R03,25.1,29.74,8.25,3650,56.8
101156,2025-07-18 00:00,R04,22.56,26.3,7.09,3280,38.8
101157,2025-07-18 00:00,R05,22.77,26.39,6.98,3330,42.8
101158,2025-07-18 00:00,R06,23.59,27.89,8.01,3390,47.2
101159,2025-07-18 00:30,R01,21.22,25.43,7.45,3280,39.7
101160,2025-07-18 00:30,R02,22.84,26.68,7.77,3280,47.6
101161,2025-07-18 00:30,R03,22.35,25.49,6.03,3140,28.9
101162,2025-07-18 00:30,R04,23.38,26.97,6.68,3180,35.2
101163,2025-07-18 00:30,R05,23.7,27.18,7.88,3550,45.0
101164,2025-07-18 00:30,R06,22.1,25.88,7.64,3400,44.0
101165,2025-07-18 01:00,R01,21.35,24.75,7.54,3350,41.5
101166,2025-07-18 01:00,R02,22.99,27.2,7.49,3370,44.3
101167,2025-07-18 01:00,R03,22.49,25.8,6.35,2870,30.6
101168,2025-07-18 01:00,R04,23.05,27.13,7.03,3300,39.8
101169,2025-07-18 01:00,R05,23.4,27.33,6.65,2720,27.9
101170,2025-07-18 01:00,R06,22.22,26.87,7.79,3470,49.3
101171,2025-07-18 01:30,R01,22.33,26.0,7.11,3350,39.2
101172,2025-07-18 01:30,R02,23.13,26.77,7.43,3180,33.6
101173,2025-07-18 01:30,R03,22.86,27.06,6.79,3310,34.4
101174,2025-07-18 01:30,R04,22.33,25.87,7.06,3540,44.1
101175,2025-07-18 01:30,R05,21.82,25.46,7.68,3310,48.5
101176,2025-07-18 01:30,R06,23.91,27.45,7.67,3350,43.5
101177,2025-07-18 02:00,R01,21.7,25.23,7.6,3150,43.9
101178,2025-07-18 02:00,R02,22.77,26.6,6.87,3010,36.2
101179,2025-07-18 02:00,R03,23.59,26.61,6.37,2810,25.7
101180,2025-07-18 02:00,R04,21.96,25.76,6.68,3040,38.5
101181,2025-07-18 02:00,R05,23.6,27.03,7.28,3560,44.3
101182,2025-07-18 02:00,R06,22.28,26.41,7.82,3380,41.3
101183,2025-07-18 02:30,R01,21.92,26.31,7.07,3270,39.0
101184,2025-07-18 02:30,R02,21.84,25.01,6.48,2870,29.8
101185,2025-07-18 02:30,R03,22.58,26.93,7.08,2980,33.9
101186,2025-07-18 02:30,R04,23.2,26.41,6.17,3030,29.2
101187,2025-07-18 02:30,R05,22.61,26.07,6.9,2980,29.9
101188,2025-07-18 02:30,R06,23.25,26.95,6.1,3030,27.4
101189,2025-07-18 03:00,R01,22.67,27.41,7.98,3350,45.0
101190,2025-07-18 03:00,R02,21.75,25.18,6.52,3080,27.3
101191,2025-07-18 03:00,R03,22.22,26.15,7.22,3070,35.2
101192,2025-07-18 03:00,R04,20.76,25.1,7.14,3160,34.9
101193,2025-07-18 03:00,R05,23.07,26.76,8.06,3470,42.8
101194,2025-07-18 03:00,R06,22.56,25.75,5.88,2900,27.5
101195,2025-07-18 03:30,R01,22.68,25.75,7.04,3260,38.2
101196,2025-07-18 03:30,R02,22.65,26.3,6.9,3060,29.2
101197,2025-07-18 03:30,R03,23.5,28.47,8.3,3430,48.5
101198,2025-07-18 03:30,R04,22.33,25.89,7.09,2880,36.0
101199,2025-07-18 03:30,R05,21.68,25.44,7.32,3300,37.6
101200,2025-07-18 03:30,R06,23.08,26.67,6.77,3250,35.2
101201,2025-07-18 04:00,R01,20.9,24.21,6.73,3170,34.6
101202,2025-07-18 04:00,R02,22.52,25.86,7.41,3240,41.0
101203,2025-07-18 04:00,R03,23.46,27.26,6.68,3120,34.3
101204,2025-07-18 04:00,R04,22.64,25.86,7.04,3310,31.0
101205,2025-07-18 04:00,R05,22.89,26.15,5.53,2800,23.6
101206,2025-07-18 04:00,R06,23.34,27.49,7.52,3400,40.3
101207,2025-07-18 04:30,R01,22.64,25.7,6.51,3090,36.4
101208,2025-07-18 04:30,R02,22.3,26.14,7.48,3140,40.7
101209,2025-07-18 04:30,R03,24.39,28.25,6.97,3030,32.4
101210,2025-07-18 04:30,R04,23.17,26.58,6.58,3490,43.6
101211,2025-07-18 04:30,R05,22.34,25.99,8.0,3350,44.7
101212,2025-07-18 04:30,R06,23.82,27.41,7.24,3220,39.8
101213,2025-07-18 05:00,R01,21.37,25.74,7.61,3340,51.2
101214,2025-07-18 05:00,R02,23.85,27.99,7.42,3260,40.6
101215,2025-07-18 05:00,R03,23.2,26.48,7.52,3480,44.4
101216,2025-07-18 05:00,R04,23.03,26.93,7.72,3490,48.3
101217,2025-07-18 05:00,R05,21.41,24.97,7.19,3090,33.4
101218,2025-07-18 05:00,R06,22.18,26.44,6.94,3390,38.7
101219,2025-07-18 05:30,R01,21.46,24.6,6.86,3260,39.6
101220,2025-07-18 05:30,R02,22.86,26.34,6.86,2990,34.1
101221,2025-07-18 05:30,R03,21.99,26.67,7.9,3430,42.4
101222,2025-07-18 05:30,R04,21.18,24.57,7.96,3600,48.3
101223,2025-07-18 05:30,R05,23.39,27.07,7.68,3260,43.3
101224,2025-07-18 05:30,R06,23.52,27.17,6.63,3150,33.2
101225,2025-07-18 06:00,R01,21.68,25.49,8.04,3350,46.1
101226,2025-07-18 06:00,R02,22.8,26.28,6.8,3410,39.8
101227,2025-07-18 06:00,R03,23.35,26.27,6.72,3160,27.1
101228,2025-07-18 06:00,R04,23.02,27.03,6.92,3150,37.6
101229,2025-07-18 06:00,R05,23.04,27.19,6.62,3030,30.9
101230,2025-07-18 06:00,R06,23.15,25.93,7.18,3340,36.3
101231,2025-07-18 06:30,R01,22.01,25.2,7.48,3850,45.8
101232,2025-07-18 06:30,R02,24.06,27.73,8.14,3400,50.7
101233,2025-07-18 06:30,R03,24.04,28.26,7.9,3420,46.2
101234,2025-07-18 06:30,R04,23.09,27.47,8.17,3340,44.1
101235,2025-07-18 06:30,R05,22.25,25.49,6.71,3240,36.9
101236,2025-07-18 06:30,R06,22.08,26.72,8.6,3610,56.3
101237,2025-07-18 07:00,R01,23.19,26.56,7.39,3520,47.7
101238,2025-07-18 07:00,R02,23.49,27.77,8.25,3390,47.1
101239,2025-07-18 07:00,R03,22.92,27.56,8.42,3510,53.9
101240,2025-07-18 07:00,R04,23.28,27.67,8.0,3430,49.4
101241,2025-07-18 07:00,R05,22.27,26.61,8.48,3570,50.8
101242,2025-07-18 07:00,R06,23.54,27.8,7.91,3710,54.2
101243,2025-07-18 07:30,R01,22.71,26.88,8.76,3470,56.8
101244,2025-07-18 07:30,R02,22.95,27.31,7.93,3470,50.7
101245,2025-07-18 07:30,R03,25.11,29.75,8.11,3740,53.5
101246,2025-07-18 07:30,R04,22.6,26.64,7.68,3380,46.7
101247,2025-07-18 07:30,R05,22.26,26.17,8.26,3370,52.3
101248,2025-07-18 07:30,R06,23.56,27.7,7.49,3230,45.9
101249,2025-07-18 08:00,R01,22.44,26.52,7.09,3540,36.5
101250,2025-07-18 08:00,R02,23.19,27.16,7.42,3320,39.4
101251,2025-07-18 08:00,R03,23.53,27.47,8.3,3640,54.2
101252,2025-07-18 08:00,R04,22.19,25.13,6.36,3290,42.1
101253,2025-07-18 08:00,R05,22.37,26.75,7.64,3440,47.7
101254,2025-07-18 08:00,R06,23.2,27.34,8.87,3930,61.7
101255,2025-07-18 08:30,R01,23.44,28.93,8.5,3350,58.6
101256,2025-07-18 08:30,R02,22.45,26.67,7.78,3390,50.7
101257,2025-07-18 08:30,R03,23.7,26.84,7.92,3750,52.3
101258,2025-07-18 08:30,R04,21.93,27.06,7.98,3210,52.6
101259,2025-07-18 08:30,R05,24.02,27.73,7.73,3430,48.5
101260,2025-07-18 08:30,R06,22.14,26.84,7.68,3490,48.6
101261,2025-07-18 09:00,R01,21.03,25.1,7.96,3610,56.5
101262,2025-07-18 09:00,R02,23.06,28.44,8.64,3550,55.6
101263,2025-07-18 09:00,R03,24.09,27.49,7.76,3360,49.7
101264,2025-07-18 09:00,R04,21.44,25.59,8.42,3700,57.0
101265,2025-07-18 09:00,R05,23.35,27.39,8.42,3560,51.0
101266,2025-07-18 09:00,R06,22.92,27.09,8.77,3730,61.7
101267,2025-07-18 09:30,R01,21.87,26.29,8.26,3710,55.0
101268,2025-07-18 09:30,R02,23.41,27.61,8.41,3540,56.1
101269,2025-07-18 09:30,R03,22.72,26.84,7.85,3350,49.2
101270,2025-07-18 09:30,R04,23.62,28.86,9.37,3750,62.2
101271,2025-07-18 09:30,R05,23.36,27.9,8.45,3610,59.4
101272,2025-07-18 09:30,R06,23.01,28.39,9.89,3680,61.8
101273,2025-07-18 10:00,R01,23.16,28.49,8.96,3900,66.8
101274,2025-07-18 10:00,R02,23.23,28.51,8.82,3840,64.7
101275,2025-07-18 10:00,R03,22.5,27.24,9.08,3870,66.1
101276,2025-07-18 10:00,R04,22.66,25.96,7.73,3620,46.7
101277,2025-07-18 10:00,R05,23.58,28.2,8.5,3480,55.5
101278,2025-07-18 10:00,R06,21.86,25.71,7.65,3590,52.6
101279,2025-07-18 10:30,R01,21.27,25.96,8.68,3670,55.0
101280,2025-07-18 10:30,R02,21.97,26.33,8.1,3450,51.3
101281,2025-07-18 10:30,R03,24.98,29.64,9.73,3840,67.3
101282,2025-07-18 10:30,R04,24.26,29.43,8.7,3780,57.8
101283,2025-07-18 10:30,R05,24.59,28.79,8.42,3460,54.2
101284,2025-07-18 10:30,R06,22.71,27.21,9.29,4030,68.4
101285,2025-07-18 11:00,R01,23.11,27.75,8.77,3910,69.5
101286,2025-07-18 11:00,R02,22.87,27.62,9.76,4180,72.9
101287,2025-07-18 11:00,R03,23.41,28.9,10.15,3900,70.8
101288,2025-07-18 11:00,R04,22.38,26.35,7.8,3680,56.2
101289,2025-07-18 11:00,R05,23.56,28.34,9.62,3800,69.4
101290,2025-07-18 11:00,R06,21.84,26.52,8.98,3940,61.9
101291,2025-07-18 11:30,R01,22.65,27.13,8.95,4070,71.1
101292,2025-07-18 11:30,R02,23.15,28.4,9.44,3680,67.8
101293,2025-07-18 11:30,R03,24.46,29.2,8.27,3850,59.9
101294,2025-07-18 11:30,R04,22.61,26.86,9.67,4100,73.0
101295,2025-07-18 11:30,R05,24.22,28.99,10.64,4110,82.6
101296,2025-07-18 11:30,R06,23.39,28.43,9.01,3660,64.0
101297,2025-07-18 12:00,R01,21.73,27.27,10.57,4220,83.1
101298,2025-07-18 12:00,R02,22.46,27.04,9.67,3960,67.0
101299,2025-07-18 12:00,R03,23.53,28.54,9.81,4310,79.5
101300,2025-07-18 12:00,R04,23.2,27.67,9.0,3900,68.6
101301,2025-07-18 12:00,R05,23.25,27.51,9.25,3830,71.9
101302,2025-07-18 12:00,R06,24.39,29.66,9.17,3740,71.5
101303,2025-07-18 12:30,R01,21.17,26.35,9.01,3680,58.7
101304,2025-07-18 12:30,R02,21.67,27.04,9.92,4040,73.2
101305,2025-07-18 12:30,R03,23.62,28.38,9.39,4090,75.6
101306,2025-07-18 12:30,R04,23.13,28.14,9.41,4000,69.5
101307,2025-07-18 12:30,R05,22.71,27.68,9.55,4010,74.9
101308,2025-07-18 12:30,R06,22.28,26.32,9.35,4090,70.1
101309,2025-07-18 13:00,R01,22.86,27.58,8.72,3750,62.9
101310,2025-07-18 13:00,R02,22.61,27.76,8.78,3730,62.4
101311,2025-07-18 13:00,R03,23.01,28.1,9.54,3970,73.8
101312,2025-07-18 13:00,R04,23.87,28.7,8.91,3530,54.0
101313,2025-07-18 13:00,R05,24.22,29.17,9.09,3890,65.6
101314,2025-07-18 13:00,R06,22.42,27.38,9.92,3850,70.0
101315,2025-07-18 13:30,R01,23.52,28.04,9.39,3790,73.3
101316,2025-07-18 13:30,R02,23.67,28.55,9.33,3920,69.7
101317,2025-07-18 13:30,R03,23.82,29.33,10.69,3850,76.1
101318,2025-07-18 13:30,R04,23.97,30.37,9.8,4130,72.4
101319,2025-07-18 13:30,R05,24.64,29.6,9.77,4120,76.8
101320,2025-07-18 13:30,R06,23.74,29.43,10.36,4150,82.6
101321,2025-07-18 14:00,R01,23.63,28.63,9.77,4130,74.6
101322,2025-07-18 14:00,R02,22.3,27.63,10.07,3980,80.4
101323,2025-07-18 14:00,R03,23.85,28.68,9.16,3930,70.4
101324,2025-07-18 14:00,R04,22.68,27.72,9.72,4010,75.3
101325,2025-07-18 14:00,R05,23.05,28.23,10.17,4140,82.7
101326,2025-07-18 14:00,R06,23.34,28.4,9.81,4080,80.9
101327,2025-07-18 14:30,R01,22.63,27.59,9.2,3850,71.0
101328,2025-07-18 14:30,R02,22.94,27.48,9.66,3920,74.3
101329,2025-07-18 14:30,R03,21.58,26.84,9.86,3840,67.5
101330,2025-07-18 14:30,R04,22.51,27.04,9.26,3870,69.0
101331,2025-07-18 14:30,R05,22.08,27.56,9.78,3730,70.1
101332,2025-07-18 14:30,R06,24.57,29.7,9.7,3970,73.3
101333,2025-07-18 15:00,R01,22.06,27.55,10.21,3900,73.1
101334,2025-07-18 15:00,R02,23.29,28.43,9.35,3730,61.4
101335,2025-07-18 15:00,R03,23.62,28.22,8.85,3960,64.0
101336,2025-07-18 15:00,R04,23.34,28.65,9.82,3960,74.9
101337,2025-07-18 15:00,R05,23.33,28.65,9.15,3930,71.8
101338,2025-07-18 15:00,R06,23.91,29.68,10.12,3960,73.0
101339,2025-07-18 15:30,R01,22.97,27.73,9.72,4190,75.9
101340,2025-07-18 15:30,R02,23.0,27.14,8.24,3880,58.1
101341,2025-07-18 15:30,R03,23.1,27.71,9.2,4180,72.0
101342,2025-07-18 15:30,R04,23.17,28.84,9.32,3690,59.4
101343,2025-07-18 15:30,R05,25.26,30.13,9.2,4080,68.9
101344,2025-07-18 15:30,R06,23.44,27.88,9.19,3910,71.1
101345,2025-07-18 16:00,R01,22.92,28.22,8.88,4020,70.1
101346,2025-07-18 16:00,R02,22.24,27.32,9.41,3870,67.4
101347,2025-07-18 16:00,R03,23.15,27.71,9.62,3770,67.3
101348,2025-07-18 16:00,R04,24.07,28.64,9.61,3880,74.3
101349,2025-07-18 16:00,R05,22.83,28.5,10.04,4040,73.8
101350,2025-07-18 16:00,R06,24.05,28.91,8.77,3840,71.3
101351,2025-07-18 16:30,R01,22.45,28.1,10.2,4150,76.1
101352,2025-07-18 16:30,R02,22.92,28.65,9.07,3820,59.6
101353,2025-07-18 16:30,R03,23.83,29.2,9.48,3910,69.9
101354,2025-07-18 16:30,R04,24.36,29.46,9.41,4220,73.7
101355,2025-07-18 16:30,R05,24.68,29.07,8.36,3680,60.4
101356,2025-07-18 16:30,R06,23.89,28.71,8.92,3860,68.4
101357,2025-07-18 17:00,R01,23.6,28.51,10.44,4150,85.0
101358,2025-07-18 17:00,R02,21.92,26.98,9.85,3870,63.1
101359,2025-07-18 17:00,R03,24.83,29.17,8.5,3750,63.1
101360,2025-07-18 17:00,R04,23.88,28.88,9.06,3950,67.4
101361,2025-07-18 17:00,R05,23.16,28.16,9.08,3950,65.8
101362,2025-07-18 17:00,R06,23.28,28.6,9.28,3780,63.2
101363,2025-07-18 17:30,R01,22.34,26.95,9.44,4130,72.1
101364,2025-07-18 17:30,R02,23.98,29.22,9.77,4360,72.5
101365,2025-07-18 17:30,R03,22.7,26.9,8.67,3770,63.6
101366,2025-07-18 17:30,R04,22.45,26.99,9.33,3870,67.2
101367,2025-07-18 17:30,R05,24.63,29.95,9.72,4000,69.3
101368,2025-07-18 17:30,R06,24.25,28.91,8.76,3780,65.1
101369,2025-07-18 18:00,R01,22.85,27.36,9.53,3820,66.7
101370,2025-07-18 18:00,R02,23.4,29.09,9.87,3990,72.9
101371,2025-07-18 18:00,R03,23.66,28.7,9.57,4020,71.8
101372,2025-07-18 18:00,R04,22.39,26.72,8.38,3680,62.5
101373,2025-07-18 18:00,R05,23.04,27.91,9.29,3760,63.6
101374,2025-07-18 18:00,R06,23.38,28.11,8.99,3830,63.6
101375,2025-07-18 18:30,R01,23.02,27.91,9.24,3860,65.4
101376,2025-07-18 18:30,R02,22.17,26.64,8.77,3750,68.4
101377,2025-07-18 18:30,R03,23.2,29.1,9.09,3830,67.3
101378,2025-07-18 18:30,R04,23.75,28.21,9.11,3960,67.6
101379,2025-07-18 18:30,R05,23.72,28.24,9.19,3970,64.2
101380,2025-07-18 18:30,R06,23.82,28.3,9.33,3930,75.2
101381,2025-07-18 19:00,R01,23.14,27.28,9.31,3820,64.5
101382,2025-07-18 19:00,R02,22.48,27.11,9.12,3800,64.6
101383,2025-07-18 19:00,R03,25.31,30.16,9.0,3790,63.8
101384,2025-07-18 19:00,R04,22.93,28.08,8.67,3650,55.5
101385,2025-07-18 19:00,R05,23.02,27.93,9.74,3940,78.7
101386,2025-07-18 19:00,R06,23.26,27.68,9.09,3790,66.6
101387,2025-07-18 19:30,R01,23.48,28.13,8.84,3730,64.2
101388,2025-07-18 19:30,R02,22.81,27.35,8.44,3860,61.5
101389,2025-07-18 19:30,R03,22.57,26.89,9.95,3880,75.2
101390,2025-07-18 19:30,R04,23.93,28.41,8.15,3600,56.7
101391,2025-07-18 19:30,R05,22.82,27.55,8.6,3550,61.7
101392,2025-07-18 19:30,R06,21.99,26.73,8.66,3710,59.4
101393,2025-07-18 20:00,R01,22.85,27.72,8.45,3780,57.5
101394,2025-07-18 20:00,R02,22.18,26.05,7.77,3520,57.7
101395,2025-07-18 20:00,R03,23.63,27.75,8.23,3180,44.6
101396,2025-07-18 20:00,R04,22.39,26.85,8.76,3510,60.6
101397,2025-07-18 20:00,R05,22.24,27.47,9.87,4190,73.9
101398,2025-07-18 20:00,R06,22.91,27.5,8.41,3620,52.8
101399,2025-07-18 20:30,R01,22.55,27.32,7.98,3600,49.7
101400,2025-07-18 20:30,R02,23.25,27.79,8.48,3750,54.1
101401,2025-07-18 20:30,R03,22.64,27.09,7.83,3610,51.7
101402,2025-07-18 20:30,R04,22.84,26.7,8.19,3620,59.7
101403,2025-07-18 20:30,R05,22.73,26.82,8.43,3830,60.3
101404,2025-07-18 20:30,R06,23.72,27.53,7.71,3840,57.0
101405,2025-07-18 21:00,R01,22.76,27.08,7.7,3330,39.8
101406,2025-07-18 21:00,R02,22.89,27.51,8.68,3400,57.5
101407,2025-07-18 21:00,R03,23.78,28.14,7.97,3260,50.6
101408,2025-07-18 21:00,R04,21.85,26.64,8.24,3460,58.8
101409,2025-07-18 21:00,R05,23.16,27.86,8.24,3670,54.4
101410,2025-07-18 21:00,R06,22.82,26.47,8.72,3830,65.4
101411,2025-07-18 21:30,R01,21.76,27.04,8.55,3660,57.8
101412,2025-07-18 21:30,R02,24.2,28.34,8.56,3520,60.3
101413,2025-07-18 21:30,R03,23.99,28.31,8.83,3580,49.3
101414,2025-07-18 21:30,R04,23.2,27.64,8.33,3870,61.6
101415,2025-07-18 21:30,R05,22.78,26.48,7.25,3620,48.9
101416,2025-07-18 21:30,R06,22.43,26.28,8.14,3660,51.2
101417,2025-07-18 22:00,R01,22.3,26.27,7.38,3400,44.3
101418,2025-07-18 22:00,R02,22.96,27.73,7.54,3520,50.0
101419,2025-07-18 22:00,R03,24.36,28.58,7.42,3110,41.6
101420,2025-07-18 22:00,R04,23.78,28.79,8.78,3690,57.7
101421,2025-07-18 22:00,R05,23.76,27.87,7.31,3350,47.4
101422,2025-07-18 22:00,R06,24.02,28.63,8.51,3420,54.1
101423,2025-07-18 22:30,R01,21.77,25.11,7.29,3530,46.4
101424,2025-07-18 22:30,R02,23.21,26.71,7.21,3420,44.7
101425,2025-07-18 22:30,R03,21.66,25.41,6.91,3320,41.9
101426,2025-07-18 22:30,R04,23.02,27.63,9.35,3790,63.1
101427,2025-07-18 22:30,R05,23.04,26.4,6.61,3120,34.5
101428,2025-07-18 22:30,R06,22.23,26.85,9.01,3690,61.5
101429,2025-07-18 23:00,R01,22.17,27.08,8.19,3540,54.4
101430,2025-07-18 23:00,R02,23.07,26.1,6.58,3100,40.2
101431,2025-07-18 23:00,R03,22.78,26.57,7.96,3510,49.7
101432,2025-07-18 23:00,R04,21.67,25.71,8.41,3540,47.6
101433,2025-07-18 23:00,R05,22.07,26.37,6.63,3180,38.5
101434,2025-07-18 23:00,R06,24.85,27.68,6.64,3420,41.7
101435,2025-07-18 23:30,R01,23.01,27.26,8.23,3670,50.3
101436,2025-07-18 23:30,R02,23.34,27.86,7.73,3380,48.7
101437,2025-07-18 23:30,R03,22.91,27.22,8.08,3590,53.0
101438,2025-07-18 23:30,R04,21.22,25.83,8.28,3630,53.3
101439,2025-07-18 23:30,R05,23.81,27.57,7.53,3240,44.6
101440,2025-07-18 23:30,R06,22.32,25.39,6.54,2950,36.1
101441,2025-07-19 00:00,R01,22.72,26.84,6.35,3120,26.2
101442,2025-07-19 00:00,R02,21.78,25.45,7.12,3050,45.1
101443,2025-07-19 00:00,R03,22.85,27.15,7.21,3310,42.8
101444,2025-07-19 00:00,R04,21.74,26.68,8.32,3620,56.0
101445,2025-07-19 00:00,R05,21.83,25.44,6.76,3250,35.5
101446,2025-07-19 00:00,R06,21.81,25.9,6.99,3090,40.1
101447,2025-07-19 00:30,R01,21.46,24.67,7.15,3040,32.4
101448,2025-07-19 00:30,R02,21.57,25.65,6.16,3020,34.7
101449,2025-07-19 00:30,R03,23.13,27.7,7.7,3590,48.9
101450,2025-07-19 00:30,R04,22.59,25.3,6.21,3100,35.4
101451,2025-07-19 00:30,R05,22.8,27.04,8.4,3370,49.1
101452,2025-07-19 00:30,R06,23.73,27.12,6.62,3050,35.7
101453,2025-07-19 01:00,R01,21.79,25.13,6.09,3180,33.6
101454,2025-07-19 01:00,R02,22.15,25.21,6.11,2980,31.5
101455,2025-07-19 01:00,R03,24.4,26.9,5.81,2960,29.0
101456,2025-07-19 01:00,R04,23.1,26.9,6.89,3380,44.8
101457,2025-07-19 01:00,R05,22.62,25.91,6.58,3210,34.0
101458,2025-07-19 01:00,R06,22.88,27.06,7.86,3170,42.8
101459,2025-07-19 01:30,R01,22.57,25.57,6.45,3300,31.6
101460,2025-07-19 01:30,R02,22.03,25.93,8.14,3500,50.8
101461,2025-07-19 01:30,R03,21.64,26.19,8.17,3430,45.6
101462,2025-07-19 01:30,R04,24.0,29.21,8.48,3740,54.6
101463,2025-07-19 01:30,R05,23.91,27.45,6.67,3000,35.2
101464,2025-07-19 01:30,R06,20.58,24.04,5.64,2810,25.3
101465,2025-07-19 02:00,R01,22.51,26.06,6.82,3200,38.6
101466,2025-07-19 02:00,R02,22.91,25.76,6.4,3090,34.7
101467,2025-07-19 02:00,R03,23.94,27.42,6.45,2980,37.7
101468,2025-07-19 02:00,R04,21.64,24.77,6.64,3150,35.9
101469,2025-07-19 02:00,R05,23.87,27.67,7.2,3350,41.7
101470,2025-07-19 02:00,R06,22.61,26.0,7.83,3350,48.4
101471,2025-07-19 02:30,R01,22.54,26.39,7.26,3010,35.5
101472,2025-07-19 02:30,R02,22.66,26.49,7.06,3140,41.6
101473,2025-07-19 02:30,R03,23.99,27.18,6.85,3420,39.4
101474,2025-07-19 02:30,R04,21.83,26.14,7.86,3630,48.4
101475,2025-07-19 02:30,R05,22.13,25.38,5.65,3010,29.1
101476,2025-07-19 02:30,R06,22.39,25.97,6.06,3150,36.1
101477,2025-07-19 03:00,R01,22.28,25.98,7.48,3360,42.2
101478,2025-07-19 03:00,R02,23.14,26.57,7.37,3110,34.7
101479,2025-07-19 03:00,R03,24.26,29.33,8.12,3360,42.1
101480,2025-07-19 03:00,R04,21.52,24.78,7.73,3290,43.2
101481,2025-07-19 03:00,R05,23.6,27.44,7.79,3340,44.5
101482,2025-07-19 03:00,R06,23.62,27.31,6.34,3150,31.8
101483,2025-07-19 03:30,R01,22.39,26.37,7.64,3630,40.8
101484,2025-07-19 03:30,R02,21.39,25.4,6.67,2960,34.8
101485,2025-07-19 03:30,R03,23.71,27.55,6.3,3070,28.5
101486,2025-07-19 03:30,R04,21.92,25.41,7.01,2980,35.2
101487,2025-07-19 03:30,R05,23.04,27.45,8.01,3600,53.5
101488,2025-07-19 03:30,R06,21.1,25.03,7.69,3340,44.6
101489,2025-07-19 04:00,R01,22.23,26.09,6.21,3030,29.4
101490,2025-07-19 04:00,R02,22.85,26.58,7.78,3310,41.7
101491,2025-07-19 04:00,R03,21.86,25.74,7.14,3160,38.8
101492,2025-07-19 04:00,R04,22.79,26.4,7.3,3190,37.5
101493,2025-07-19 04:00,R05,21.82,25.63,6.8,3150,35.3
101494,2025-07-19 04:00,R06,22.26,25.66,6.24,2960,29.6
101495,2025-07-19 04:30,R01,22.06,25.18,6.13,2970,26.9
101496,2025-07-19 04:30,R02,22.76,26.4,7.17,3070,35.5
101497,2025-07-19 04:30,R03,23.16,27.18,6.97,3290,37.8
101498,2025-07-19 04:30,R04,23.65,27.89,7.74,3430,44.1
101499,2025-07-19 04:30,R05,23.72,28.05,7.68,3400,50.9
101500,2025-07-19 04:30,R06,22.4,25.72,7.27,3420,39.7
101501,2025-07-19 05:00,R01,21.2,24.07,6.55,3140,38.7
101502,2025-07-19 05:00,R02,22.21,26.81,7.49,3200,44.4
101503,2025-07-19 05:00,R03,23.57,27.35,6.83,3410,39.5
101504,2025-07-19 05:00,R04,21.97,26.29,7.28,3270,38.2
101505,2025-07-19 05:00,R05,21.24,24.62,7.85,3450,45.8
101506,2025-07-19 05:00,R06,21.92,26.34,7.42,3450,43.0
101507,2025-07-19 05:30,R01,22.61,27.52,8.34,3520,51.6
101508,2025-07-19 05:30,R02,21.82,26.5,7.19,3280,43.4
101509,2025-07-19 05:30,R03,22.34,27.19,8.68,3200,45.8
101510,2025-07-19 05:30,R04,21.33,25.04,7.06,3260,43.6
101511,2025-07-19 05:30,R05,22.48,26.14,6.47,2950,35.1
101512,2025-07-19 05:30,R06,22.04,25.4,7.43,3370,38.0
101513,2025-07-19 06:00,R01,23.02,26.33,6.78,3230,35.7
101514,2025-07-19 06:00,R02,22.25,25.71,6.81,3470,40.6
101515,2025-07-19 06:00,R03,22.92,26.07,7.51,3250,36.1
101516,2025-07-19 06:00,R04,22.34,27.25,8.21,3490,48.9
101517,2025-07-19 06:00,R05,22.28,27.53,8.61,3670,57.9
101518,2025-07-19 06:00,R06,21.62,25.72,7.9,3270,45.9
101519,2025-07-19 06:30,R01,21.3,25.04,8.38,3070,43.7
101520,2025-07-19 06:30,R02,22.06,25.55,7.81,3540,48.5
101521,2025-07-19 06:30,R03,22.49,25.34,5.76,2960,25.2
101522,2025-07-19 06:30,R04,22.02,27.06,8.05,3430,46.4
101523,2025-07-19 06:30,R05,22.29,26.25,6.78,3400,40.6
101524,2025-07-19 06:30,R06,21.36,24.86,6.6,3460,34.1
101525,2025-07-19 07:00,R01,22.57,27.4,7.84,3200,41.5
101526,2025-07-19 07:00,R02,22.53,25.77,6.89,3270,36.0
101527,2025-07-19 07:00,R03,23.97,28.06,7.17,3440,45.0
101528,2025-07-19 07:00,R04,23.82,28.72,8.9,3780,57.2
101529,2025-07-19 07:00,R05,21.69,24.96,7.62,3500,51.0
101530,2025-07-19 07:00,R06,23.38,27.84,7.93,3670,48.5
101531,2025-07-19 07:30,R01,21.67,25.25,7.24,3240,36.9
101532,2025-07-19 07:30,R02,22.62,26.89,7.75,3640,53.1
101533,2025-07-19 07:30,R03,22.5,26.34,8.21,3690,58.5
101534,2025-07-19 07:30,R04,23.75,27.06,6.82,3220,41.0
101535,2025-07-19 07:30,R05,22.35,25.54,7.0,3660,41.7
101536,2025-07-19 07:30,R06,23.09,26.84,7.4,3220,37.6
101537,2025-07-19 08:00,R01,21.37,26.75,9.57,3760,64.2
101538,2025-07-19 08:00,R02,23.0,26.8,8.47,3520,48.2
101539,2025-07-19 08:00,R03,24.23,28.21,7.48,3410,50.7
101540,2025-07-19 08:00,R04,21.16,25.9,7.72,3630,48.8
101541,2025-07-19 08:00,R05,23.68,28.43,8.38,3870,63.4
101542,2025-07-19 08:00,R06,23.59,27.12,7.29,3370,42.2
101543,2025-07-19 08:30,R01,21.49,25.68,8.09,3690,55.6
101544,2025-07-19 08:30,R02,21.94,26.65,7.87,3560,55.2
101545,2025-07-19 08:30,R03,24.43,28.09,7.97,3380,47.1
101546,2025-07-19 08:30,R04,22.98,27.28,8.86,3830,61.1
101547,2025-07-19 08:30,R05,23.44,28.38,9.08,3680,55.6
101548,2025-07-19 08:30,R06,22.65,27.11,8.61,3790,58.2
101549,2025-07-19 09:00,R01,22.58,27.16,8.19,3340,53.8
101550,2025-07-19 09:00,R02,23.02,27.2,8.13,3600,49.6
101551,2025-07-19 09:00,R03,24.69,27.61,7.68,3640,53.7
101552,2025-07-19 09:00,R04,22.6,27.9,9.13,3820,66.6
101553,2025-07-19 09:00,R05,23.34,28.45,8.81,3580,57.9
101554,2025-07-19 09:00,R06,22.64,26.92,8.46,3770,53.9
101555,2025-07-19 09:30,R01,23.19,27.94,9.19,3940,62.3
101556,2025-07-19 09:30,R02,21.79,26.06,8.61,3360,49.8
101557,2025-07-19 09:30,R03,23.64,27.62,7.48,3390,47.3
101558,2025-07-19 09:30,R04,22.47,26.33,8.23,3260,52.8
101559,2025-07-19 09:30,R05,22.13,26.98,8.06,3670,58.2
101560,2025-07-19 09:30,R06,24.0,27.86,7.44,3370,45.6
101561,2025-07-19 10:00,R01,23.24,27.49,8.79,3490,56.2
101562,2025-07-19 10:00,R02,23.15,28.33,9.18,3970,69.2
101563,2025-07-19 10:00,R03,23.59,28.05,9.59,3910,67.4
101564,2025-07-19 10:00,R04,23.08,27.99,8.96,3550,60.6
101565,2025-07-19 10:00,R05,22.34,26.68,8.27,3520,51.8
101566,2025-07-19 10:00,R06,24.25,28.69,8.33,3490,53.0
101567,2025-07-19 10:30,R01,21.59,25.78,8.12,3400,55.7
101568,2025-07-19 10:30,R02,23.04,28.14,9.43,4040,70.6
101569,2025-07-19 10:30,R03,24.15,28.96,9.88,3970,72.8
101570,2025-07-19 10:30,R04,22.97,26.96,8.97,3840,59.5
101571,2025-07-19 10:30,R05,22.27,27.47,8.83,3800,60.8
101572,2025-07-19 10:30,R06,22.88,27.11,7.91,3520,46.0
101573,2025-07-19 11:00,R01,24.49,28.75,8.86,3730,61.5
101574,2025-07-19 11:00,R02,23.72,28.88,10.12,4060,69.3
101575,2025-07-19 11:00,R03,23.6,27.01,8.3,3600,56.6
101576,2025-07-19 11:00,R04,23.48,27.79,9.1,3640,64.3
101577,2025-07-19 11:00,R05,23.53,29.52,10.36,4020,73.1
101578,2025-07-19 11:00,R06,23.11,28.08,9.04,3960,66.6
101579,2025-07-19 11:30,R01,22.35,26.77,8.67,3640,63.8
101580,2025-07-19 11:30,R02,21.84,27.02,8.93,3670,56.7
101581,2025-07-19 11:30,R03,24.35,29.54,9.62,3710,68.0
101582,2025-07-19 11:30,R04,22.48,27.12,8.53,3760,61.7
101583,2025-07-19 11:30,R05,23.48,27.82,8.67,3760,60.2
101584,2025-07-19 11:30,R06,22.7,26.58,8.6,3680,60.8
101585,2025-07-19 12:00,R01,22.72,27.86,8.66,3690,59.4
101586,2025-07-19 12:00,R02,23.64,28.55,8.78,3860,65.3
101587,2025-07-19 12:00,R03,23.55,29.71,10.01,3950,72.0
101588,2025-07-19 12:00,R04,22.52,27.11,8.77,3880,62.8
101589,2025-07-19 12:00,R05,24.66,29.99,9.62,3930,68.3
101590,2025-07-19 12:00,R06,23.42,27.39,8.5,3770,55.4
101591,2025-07-19 12:30,R01,23.0,28.04,9.77,3950,72.8
101592,2025-07-19 12:30,R02,22.82,27.64,9.06,3850,68.4
101593,2025-07-19 12:30,R03,23.35,27.47,8.19,3600,63.1
101594,2025-07-19 12:30,R04,23.55,28.16,9.53,4210,71.0
101595,2025-07-19 12:30,R05,23.59,28.74,8.97,3900,65.9
101596,2025-07-19 12:30,R06,24.1,28.79,8.9,3530,60.2
101597,2025-07-19 13:00,R01,23.43,27.65,9.52,3910,71.4
101598,2025-07-19 13:00,R02,22.03,26.62,9.06,3640,63.5
101599,2025-07-19 13:00,R03,22.5,28.4,9.42,3930,67.8
101600,2025-07-19 13:00,R04,23.69,28.87,9.1,3790,66.5
101601,2025-07-19 13:00,R05,21.89,26.52,8.82,3760,62.2
101602,2025-07-19 13:00,R06,23.75,27.68,9.33,3810,63.5
101603,2025-07-19 13:30,R01,22.84,27.43,9.0,3850,67.1
101604,2025-07-19 13:30,R02,22.96,27.32,8.51,3550,57.7
101605,2025-07-19 13:30,R03,22.07,27.36,9.66,3910,70.0
101606,2025-07-19 13:30,R04,22.81,28.18,10.09,4170,71.6
101607,2025-07-19 13:30,R05,23.33,27.91,9.22,3560,63.5
101608,2025-07-19 13:30,R06,22.87,27.54,9.23,3990,67.1
101609,2025-07-19 14:00,R01,22.6,27.52,9.58,4240,74.8
101610,2025-07-19 14:00,R02,22.35,28.49,11.09,4250,83.6
101611,2025-07-19 14:00,R03,23.85,28.81,10.02,3920,78.7
101612,2025-07-19 14:00,R04,23.01,28.28,10.21,4040,79.0
101613,2025-07-19 14:00,R05,23.35,27.75,9.11,4050,69.0
101614,2025-07-19 14:00,R06,24.08,28.98,9.28,3800,65.5
101615,2025-07-19 14:30,R01,22.76,28.03,9.69,3780,68.9
101616,2025-07-19 14:30,R02,22.42,27.42,10.04,4060,76.6
101617,2025-07-19 14:30,R03,23.76,28.41,9.44,4100,74.3
101618,2025-07-19 14:30,R04,23.16,29.04,10.19,4120,81.2
101619,2025-07-19 14:30,R05,23.1,28.95,10.21,4080,74.3
101620,2025-07-19 14:30,R06,24.01,28.16,9.15,4190,79.9
101621,2025-07-19 15:00,R01,22.61,27.49,9.37,4060,70.4
101622,2025-07-19 15:00,R02,22.99,28.37,10.03,4040,72.9
101623,2025-07-19 15:00,R03,23.24,27.93,9.91,4050,75.4
101624,2025-07-19 15:00,R04,22.9,28.02,9.3,3950,70.4
101625,2025-07-19 15:00,R05,22.57,27.85,10.24,4270,81.0
101626,2025-07-19 15:00,R06,22.78,27.25,9.36,4310,78.6
101627,2025-07-19 15:30,R01,21.74,26.94,10.48,3970,79.6
101628,2025-07-19 15:30,R02,24.22,30.29,10.23,4150,74.7
101629,2025-07-19 15:30,R03,23.76,28.53,9.1,3700,71.3
101630,2025-07-19 15:30,R04,22.81,27.62,8.81,3680,65.7
101631,2025-07-19 15:30,R05,23.67,29.54,10.35,4090,79.6
101632,2025-07-19 15:30,R06,24.53,29.47,9.38,4110,70.4
101633,2025-07-19 16:00,R01,22.65,27.44,9.06,4080,75.4
101634,2025-07-19 16:00,R02,23.49,28.42,9.88,4080,76.9
101635,2025-07-19 16:00,R03,22.41,27.63,9.37,3830,69.3
101636,2025-07-19 16:00,R04,23.54,28.54,10.39,3930,73.3
101637,2025-07-19 16:00,R05,23.23,28.17,9.47,4000,78.2
101638,2025-07-19 16:00,R06,23.68,28.53,9.64,4080,76.4
101639,2025-07-19 16:30,R01,23.27,28.19,10.13,3910,75.7
101640,2025-07-19 16:30,R02,23.3,28.2,9.43,3690,66.3
101641,2025-07-19 16:30,R03,23.21,28.5,9.94,4060,79.1
101642,2025-07-19 16:30,R04,23.0,28.04,8.58,3980,61.0
101643,2025-07-19 16:30,R05,22.46,27.03,9.45,3780,64.0
101644,2025-07-19 16:30,R06,22.22,27.01,9.79,3740,61.7
101645,2025-07-19 17:00,R01,22.41,27.77,9.22,4070,69.1
101646,2025-07-19 17:00,R02,24.02,28.52,9.8,4190,74.9
101647,2025-07-19 17:00,R03,21.79,26.44,9.41,4010,75.6
101648,2025-07-19 17:00,R04,22.45,28.49,9.7,3810,71.5
101649,2025-07-19 17:00,R05,23.5,29.88,11.25,4370,90.0
101650,2025-07-19 17:00,R06,24.47,29.21,9.55,3870,67.2
101651,2025-07-19 17:30,R01,22.53,27.32,9.37,3890,69.0
101652,2025-07-19 17:30,R02,22.69,27.6,9.31,4130,75.0
101653,2025-07-19 17:30,R03,25.29,29.65,9.32,3720,71.6
101654,2025-07-19 17:30,R04,23.54,28.97,9.78,3830,74.2
101655,2025-07-19 17:30,R05,23.56,29.14,10.63,4260,82.5
101656,2025-07-19 17:30,R06,24.55,29.34,9.34,4100,77.2
101657,2025-07-19 18:00,R01,22.08,26.85,10.32,4100,73.8
101658,2025-07-19 18:00,R02,22.23,26.86,8.83,3860,63.2
101659,2025-07-19 18:00,R03,24.43,30.22,9.89,3920,73.7
101660,2025-07-19 18:00,R04,23.43,28.43,8.92,3590,62.1
101661,2025-07-19 18:00,R05,24.54,29.22,8.66,3680,60.2
101662,2025-07-19 18:00,R06,22.2,26.27,8.98,4160,69.0
101663,2025-07-19 18:30,R01,23.41,28.24,9.02,4060,69.2
101664,2025-07-19 18:30,R02,22.73,27.32,9.15,3970,68.3
101665,2025-07-19 18:30,R03,23.79,29.71,9.84,4090,81.4
101666,2025-07-19 18:30,R04,22.96,28.98,11.04,4570,86.4
101667,2025-07-19 18:30,R05,22.89,27.2,8.17,3610,59.7
101668,2025-07-19 18:30,R06,22.77,27.61,8.73,3580,60.8
101669,2025-07-19 19:00,R01,22.69,27.41,9.59,3790,64.5
101670,2025-07-19 19:00,R02,23.98,29.4,8.96,3590,60.6
101671,2025-07-19 19:00,R03,24.37,29.33,9.95,4010,72.1
101672,2025-07-19 19:00,R04,23.86,29.87,10.08,4010,74.0
101673,2025-07-19 19:00,R05,23.64,28.79,9.79,3720,69.2
101674,2025-07-19 19:00,R06,22.77,27.22,8.72,3650,55.7
101675,2025-07-19 19:30,R01,23.3,27.94,8.06,3600,52.9
101676,2025-07-19 19:30,R02,22.15,26.41,9.43,3820,64.9
101677,2025-07-19 19:30,R03,23.17,27.84,9.18,3980,63.3
101678,2025-07-19 19:30,R04,24.04,28.65,8.61,3740,54.5
101679,2025-07-19 19:30,R05,23.7,28.74,9.69,3950,70.8
101680,2025-07-19 19:30,R06,25.08,29.17,7.87,3190,47.5
101681,2025-07-19 20:00,R01,22.72,26.71,7.9,3540,51.6
101682,2025-07-19 20:00,R02,22.36,26.29,8.27,3500,57.2
101683,2025-07-19 20:00,R03,23.1,28.56,9.23,3680,58.9
101684,2025-07-19 20:00,R04,23.22,28.04,8.13,3770,56.3
101685,2025-07-19 20:00,R05,22.71,27.32,8.42,3640,58.6
101686,2025-07-19 20:00,R06,24.19,28.12,8.75,3790,60.0
101687,2025-07-19 20:30,R01,22.69,26.28,8.56,3630,63.0
101688,2025-07-19 20:30,R02,23.97,28.62,8.22,3500,48.7
101689,2025-07-19 20:30,R03,23.26,28.22,8.74,3450,48.8
101690,2025-07-19 20:30,R04,22.5,26.96,8.19,3360,52.2
101691,2025-07-19 20:30,R05,23.6,28.34,9.13,3750,61.1
101692,2025-07-19 20:30,R06,23.09,27.8,8.87,3540,55.1
101693,2025-07-19 21:00,R01,22.8,26.51,7.83,3720,56.6
101694,2025-07-19 21:00,R02,22.34,26.46,8.66,3430,50.1
101695,2025-07-19 21:00,R03,22.39,27.12,8.68,3790,54.6
101696,2025-07-19 21:00,R04,21.89,26.57,8.65,3760,56.0
101697,2025-07-19 21:00,R05,23.67,27.4,7.7,3870,55.5
101698,2025-07-19 21:00,R06,24.51,28.96,8.22,3690,57.5
101699,2025-07-19 21:30,R01,21.81,26.66,8.15,3360,47.0
101700,2025-07-19 21:30,R02,23.78,27.94,8.04,3390,46.9
101701,2025-07-19 21:30,R03,23.38,28.12,7.51,3520,46.6
101702,2025-07-19 21:30,R04,23.45,28.49,8.28,3580,56.2
101703,2025-07-19 21:30,R05,22.93,26.63,8.14,3420,50.7
101704,2025-07-19 21:30,R06,22.54,27.41,8.53,3570,53.0
101705,2025-07-19 22:00,R01,21.37,26.02,7.77,3350,45.3
101706,2025-07-19 22:00,R02,22.37,26.44,8.23,3530,50.5
101707,2025-07-19 22:00,R03,22.18,26.72,8.38,3600,50.4
101708,2025-07-19 22:00,R04,22.14,27.19,8.14,3470,49.5
101709,2025-07-19 22:00,R05,21.72,25.17,7.1,3530,42.3
101710,2025-07-19 22:00,R06,21.62,25.84,7.84,3250,45.4
101711,2025-07-19 22:30,R01,24.18,28.42,7.71,3590,47.5
101712,2025-07-19 22:30,R02,21.51,25.94,7.46,3270,49.9
101713,2025-07-19 22:30,R03,22.43,25.83,7.49,3390,44.2
101714,2025-07-19 22:30,R04,23.32,27.94,8.24,3730,55.1
101715,2025-07-19 22:30,R05,21.35,25.36,8.29,3540,51.8
101716,2025-07-19 22:30,R06,23.12,27.81,7.55,3220,41.2
101717,2025-07-19 23:00,R01,22.83,26.42,7.34,3620,44.0
101718,2025-07-19 23:00,R02,22.34,26.24,6.93,3310,46.1
101719,2025-07-19 23:00,R03,23.82,27.34,7.17,3480,40.8
101720,2025-07-19 23:00,R04,21.98,25.72,7.59,3420,42.8
101721,2025-07-19 23:00,R05,23.45,27.58,7.62,3340,46.0
101722,2025-07-19 23:00,R06,23.13,27.25,7.96,3600,48.0
101723,2025-07-19 23:30,R01,22.26,26.75,8.74,3780,62.0
101724,2025-07-19 23:30,R02,21.77,26.64,8.39,3250,50.2
101725,2025-07-19 23:30,R03,23.86,27.27,6.53,3290,41.3
101726,2025-07-19 23:30,R04,22.78,26.65,7.19,3220,42.3
101727,2025-07-19 23:30,R05,22.64,26.92,8.47,3690,51.6
101728,2025-07-19 23:30,R06,22.75,27.16,7.93,3460,50.5
101729,2025-07-20 00:00,R01,22.51,25.82,7.1,3540,46.1
101730,2025-07-20 00:00,R02,22.56,26.76,6.77,3130,35.6
101731,2025-07-20 00:00,R03,24.13,28.34,7.74,3280,38.8
101732,2025-07-20 00:00,R04,21.95,26.26,7.76,3490,44.8
101733,2025-07-20 00:00,R05,22.38,26.5,7.64,3310,40.4
101734,2025-07-20 00:00,R06,23.29,26.57,7.0,3060,32.1
101735,2025-07-20 00:30,R01,21.23,24.84,7.78,3410,48.2
101736,2025-07-20 00:30,R02,21.74,25.99,7.54,3290,43.3
101737,2025-07-20 00:30,R03,22.27,25.92,6.49,2940,28.3
101738,2025-07-20 00:30,R04,23.39,27.87,7.24,3230,37.6
101739,2025-07-20 00:30,R05,22.65,26.38,7.0,3060,34.5
101740,2025-07-20 00:30,R06,23.22,27.17,8.07,3550,46.2
101741,2025-07-20 01:00,R01,22.14,26.19,7.34,3460,39.2
101742,2025-07-20 01:00,R02,22.58,26.35,7.24,3490,49.6
101743,2025-07-20 01:00,R03,23.89,28.68,8.42,3450,50.0
101744,2025-07-20 01:00,R04,23.31,27.3,7.57,3400,44.0
101745,2025-07-20 01:00,R05,23.23,27.3,7.4,3000,36.8
101746,2025-07-20 01:00,R06,22.54,26.77,6.91,3240,38.8
101747,2025-07-20 01:30,R01,21.76,26.32,8.01,3550,46.2
101748,2025-07-20 01:30,R02,23.33,27.26,7.42,3100,37.9
101749,2025-07-20 01:30,R03,22.22,25.65,6.13,2870,35.2
101750,2025-07-20 01:30,R04,23.53,27.47,7.91,3620,50.9
101751,2025-07-20 01:30,R05,22.57,27.22,7.74,3450,48.7
101752,2025-07-20 01:30,R06,23.46,26.71,7.09,3080,39.1
101753,2025-07-20 02:00,R01,22.94,26.21,7.07,3410,37.0
101754,2025-07-20 02:00,R02,22.67,26.5,6.8,3090,29.4
101755,2025-07-20 02:00,R03,22.5,25.85,6.84,3230,37.2
101756,2025-07-20 02:00,R04,21.06,25.84,7.97,3380,41.2
101757,2025-07-20 02:00,R05,22.92,26.69,6.44,3170,33.9
101758,2025-07-20 02:00,R06,23.19,26.38,7.06,3060,36.9
101759,2025-07-20 02:30,R01,22.59,25.67,7.17,3500,43.1
101760,2025-07-20 02:30,R02,23.3,27.67,7.14,3030,30.0
101761,2025-07-20 02:30,R03,23.7,26.99,6.3,3090,33.4
101762,2025-07-20 02:30,R04,22.24,25.58,6.92,3130,34.8
101763,2025-07-20 02:30,R05,23.75,27.42,6.78,3310,37.8
101764,2025-07-20 02:30,R06,23.35,26.1,6.49,2970,27.4
101765,2025-07-20 03:00,R01,22.18,25.52,6.5,2940,30.4
101766,2025-07-20 03:00,R02,21.85,25.07,7.0,3220,41.5
101767,2025-07-20 03:00,R03,22.72,27.7,7.6,3110,36.7
101768,2025-07-20 03:00,R04,22.79,26.88,7.96,3270,46.7
101769,2025-07-20 03:00,R05,21.6,25.18,7.29,3350,32.9
101770,2025-07-20 03:00,R06,23.57,27.44,7.13,3370,33.0
101771,2025-07-20 03:30,R01,21.91,25.1,6.7,3360,42.4
101772,2025-07-20 03:30,R02,21.85,25.27,6.51,3150,29.6
101773,2025-07-20 03:30,R03,22.86,27.4,7.25,3250,40.0
101774,2025-07-20 03:30,R04,22.46,26.77,8.7,3920,57.0
101775,2025-07-20 03:30,R05,22.26,25.54,6.03,2820,27.0
101776,2025-07-20 03:30,R06,23.01,27.04,7.39,3280,46.9
101777,2025-07-20 04:00,R01,20.91,24.27,6.65,3010,31.3
101778,2025-07-20 04:00,R02,22.65,26.11,7.26,3140,35.1
101779,2025-07-20 04:00,R03,22.02,25.03,6.46,2870,28.5
101780,2025-07-20 04:00,R04,21.86,26.26,6.41,2820,27.5
101781,2025-07-20 04:00,R05,21.02,25.44,7.84,3360,43.7
101782,2025-07-20 04:00,R06,22.03,25.18,5.59,2980,21.7
101783,2025-07-20 04:30,R01,21.65,24.93,5.96,2980,28.8
101784,2025-07-20 04:30,R02,22.81,26.48,6.32,2970,30.5
101785,2025-07-20 04:30,R03,23.1,26.08,6.19,2740,26.2
101786,2025-07-20 04:30,R04,23.07,27.39,7.76,3200,39.8
101787,2025-07-20 04:30,R05,22.67,26.4,8.31,3570,52.9
101788,2025-07-20 04:30,R06,23.33,27.02,5.91,3150,26.9
101789,2025-07-20 05:00,R01,21.76,24.98,6.99,3240,38.8
101790,2025-07-20 05:00,R02,22.23,26.43,7.0,3090,34.1
101791,2025-07-20 05:00,R03,23.77,27.75,7.68,3260,43.4
101792,2025-07-20 05:00,R04,22.76,27.21,8.37,3200,39.1
101793,2025-07-20 05:00,R05,22.99,26.42,5.97,3050,27.1
101794,2025-07-20 05:00,R06,23.34,27.33,6.96,3310,33.7
101795,2025-07-20 05:30,R01,23.06,27.02,5.86,2970,20.8
101796,2025-07-20 05:30,R02,23.28,27.27,6.68,3280,40.3
101797,2025-07-20 05:30,R03,23.13,26.63,6.35,3230,32.8
101798,2025-07-20 05:30,R04,22.44,26.59,7.37,3200,41.5
101799,2025-07-20 05:30,R05,22.61,25.74,7.53,3540,49.1
101800,2025-07-20 05:30,R06,22.74,26.26,7.57,3380,43.5
101801,2025-07-20 06:00,R01,22.94,27.37,7.46,3510,43.0
101802,2025-07-20 06:00,R02,22.79,27.01,7.84,3310,40.3
101803,2025-07-20 06:00,R03,21.69,25.21,6.89,3140,34.4
101804,2025-07-20 06:00,R04,23.15,27.82,8.22,3450,51.5
101805,2025-07-20 06:00,R05,21.49,25.61,7.84,3070,42.3
101806,2025-07-20 06:00,R06,22.72,27.18,8.39,3580,53.7
101807,2025-07-20 06:30,R01,20.88,24.99,8.18,3480,49.1
101808,2025-07-20 06:30,R02,22.61,27.05,8.76,3520,51.6
101809,2025-07-20 06:30,R03,23.97,28.23,7.02,3080,39.3
101810,2025-07-20 06:30,R04,22.19,25.89,7.64,3470,46.9
101811,2025-07-20 06:30,R05,22.37,26.11,6.65,3160,34.5
101812,2025-07-20 06:30,R06,24.02,28.48,7.92,3180,42.9
101813,2025-07-20 07:00,R01,21.97,25.28,7.52,3380,41.5
101814,2025-07-20 07:00,R02,22.81,27.94,7.86,3460,49.7
101815,2025-07-20 07:00,R03,21.95,26.12,8.25,3430,50.8
101816,2025-07-20 07:00,R04,22.94,27.69,8.18,3400,46.2
101817,2025-07-20 07:00,R05,22.97,26.42,7.66,3560,55.1
101818,2025-07-20 07:00,R06,23.37,27.33,7.73,3410,48.8
101819,2025-07-20 07:30,R01,22.57,26.98,8.53,3850,60.4
101820,2025-07-20 07:30,R02,23.15,26.44,7.13,3450,39.6
101821,2025-07-20 07:30,R03,23.71,28.25,7.56,3360,40.1
101822,2025-07-20 07:30,R04,22.66,26.72,8.38,3660,52.4
101823,2025-07-20 07:30,R05,22.17,26.74,8.58,3540,59.3
101824,2025-07-20 07:30,R06,22.68,26.81,7.47,2890,34.6
101825,2025-07-20 08:00,R01,21.81,26.03,7.03,3470,45.7
101826,2025-07-20 08:00,R02,22.45,27.76,8.1,3510,53.1
101827,2025-07-20 08:00,R03,23.92,28.78,8.16,3610,54.6
101828,2025-07-20 08:00,R04,22.35,26.79,8.98,3760,61.8
101829,2025-07-20 08:00,R05,22.01,26.25,7.66,3300,44.9
101830,2025-07-20 08:00,R06,23.82,27.49,7.43,3280,35.5
101831,2025-07-20 08:30,R01,22.47,27.16,9.13,3600,66.7
101832,2025-07-20 08:30,R02,22.8,26.63,7.79,3650,49.1
101833,2025-07-20 08:30,R03,23.26,27.69,9.23,3760,63.4
101834,2025-07-20 08:30,R04,21.59,26.79,8.91,3510,55.8
101835,2025-07-20 08:30,R05,22.27,27.45,8.39,3640,60.3
101836,2025-07-20 08:30,R06,23.24,27.06,6.83,3390,36.6
101837,2025-07-20 09:00,R01,23.41,28.62,8.86,3870,65.7
101838,2025-07-20 09:00,R02,21.4,25.25,8.41,3630,54.9
101839,2025-07-20 09:00,R03,24.28,28.44,7.61,3430,43.7
101840,2025-07-20 09:00,R04,22.28,26.58,7.59,3470,48.2
101841,2025-07-20 09:00,R05,22.1,26.95,9.13,4000,61.8
101842,2025-07-20 09:00,R06,22.17,26.37,8.19,3320,51.1
101843,2025-07-20 09:30,R01,22.73,26.26,8.4,3660,54.0
101844,2025-07-20 09:30,R02,23.49,28.09,8.42,3510,51.8
101845,2025-07-20 09:30,R03,23.11,26.98,8.06,3380,47.1
101846,2025-07-20 09:30,R04,22.47,26.67,8.27,3710,55.3
101847,2025-07-20 09:30,R05,22.7,26.93,8.62,3780,65.6
101848,2025-07-20 09:30,R06,23.27,27.26,8.9,3600,61.5
101849,2025-07-20 10:00,R01,22.49,25.99,8.36,3330,54.1
101850,2025-07-20 10:00,R02,22.8,27.61,8.58,3560,58.0
101851,2025-07-20 10:00,R03,23.77,29.5,9.11,3720,63.9
101852,2025-07-20 10:00,R04,22.38,27.29,9.75,4010,69.6
101853,2025-07-20 10:00,R05,23.01,27.76,9.95,3930,65.8
101854,2025-07-20 10:00,R06,22.98,27.41,8.07,3460,56.9
101855,2025-07-20 10:30,R01,22.86,27.42,8.86,3880,62.7
101856,2025-07-20 10:30,R02,23.86,28.5,9.04,3780,59.9
101857,2025-07-20 10:30,R03,23.56,28.05,8.04,3660,57.7
101858,2025-07-20 10:30,R04,23.62,28.6,9.24,3720,62.6
101859,2025-07-20 10:30,R05,24.39,29.97,9.4,3900,63.0
101860,2025-07-20 10:30,R06,21.03,26.29,9.36,3550,61.2
101861,2025-07-20 11:00,R01,22.66,27.23,9.6,3650,64.6
101862,2025-07-20 11:00,R02,22.84,28.69,9.51,4210,74.0
101863,2025-07-20 11:00,R03,22.99,27.6,8.99,4050,63.1
101864,2025-07-20 11:00,R04,22.41,27.05,8.5,3820,59.9
101865,2025-07-20 11:00,R05,24.67,29.85,8.71,3400,53.6
101866,2025-07-20 11:00,R06,21.23,25.77,8.87,3690,56.5
101867,2025-07-20 11:30,R01,22.15,26.62,8.69,3600,59.8
101868,2025-07-20 11:30,R02,21.54,27.02,9.98,4100,76.5
101869,2025-07-20 11:30,R03,22.79,26.36,8.1,3600,56.1
101870,2025-07-20 11:30,R04,22.77,28.17,9.54,3970,69.3
101871,2025-07-20 11:30,R05,22.37,27.33,9.02,3830,67.1
101872,2025-07-20 11:30,R06,22.46,26.53,7.76,3500,54.6
101873,2025-07-20 12:00,R01,22.43,27.65,9.41,4140,69.2
101874,2025-07-20 12:00,R02,21.96,25.99,7.92,3510,49.1
101875,2025-07-20 12:00,R03,21.49,26.49,9.96,3920,71.6
101876,2025-07-20 12:00,R04,21.63,26.19,9.15,3980,67.8
101877,2025-07-20 12:00,R05,22.88,27.55,8.87,3790,68.2
101878,2025-07-20 12:00,R06,24.98,29.31,9.21,3900,63.6
101879,2025-07-20 12:30,R01,21.8,26.43,9.15,3780,63.0
101880,2025-07-20 12:30,R02,23.06,27.96,10.36,4090,71.0
101881,2025-07-20 12:30,R03,24.07,28.46,8.26,3780,60.2
101882,2025-07-20 12:30,R04,22.61,27.48,9.33,4130,73.7
101883,2025-07-20 12:30,R05,22.83,27.56,8.63,3730,63.2
101884,2025-07-20 12:30,R06,22.9,26.85,8.49,3850,63.5
101885,2025-07-20 13:00,R01,21.89,27.19,9.36,3860,69.7
101886,2025-07-20 13:00,R02,22.38,26.4,9.16,3910,74.5
101887,2025-07-20 13:00,R03,23.15,27.87,9.45,3800,70.3
101888,2025-07-20 13:00,R04,23.54,29.41,10.63,4270,82.2
101889,2025-07-20 13:00,R05,23.61,28.7,9.26,3970,72.0
101890,2025-07-20 13:00,R06,23.69,27.8,9.23,4060,76.2
101891,2025-07-20 13:30,R01,22.71,28.08,10.54,4010,78.1
101892,2025-07-20 13:30,R02,23.51,28.3,9.2,4040,71.3
101893,2025-07-20 13:30,R03,22.84,26.41,7.66,3390,55.1
101894,2025-07-20 13:30,R04,22.78,26.85,8.33,3650,60.0
101895,2025-07-20 13:30,R05,23.36,28.32,9.77,3700,65.0
101896,2025-07-20 13:30,R06,23.91,29.45,10.06,4110,73.9
101897,2025-07-20 14:00,R01,21.67,27.37,10.55,4160,83.8
101898,2025-07-20 14:00,R02,23.07,27.57,9.08,3840,68.0
101899,2025-07-20 14:00,R03,23.42,29.11,9.51,3840,73.4
101900,2025-07-20 14:00,R04,23.01,28.09,10.02,4360,77.3
101901,2025-07-20 14:00,R05,24.32,30.77,11.38,4280,85.8
101902,2025-07-20 14:00,R06,23.4,28.87,9.98,4120,78.4
101903,2025-07-20 14:30,R01,22.35,27.17,9.43,3980,69.0
101904,2025-07-20 14:30,R02,23.48,29.46,10.89,4300,90.1
101905,2025-07-20 14:30,R03,24.05,29.73,10.34,4290,77.2
101906,2025-07-20 14:30,R04,23.64,28.43,9.61,3890,69.9
101907,2025-07-20 14:30,R05,23.14,28.63,8.36,4080,65.1
101908,2025-07-20 14:30,R06,23.39,28.71,9.05,3930,62.8
101909,2025-07-20 15:00,R01,22.47,26.8,8.89,3740,69.2
101910,2025-07-20 15:00,R02,23.74,27.54,9.11,3950,72.0
101911,2025-07-20 15:00,R03,22.88,27.02,8.89,3650,64.1
101912,2025-07-20 15:00,R04,23.21,28.75,10.87,4100,83.8
101913,2025-07-20 15:00,R05,23.07,28.28,10.33,4030,78.8
101914,2025-07-20 15:00,R06,21.54,26.47,8.62,3700,62.5
101915,2025-07-20 15:30,R01,22.7,28.11,10.47,4220,81.2
101916,2025-07-20 15:30,R02,22.91,28.49,9.88,4170,79.9
101917,2025-07-20 15:30,R03,24.23,29.24,9.23,4020,70.5
101918,2025-07-20 15:30,R04,22.72,28.93,11.43,4280,85.1
101919,2025-07-20 15:30,R05,22.38,28.58,10.39,4240,84.2
101920,2025-07-20 15:30,R06,23.55,27.17,8.5,3900,64.0
101921,2025-07-20 16:00,R01,23.09,28.04,9.32,4140,73.5
101922,2025-07-20 16:00,R02,23.74,27.98,9.45,4110,74.3
101923,2025-07-20 16:00,R03,23.0,29.0,10.95,4420,83.1
101924,2025-07-20 16:00,R04,22.65,27.44,9.28,4020,68.9
101925,2025-07-20 16:00,R05,23.56,28.2,9.94,4220,81.8
101926,2025-07-20 16:00,R06,23.36,28.5,9.44,3840,67.9
101927,2025-07-20 16:30,R01,22.56,27.92,10.53,4320,84.8
101928,2025-07-20 16:30,R02,22.66,27.81,8.74,3940,63.2
101929,2025-07-20 16:30,R03,23.89,29.49,9.49,4200,75.3
101930,2025-07-20 16:30,R04,24.0,29.5,10.15,4170,81.5
101931,2025-07-20 16:30,R05,23.78,29.72,10.44,4060,79.2
101932,2025-07-20 16:30,R06,23.83,29.16,10.31,3990,72.5
101933,2025-07-20 17:00,R01,23.91,29.21,10.61,4240,88.0
101934,2025-07-20 17:00,R02,23.54,28.28,9.98,4040,74.8
101935,2025-07-20 17:00,R03,23.04,28.09,10.13,4050,77.5
101936,2025-07-20 17:00,R04,22.63,27.53,9.82,3760,70.8
101937,2025-07-20 17:00,R05,23.53,28.79,9.46,4130,75.4
101938,2025-07-20 17:00,R06,22.78,27.88,9.63,3660,70.5
101939,2025-07-20 17:30,R01,21.83,27.49,9.1,3790,61.3
101940,2025-07-20 17:30,R02,22.73,27.36,9.87,3910,78.1
101941,2025-07-20 17:30,R03,24.44,29.0,8.76,3850,62.6
101942,2025-07-20 17:30,R04,22.82,27.63,8.87,3700,62.9
101943,2025-07-20 17:30,R05,23.05,28.2,9.52,3950,70.1
101944,2025-07-20 17:30,R06,23.32,27.77,8.75,3750,60.2
101945,2025-07-20 18:00,R01,22.21,26.62,9.07,4020,66.6
101946,2025-07-20 18:00,R02,22.23,27.65,10.13,4000,81.7
101947,2025-07-20 18:00,R03,23.36,28.47,9.94,4010,77.4
101948,2025-07-20 18:00,R04,22.01,26.58,9.48,3960,66.4
101949,2025-07-20 18:00,R05,22.55,27.45,9.73,3740,68.5
101950,2025-07-20 18:00,R06,23.63,28.7,9.67,3990,69.6
101951,2025-07-20 18:30,R01,22.78,27.79,9.17,3670,60.7
101952,2025-07-20 18:30,R02,22.85,27.52,8.73,3520,55.9
101953,2025-07-20 18:30,R03,23.67,28.04,10.08,4010,77.0
101954,2025-07-20 18:30,R04,23.13,28.19,10.05,3760,72.0
101955,2025-07-20 18:30,R05,24.25,28.76,8.22,3680,58.3
101956,2025-07-20 18:30,R06,22.58,26.21,7.98,3280,48.6
101957,2025-07-20 19:00,R01,22.72,27.66,8.78,3800,66.5
101958,2025-07-20 19:00,R02,22.79,27.04,8.79,3720,65.1
101959,2025-07-20 19:00,R03,23.79,28.41,8.55,3530,56.2
101960,2025-07-20 19:00,R04,23.28,27.16,8.67,3700,62.2
101961,2025-07-20 19:00,R05,23.93,28.51,8.41,3770,57.4
101962,2025-07-20 19:00,R06,23.07,26.82,7.78,3660,50.9
101963,2025-07-20 19:30,R01,22.41,26.8,7.74,3500,52.5
101964,2025-07-20 19:30,R02,22.84,28.64,10.67,4180,77.5
101965,2025-07-20 19:30,R03,24.98,29.52,8.75,3800,65.5
101966,2025-07-20 19:30,R04,23.43,28.18,8.91,3740,61.0
101967,2025-07-20 19:30,R05,24.03,29.33,9.52,3800,67.9
101968,2025-07-20 19:30,R06,23.4,28.68,9.68,3930,66.7
101969,2025-07-20 20:00,R01,21.78,26.67,9.5,3840,65.4
101970,2025-07-20 20:00,R02,24.09,28.47,9.25,3830,61.8
101971,2025-07-20 20:00,R03,24.36,28.27,7.93,3490,52.7
101972,2025-07-20 20:00,R04,23.27,27.68,8.13,3830,56.9
101973,2025-07-20 20:00,R05,22.84,26.99,8.39,3510,53.4
101974,2025-07-20 20:00,R06,24.22,29.72,9.26,4010,65.1
101975,2025-07-20 20:30,R01,21.89,26.15,8.99,3620,56.0
101976,2025-07-20 20:30,R02,22.01,26.49,9.02,3520,58.1
101977,2025-07-20 20:30,R03,22.68,27.47,8.19,3330,46.7
101978,2025-07-20 20:30,R04,21.37,25.67,8.26,3560,53.6
101979,2025-07-20 20:30,R05,22.44,26.22,7.48,3670,51.6
101980,2025-07-20 20:30,R06,23.19,28.05,8.38,3650,57.7
101981,2025-07-20 21:00,R01,21.45,26.35,8.85,3820,60.6
101982,2025-07-20 21:00,R02,21.64,25.68,7.15,3530,45.6
101983,2025-07-20 21:00,R03,24.42,28.24,8.59,3950,63.9
101984,2025-07-20 21:00,R04,22.57,26.95,8.17,3350,48.4
101985,2025-07-20 21:00,R05,23.96,28.67,8.13,3840,57.7
101986,2025-07-20 21:00,R06,23.39,27.96,8.44,3530,58.6
101987,2025-07-20 21:30,R01,22.74,26.78,8.7,3770,58.6
101988,2025-07-20 21:30,R02,23.16,27.12,7.14,3380,43.7
101989,2025-07-20 21:30,R03,24.11,28.46,7.68,3390,45.5
101990,2025-07-20 21:30,R04,22.43,26.45,7.0,3460,43.2
101991,2025-07-20 21:30,R05,22.47,26.06,8.19,3530,48.1
101992,2025-07-20 21:30,R06,22.41,26.64,8.53,3590,55.5
101993,2025-07-20 22:00,R01,21.25,25.6,7.81,3480,51.7
101994,2025-07-20 22:00,R02,22.25,26.52,8.34,3600,49.6
101995,2025-07-20 22:00,R03,23.54,28.01,8.81,3530,55.7
101996,2025-07-20 22:00,R04,23.4,27.73,7.22,3240,45.6
101997,2025-07-20 22:00,R05,23.37,27.89,7.76,3510,52.3
101998,2025-07-20 22:00,R06,21.33,25.59,8.19,3440,46.9
101999,2025-07-20 22:30,R01,22.86,26.56,6.97,3000,32.0
102000,2025-07-20 22:30,R02,22.76,27.63,7.93,3520,50.4
102001,2025-07-20 22:30,R03,22.08,26.58,7.77,3500,50.4
102002,2025-07-20 22:30,R04,24.1,27.35,6.7,3220,40.8
102003,2025-07-20 22:30,R05,22.73,27.0,8.02,3480,58.7
102004,2025-07-20 22:30,R06,24.57,29.26,8.59,3660,58.6
102005,2025-07-20 23:00,R01,22.05,25.91,8.08,3410,46.3
102006,2025-07-20 23:00,R02,23.19,27.29,8.09,3280,51.3
102007,2025-07-20 23:00,R03,21.56,26.33,8.25,3320,48.4
102008,2025-07-20 23:00,R04,22.74,26.84,8.24,3480,52.9
102009,2025-07-20 23:00,R05,24.03,27.89,7.51,3380,50.2
102010,2025-07-20 23:00,R06,23.54,27.48,7.5,3220,44.9
102011,2025-07-20 23:30,R01,20.99,25.13,7.74,3490,50.9
102012,2025-07-20 23:30,R02,22.46,26.36,6.69,3250,33.8
102013,2025-07-20 23:30,R03,23.08,26.49,7.03,3490,46.9
102014,2025-07-20 23:30,R04,22.61,26.68,6.63,3240,35.0
102015,2025-07-20 23:30,R05,22.39,26.44,7.66,3530,51.8
102016,2025-07-20 23:30,R06,21.49,24.89,6.55,3330,34.3
102017,2025-07-21 00:00,R01,21.74,26.13,6.91,3220,33.4
102018,2025-07-21 00:00,R02,22.94,26.85,8.05,3480,51.4
102019,2025-07-21 00:00,R03,22.26,26.55,7.15,3460,46.0
102020,2025-07-21 00:00,R04,21.93,25.43,6.2,2990,28.9
102021,2025-07-21 00:00,R05,22.48,26.93,7.67,3200,37.1
102022,2025-07-21 00:00,R06,22.15,26.77,8.36,3720,52.1
102023,2025-07-21 00:30,R01,20.77,25.55,7.93,3560,43.8
102024,2025-07-21 00:30,R02,22.47,26.1,6.82,3060,36.5
102025,2025-07-21 00:30,R03,24.2,28.2,7.44,3410,43.8
102026,2025-07-21 00:30,R04,21.84,25.39,7.72,3360,44.4
102027,2025-07-21 00:30,R05,24.1,27.72,6.85,3190,38.5
102028,2025-07-21 00:30,R06,22.92,27.39,8.11,3330,44.2
102029,2025-07-21 01:00,R01,22.37,25.84,7.52,3350,38.9
102030,2025-07-21 01:00,R02,20.87,24.51,7.07,3350,39.3
102031,2025-07-21 01:00,R03,23.33,26.56,6.0,3020,24.5
102032,2025-07-21 01:00,R04,23.57,26.07,6.21,2840,21.9
102033,2025-07-21 01:00,R05,23.55,27.55,7.86,3310,44.5
102034,2025-07-21 01:00,R06,22.32,26.46,7.55,3420,48.1
102035,2025-07-21 01:30,R01,23.17,26.83,7.6,3130,35.7
102036,2025-07-21 01:30,R02,22.35,25.65,6.18,3160,34.6
102037,2025-07-21 01:30,R03,22.59,26.36,6.83,3170,36.4
102038,2025-07-21 01:30,R04,23.51,26.93,7.15,3010,36.5
102039,2025-07-21 01:30,R05,21.12,25.47,6.77,3180,37.6
102040,2025-07-21 01:30,R06,22.82,26.28,7.49,3100,40.9
102041,2025-07-21 02:00,R01,22.4,25.09,6.33,2970,28.6
102042,2025-07-21 02:00,R02,24.1,28.03,8.24,3570,53.0
102043,2025-07-21 02:00,R03,23.43,26.57,5.52,2720,22.5
102044,2025-07-21 02:00,R04,23.05,26.32,6.79,3150,29.9
102045,2025-07-21 02:00,R05,23.74,28.06,7.14,3390,37.4
102046,2025-07-21 02:00,R06,22.96,27.15,7.6,3330,42.9
102047,2025-07-21 02:30,R01,21.09,24.34,6.75,3120,31.6
102048,2025-07-21 02:30,R02,21.25,24.89,6.99,3160,31.5
102049,2025-07-21 02:30,R03,21.35,25.12,7.13,3430,41.6
102050,2025-07-21 02:30,R04,21.93,24.8,7.12,3320,36.1
102051,2025-07-21 02:30,R05,23.33,26.93,7.73,3730,52.0
102052,2025-07-21 02:30,R06,22.53,26.56,7.14,3320,42.2
102053,2025-07-21 03:00,R01,22.26,25.07,6.02,3090,21.5
102054,2025-07-21 03:00,R02,22.21,26.6,7.0,3260,38.0
102055,2025-07-21 03:00,R03,23.16,27.03,7.33,3430,48.5
102056,2025-07-21 03:00,R04,22.48,26.05,7.38,3330,34.0
102057,2025-07-21 03:00,R05,22.37,27.36,7.53,3400,44.4
102058,2025-07-21 03:00,R06,22.7,26.3,7.19,3130,37.8
102059,2025-07-21 03:30,R01,21.6,24.75,6.41,3450,37.0
102060,2025-07-21 03:30,R02,22.79,25.59,6.07,3040,31.1
102061,2025-07-21 03:30,R03,23.99,27.48,6.94,3280,32.9
102062,2025-07-21 03:30,R04,22.2,25.9,7.65,3390,48.3
102063,2025-07-21 03:30,R05,22.71,26.46,6.87,3260,40.1
102064,2025-07-21 03:30,R06,22.88,25.64,6.8,3150,34.9
102065,2025-07-21 04:00,R01,21.76,25.74,7.68,3350,43.7
102066,2025-07-21 04:00,R02,21.64,25.39,7.31,3430,34.8
102067,2025-07-21 04:00,R03,22.5,26.55,7.56,3280,38.8
102068,2025-07-21 04:00,R04,23.42,27.26,7.23,3230,36.6
102069,2025-07-21 04:00,R05,23.36,26.43,6.33,3240,32.4
102070,2025-07-21 04:00,R06,22.52,25.93,6.47,3070,34.1
102071,2025-07-21 04:30,R01,21.69,25.2,7.72,3550,48.9
102072,2025-07-21 04:30,R02,23.14,27.44,7.74,3390,47.3
102073,2025-07-21 04:30,R03,23.02,26.4,7.28,3390,44.0
102074,2025-07-21 04:30,R04,23.32,26.35,7.27,3070,41.1
102075,2025-07-21 04:30,R05,23.56,26.92,6.97,3020,35.2
102076,2025-07-21 04:30,R06,23.45,27.04,5.89,3140,24.3
102077,2025-07-21 05:00,R01,23.75,27.72,7.07,2990,32.6
102078,2025-07-21 05:00,R02,22.95,26.63,7.83,3160,44.2
102079,2025-07-21 05:00,R03,21.29,24.92,7.11,3020,32.9
102080,2025-07-21 05:00,R04,22.3,26.0,7.32,3230,39.6
102081,2025-07-21 05:00,R05,22.7,25.54,6.63,3220,37.7
102082,2025-07-21 05:00,R06,22.9,26.56,7.28,3300,39.4
102083,2025-07-21 05:30,R01,23.18,28.03,7.95,3370,40.9
102084,2025-07-21 05:30,R02,21.44,25.59,7.48,3100,40.0
102085,2025-07-21 05:30,R03,24.21,27.76,7.17,3480,43.5
102086,2025-07-21 05:30,R04,22.68,26.6,8.08,3430,42.5
102087,2025-07-21 05:30,R05,23.54,27.18,6.71,3060,34.1
102088,2025-07-21 05:30,R06,20.97,24.53,7.84,3650,49.8
102089,2025-07-21 06:00,R01,23.36,27.4,7.7,3470,47.0
102090,2025-07-21 06:00,R02,23.89,28.51,8.65,3430,52.6
102091,2025-07-21 06:00,R03,22.93,26.53,6.87,3280,36.1
102092,2025-07-21 06:00,R04,23.25,27.59,7.78,3280,38.6
102093,2025-07-21 06:00,R05,21.48,24.88,7.47,3270,44.1
102094,2025-07-21 06:00,R06,22.2,27.04,8.54,3580,47.1
102095,2025-07-21 06:30,R01,22.26,27.0,8.83,3720,57.2
102096,2025-07-21 06:30,R02,23.79,27.66,7.84,3250,39.5
102097,2025-07-21 06:30,R03,22.75,27.29,7.94,3500,49.7
102098,2025-07-21 06:30,R04,21.95,26.18,6.78,3170,39.5
102099,2025-07-21 06:30,R05,22.22,26.32,7.32,3220,43.3
102100,2025-07-21 06:30,R06,22.75,26.81,7.54,3150,40.5
102101,2025-07-21 07:00,R01,21.8,26.24,7.98,3520,53.6
102102,2025-07-21 07:00,R02,22.04,25.83,7.06,3340,43.6
102103,2025-07-21 07:00,R03,22.52,26.72,7.43,3250,38.4
102104,2025-07-21 07:00,R04,22.33,25.96,6.69,3050,41.6
102105,2025-07-21 07:00,R05,22.53,26.61,7.84,3620,51.1
102106,2025-07-21 07:00,R06,22.93,28.01,8.16,3730,60.3
102107,2025-07-21 07:30,R01,21.76,25.37,6.86,3160,34.8
102108,2025-07-21 07:30,R02,23.15,26.61,7.22,3430,48.3
102109,2025-07-21 07:30,R03,23.01,26.58,7.92,3380,47.9
102110,2025-07-21 07:30,R04,23.46,27.34,7.77,3540,46.2
102111,2025-07-21 07:30,R05,23.37,27.82,8.2,3430,48.7
102112,2025-07-21 07:30,R06,22.55,26.92,7.74,3390,49.1
102113,2025-07-21 08:00,R01,22.33,27.37,8.16,3430,51.9
102114,2025-07-21 08:00,R02,23.63,27.45,6.95,3340,44.2
102115,2025-07-21 08:00,R03,24.53,28.34,8.83,3890,64.6
102116,2025-07-21 08:00,R04,22.89,27.05,8.02,3380,49.3
102117,2025-07-21 08:00,R05,23.71,28.76,8.53,3400,52.6
102118,2025-07-21 08:00,R06,23.34,27.61,7.74,3620,47.6
102119,2025-07-21 08:30,R01,22.93,26.97,8.72,3720,58.1
102120,2025-07-21 08:30,R02,22.64,27.6,8.52,3750,59.3
102121,2025-07-21 08:30,R03,22.94,27.05,7.39,3440,42.9
102122,2025-07-21 08:30,R04,21.39,26.12,8.91,3480,55.6
102123,2025-07-21 08:30,R05,23.46,28.52,8.36,3800,58.2
102124,2025-07-21 08:30,R06,23.66,27.62,8.07,3670,53.7
102125,2025-07-21 09:00,R01,21.6,26.76,9.07,3620,55.6
102126,2025-07-21 09:00,R02,21.4,24.95,7.92,3510,51.0
102127,2025-07-21 09:00,R03,24.41,28.96,8.78,3800,60.1
102128,2025-07-21 09:00,R04,22.86,27.25,8.59,3790,54.6
102129,2025-07-21 09:00,R05,23.22,28.18,8.91,3490,53.4
102130,2025-07-21 09:00,R06,22.71,27.1,8.58,3790,58.2
102131,2025-07-21 09:30,R01,22.56,26.77,8.34,3650,56.5
102132,2025-07-21 09:30,R02,22.08,26.77,9.13,3580,61.1
102133,2025-07-21 09:30,R03,22.7,27.07,7.9,3810,55.5
102134,2025-07-21 09:30,R04,22.95,26.81,8.06,3400,51.6
102135,2025-07-21 09:30,R05,23.1,27.27,8.45,3900,60.6
102136,2025-07-21 09:30,R06,23.67,28.23,8.05,3520,57.4
102137,2025-07-21 10:00,R01,21.73,25.61,8.14,3700,56.6
102138,2025-07-21 10:00,R02,23.6,28.8,10.17,3770,65.5
102139,2025-07-21 10:00,R03,25.09,29.47,8.32,3580,60.4
102140,2025-07-21 10:00,R04,24.64,29.54,8.82,3670,63.5
102141,2025-07-21 10:00,R05,22.86,27.21,8.65,3540,52.6
102142,2025-07-21 10:00,R06,24.19,29.6,8.75,3780,58.9
102143,2025-07-21 10:30,R01,23.03,27.5,9.52,3970,72.5
102144,2025-07-21 10:30,R02,25.07,29.58,8.76,3930,62.2
102145,2025-07-21 10:30,R03,23.69,28.37,8.73,3760,56.8
102146,2025-07-21 10:30,R04,22.78,26.83,8.22,3480,52.3
102147,2025-07-21 10:30,R05,23.95,27.71,8.07,3540,52.0
102148,2025-07-21 10:30,R06,22.0,26.66,9.0,3730,62.8
102149,2025-07-21 11:00,R01,24.62,29.3,9.06,4080,71.8
102150,2025-07-21 11:00,R02,23.29,28.35,9.12,3760,63.7
102151,2025-07-21 11:00,R03,23.54,28.17,8.48,3720,61.4
102152,2025-07-21 11:00,R04,22.87,28.71,9.52,3770,72.8
102153,2025-07-21 11:00,R05,22.39,27.2,9.45,3960,73.1
102154,2025-07-21 11:00,R06,23.49,28.7,9.59,3650,65.8
102155,2025-07-21 11:30,R01,22.16,26.96,8.97,3620,57.4
102156,2025-07-21 11:30,R02,22.87,28.04,9.48,4020,76.7
102157,2025-07-21 11:30,R03,23.57,28.92,9.27,3650,57.0
102158,2025-07-21 11:30,R04,22.72,28.8,9.96,4090,80.5
102159,2025-07-21 11:30,R05,23.57,28.94,10.43,4170,75.3
102160,2025-07-21 11:30,R06,22.56,28.14,9.84,4220,83.0
102161,2025-07-21 12:00,R01,21.82,26.55,9.42,3960,67.2
102162,2025-07-21 12:00,R02,22.24,27.25,9.33,3930,70.8
102163,2025-07-21 12:00,R03,23.22,28.05,9.83,4080,71.9
102164,2025-07-21 12:00,R04,22.1,27.5,10.02,3890,67.9
102165,2025-07-21 12:00,R05,24.18,29.17,10.24,4050,77.8
102166,2025-07-21 12:00,R06,22.47,27.38,9.6,3740,71.9
102167,2025-07-21 12:30,R01,23.72,29.15,10.16,4130,84.7
102168,2025-07-21 12:30,R02,23.03,27.65,9.62,4020,73.1
102169,2025-07-21 12:30,R03,24.05,29.47,10.07,4230,80.4
102170,2025-07-21 12:30,R04,23.99,28.59,9.22,3960,71.7
102171,2025-07-21 12:30,R05,22.56,27.33,9.9,4150,72.3
102172,2025-07-21 12:30,R06,22.81,27.7,9.27,3840,73.9
102173,2025-07-21 13:00,R01,21.62,25.86,8.46,3740,65.3
102174,2025-07-21 13:00,R02,23.54,27.71,9.01,3880,70.9
102175,2025-07-21 13:00,R03,22.86,28.18,9.99,4100,72.5
102176,2025-07-21 13:00,R04,23.44,29.26,10.38,4230,83.5
102177,2025-07-21 13:00,R05,22.67,28.32,9.86,4030,80.2
102178,2025-07-21 13:00,R06,23.34,28.67,9.17,3740,65.6
102179,2025-07-21 13:30,R01,22.7,28.38,9.62,3930,72.4
102180,2025-07-21 13:30,R02,22.35,27.79,9.35,3880,73.3
102181,2025-07-21 13:30,R03,22.63,27.96,10.97,4330,86.6
102182,2025-07-21 13:30,R04,22.26,27.6,9.92,4300,79.5
102183,2025-07-21 13:30,R05,23.43,29.49,10.91,4000,79.1
102184,2025-07-21 13:30,R06,23.1,27.53,9.45,3930,77.6
102185,2025-07-21 14:00,R01,22.86,29.39,10.8,4290,82.9
102186,2025-07-21 14:00,R02,21.29,25.79,8.67,3820,65.0
102187,2025-07-21 14:00,R03,24.7,29.83,9.98,3990,74.0
102188,2025-07-21 14:00,R04,22.82,27.76,9.14,3950,72.2
102189,2025-07-21 14:00,R05,24.01,29.91,10.6,4220,80.1
102190,2025-07-21 14:00,R06,23.72,28.14,8.69,3800,61.1
102191,2025-07-21 14:30,R01,22.86,28.1,9.66,4000,68.4
102192,2025-07-21 14:30,R02,23.93,28.33,9.11,3730,65.2
102193,2025-07-21 14:30,R03,23.64,28.21,8.25,3800,59.0
102194,2025-07-21 14:30,R04,22.67,27.71,9.19,4030,69.6
102195,2025-07-21 14:30,R05,23.05,28.46,9.87,4110,76.0
102196,2025-07-21 14:30,R06,23.33,27.78,9.49,3850,66.3
102197,2025-07-21 15:00,R01,23.34,28.66,10.6,4310,81.9
102198,2025-07-21 15:00,R02,22.76,27.92,10.92,4440,86.3
102199,2025-07-21 15:00,R03,23.06,28.65,9.44,3950,76.9
102200,2025-07-21 15:00,R04,22.85,27.96,9.01,3990,64.0
102201,2025-07-21 15:00,R05,22.88,27.63,9.52,3830,66.0
102202,2025-07-21 15:00,R06,22.49,27.88,10.37,4180,81.3
102203,2025-07-21 15:30,R01,23.58,29.32,10.3,4070,76.6
102204,2025-07-21 15:30,R02,22.99,28.28,9.55,3740,67.1
102205,2025-07-21 15:30,R03,23.49,28.35,9.23,3790,67.6
102206,2025-07-21 15:30,R04,23.82,28.96,9.35,3880,73.9
102207,2025-07-21 15:30,R05,22.94,28.56,10.04,4200,80.7
102208,2025-07-21 15:30,R06,24.51,30.21,9.46,3740,69.4
102209,2025-07-21 16:00,R01,22.94,27.51,9.1,3890,65.2
102210,2025-07-21 16:00,R02,24.26,29.6,9.34,3860,68.5
102211,2025-07-21 16:00,R03,22.71,27.88,9.94,4210,78.9
102212,2025-07-21 16:00,R04,23.59,28.43,8.92,3640,59.6
102213,2025-07-21 16:00,R05,25.04,30.4,9.63,4140,73.0
102214,2025-07-21 16:00,R06,24.97,29.83,8.89,3620,65.9
102215,2025-07-21 16:30,R01,22.85,27.94,9.57,3910,70.7
102216,2025-07-21 16:30,R02,22.43,27.91,9.98,4090,74.6
102217,2025-07-21 16:30,R03,23.3,28.1,9.33,3920,68.5
102218,2025-07-21 16:30,R04,23.76,28.83,9.4,3870,69.3
102219,2025-07-21 16:30,R05,23.19,27.21,8.99,3930,71.9
102220,2025-07-21 16:30,R06,20.43,25.9,9.23,3750,69.8
102221,2025-07-21 17:00,R01,20.98,25.16,8.39,3990,62.1
102222,2025-07-21 17:00,R02,23.26,29.06,9.84,3960,73.1
102223,2025-07-21 17:00,R03,24.05,29.41,9.44,3980,68.2
102224,2025-07-21 17:00,R04,22.46,28.02,9.79,4120,74.4
102225,2025-07-21 17:00,R05,22.69,27.8,8.98,3750,62.3
102226,2025-07-21 17:00,R06,23.95,29.34,10.02,4170,78.9
102227,2025-07-21 17:30,R01,22.65,28.05,9.77,4080,76.2
102228,2025-07-21 17:30,R02,23.64,29.5,10.18,4200,77.5
102229,2025-07-21 17:30,R03,23.75,28.52,9.13,3780,70.5
102230,2025-07-21 17:30,R04,22.64,26.96,8.37,3690,55.2
102231,2025-07-21 17:30,R05,24.52,29.7,9.89,3960,80.6
102232,2025-07-21 17:30,R06,23.19,28.78,10.34,4400,83.3
102233,2025-07-21 18:00,R01,23.58,29.41,9.33,4130,71.0
102234,2025-07-21 18:00,R02,22.42,26.37,9.13,3900,66.1
102235,2025-07-21 18:00,R03,23.06,28.21,8.93,3790,63.5
102236,2025-07-21 18:00,R04,22.09,27.45,9.35,3660,70.2
102237,2025-07-21 18:00,R05,21.63,25.59,8.96,3850,65.6
102238,2025-07-21 18:00,R06,21.8,26.33,9.0,3890,65.6
102239,2025-07-21 18:30,R01,22.92,27.82,9.33,3780,66.7
102240,2025-07-21 18:30,R02,22.48,27.84,9.49,3710,68.8
102241,2025-07-21 18:30,R03,23.26,27.72,7.82,3910,63.9
102242,2025-07-21 18:30,R04,23.39,28.51,9.46,3980,76.0
102243,2025-07-21 18:30,R05,23.55,28.28,10.65,3930,77.8
102244,2025-07-21 18:30,R06,24.47,29.84,10.64,3990,84.0
102245,2025-07-21 19:00,R01,23.67,28.42,9.72,3930,71.2
102246,2025-07-21 19:00,R02,23.54,28.24,8.84,3580,57.0
102247,2025-07-21 19:00,R03,22.25,26.56,8.98,3850,69.5
102248,2025-07-21 19:00,R04,23.71,28.55,8.92,3770,58.1
102249,2025-07-21 19:00,R05,22.35,27.71,8.82,3660,61.5
102250,2025-07-21 19:00,R06,24.67,29.62,9.35,3870,65.5
102251,2025-07-21 19:30,R01,22.08,27.18,9.34,3890,70.4
102252,2025-07-21 19:30,R02,22.07,25.72,8.21,3660,53.8
102253,2025-07-21 19:30,R03,22.62,27.09,9.05,3740,60.4
102254,2025-07-21 19:30,R04,24.0,28.97,8.57,3550,56.4
102255,2025-07-21 19:30,R05,23.03,28.01,8.75,3910,63.0
102256,2025-07-21 19:30,R06,22.76,26.79,8.35,4020,59.7
102257,2025-07-21 20:00,R01,23.36,26.91,8.81,3670,61.4
102258,2025-07-21 20:00,R02,24.2,28.93,8.77,3610,55.8
102259,2025-07-21 20:00,R03,23.6,27.46,7.86,3710,55.5
102260,2025-07-21 20:00,R04,22.98,26.47,8.18,3640,53.0
102261,2025-07-21 20:00,R05,23.69,27.56,8.1,3630,56.1
102262,2025-07-21 20:00,R06,23.94,27.57,7.07,3410,55.3
102263,2025-07-21 20:30,R01,21.55,25.77,8.49,3630,60.9
102264,2025-07-21 20:30,R02,21.77,26.94,9.41,4040,73.7
102265,2025-07-21 20:30,R03,23.29,28.12,8.21,3650,59.2
102266,2025-07-21 20:30,R04,22.01,26.54,8.4,3640,53.2
102267,2025-07-21 20:30,R05,23.65,29.04,9.05,3710,60.9
102268,2025-07-21 20:30,R06,25.09,30.1,9.19,3750,63.1
102269,2025-07-21 21:00,R01,23.18,27.15,8.26,3670,55.4
102270,2025-07-21 21:00,R02,23.32,28.04,8.04,3380,50.5
102271,2025-07-21 21:00,R03,23.4,27.76,8.91,3870,56.0
102272,2025-07-21 21:00,R04,22.35,26.56,8.31,3680,60.0
102273,2025-07-21 21:00,R05,24.46,28.99,7.9,3380,47.6
102274,2025-07-21 21:00,R06,23.21,28.48,8.6,3740,63.1
102275,2025-07-21 21:30,R01,22.04,26.17,8.94,3610,59.6
102276,2025-07-21 21:30,R02,22.38,26.45,7.67,3340,45.0
102277,2025-07-21 21:30,R03,23.02,27.19,7.39,3490,46.1
102278,2025-07-21 21:30,R04,23.33,27.38,7.68,3360,40.9
102279,2025-07-21 21:30,R05,23.38,28.06,8.36,3550,53.3
102280,2025-07-21 21:30,R06,22.33,25.77,7.32,3380,42.7
102281,2025-07-21 22:00,R01,22.05,26.56,7.54,3340,48.8
102282,2025-07-21 22:00,R02,22.22,25.87,7.42,3480,50.4
102283,2025-07-21 22:00,R03,24.03,27.27,7.7,3530,45.4
102284,2025-07-21 22:00,R04,21.46,24.6,6.5,3250,34.7
102285,2025-07-21 22:00,R05,24.17,28.41,8.27,3560,50.1
102286,2025-07-21 22:00,R06,21.46,25.4,7.03,3350,44.5
102287,2025-07-21 22:30,R01,23.27,27.24,7.85,3350,49.8
102288,2025-07-21 22:30,R02,22.51,26.76,8.44,3680,51.6
102289,2025-07-21 22:30,R03,22.49,26.73,6.79,3160,36.9
102290,2025-07-21 22:30,R04,22.95,26.55,7.48,3120,39.8
102291,2025-07-21 22:30,R05,23.05,26.93,7.59,3420,48.8
102292,2025-07-21 22:30,R06,23.5,27.37,7.23,3330,36.4
102293,2025-07-21 23:00,R01,21.07,25.34,7.55,3320,41.4
102294,2025-07-21 23:00,R02,22.7,25.86,6.71,3360,37.8
102295,2025-07-21 23:00,R03,22.95,26.46,7.06,3200,41.4
102296,2025-07-21 23:00,R04,22.98,26.59,7.19,3210,41.8
102297,2025-07-21 23:00,R05,23.38,27.15,7.49,3500,44.0
102298,2025-07-21 23:00,R06,23.33,27.32,8.16,3410,51.6
102299,2025-07-21 23:30,R01,20.26,23.85,7.09,3260,38.2
102300,2025-07-21 23:30,R02,21.92,26.24,7.65,3450,47.8
102301,2025-07-21 23:30,R03,21.48,26.12,8.52,3640,55.9
102302,2025-07-21 23:30,R04,21.27,25.37,7.78,3410,44.4
102303,2025-07-21 23:30,R05,23.5,26.22,6.19,2890,26.8
102304,2025-07-21 23:30,R06,22.04,25.61,6.06,3180,30.7
102305,2025-07-22 00:00,R01,21.99,25.49,6.83,3280,41.2
102306,2025-07-22 00:00,R02,22.38,26.33,6.49,2790,33.7
102307,2025-07-22 00:00,R03,22.71,28.1,8.43,3630,55.7
102308,2025-07-22 00:00,R04,21.88,26.28,7.35,3190,38.3
102309,2025-07-22 00:00,R05,24.27,27.67,8.03,3800,54.3
102310,2025-07-22 00:00,R06,23.13,26.5,6.72,3420,41.3
102311,2025-07-22 00:30,R01,22.64,26.71,6.35,3200,27.5
102312,2025-07-22 00:30,R02,23.87,28.11,7.91,3430,47.0
102313,2025-07-22 00:30,R03,23.51,27.03,7.36,3130,36.6
102314,2025-07-22 00:30,R04,23.2,26.86,7.3,3370,44.1
102315,2025-07-22 00:30,R05,23.3,26.78,6.34,3060,27.5
102316,2025-07-22 00:30,R06,23.15,26.24,6.54,3000,32.8
102317,2025-07-22 01:00,R01,22.24,25.43,6.42,3090,28.8
102318,2025-07-22 01:00,R02,21.61,25.2,7.58,3410,41.3
102319,2025-07-22 01:00,R03,23.37,26.94,7.17,3300,38.4
102320,2025-07-22 01:00,R04,22.85,26.68,6.71,3230,44.1
102321,2025-07-22 01:00,R05,21.76,25.56,7.64,3300,44.9
102322,2025-07-22 01:00,R06,23.55,27.59,7.86,3570,49.7
102323,2025-07-22 01:30,R01,21.82,25.17,7.29,3280,39.9
102324,2025-07-22 01:30,R02,22.45,26.63,6.87,3310,36.8
102325,2025-07-22 01:30,R03,23.1,26.85,7.2,3060,32.7
102326,2025-07-22 01:30,R04,24.52,27.75,6.69,3310,32.6
102327,2025-07-22 01:30,R05,22.44,26.17,6.88,2950,28.3
102328,2025-07-22 01:30,R06,21.84,25.75,7.42,3070,43.3
102329,2025-07-22 02:00,R01,21.5,24.8,6.81,3260,37.4
102330,2025-07-22 02:00,R02,22.79,26.37,7.35,3220,37.7
102331,2025-07-22 02:00,R03,23.6,26.68,6.6,3130,33.6
102332,2025-07-22 02:00,R04,22.06,25.5,7.69,3290,36.4
102333,2025-07-22 02:00,R05,21.99,26.65,8.42,3480,48.1
102334,2025-07-22 02:00,R06,23.13,25.95,6.42,3090,28.1
102335,2025-07-22 02:30,R01,22.69,25.76,7.24,3310,35.3
102336,2025-07-22 02:30,R02,22.62,26.75,7.28,3300,36.2
102337,2025-07-22 02:30,R03,23.48,27.16,6.83,3220,33.5
102338,2025-07-22 02:30,R04,22.34,26.05,7.5,3230,38.0
102339,2025-07-22 02:30,R05,23.22,26.62,6.71,3120,30.5
102340,2025-07-22 02:30,R06,23.85,28.19,7.18,3210,40.8
102341,2025-07-22 03:00,R01,22.66,25.53,6.05,3170,35.0
102342,2025-07-22 03:00,R02,21.91,25.54,7.73,3520,46.1
102343,2025-07-22 03:00,R03,22.75,25.59,6.33,3230,37.7
102344,2025-07-22 03:00,R04,21.48,24.49,6.61,2990,29.7
102345,2025-07-22 03:00,R05,22.42,26.15,7.05,3270,38.7
102346,2025-07-22 03:00,R06,21.99,25.93,7.51,3580,44.1
102347,2025-07-22 03:30,R01,21.82,25.95,7.67,3540,50.6
102348,2025-07-22 03:30,R02,23.56,26.71,6.53,2770,24.7
102349,2025-07-22 03:30,R03,23.69,27.9,7.5,3500,46.8
102350,2025-07-22 03:30,R04,22.07,25.95,7.07,3220,38.5
102351,2025-07-22 03:30,R05,22.74,26.4,7.07,3160,39.0
102352,2025-07-22 03:30,R06,22.63,26.37,7.9,3500,50.1
102353,2025-07-22 04:00,R01,23.61,27.3,7.1,3100,41.0
102354,2025-07-22 04:00,R02,21.83,25.22,8.04,3690,50.9
102355,2025-07-22 04:00,R03,24.24,28.91,7.36,3570,43.6
102356,2025-07-22 04:00,R04,22.77,26.77,7.36,3140,43.8
102357,2025-07-22 04:00,R05,22.77,26.9,6.97,3090,30.1
102358,2025-07-22 04:00,R06,22.07,25.63,7.57,3240,43.2
102359,2025-07-22 04:30,R01,21.14,24.81,7.56,3190,37.9
102360,2025-07-22 04:30,R02,22.58,26.7,7.12,3230,41.3
102361,2025-07-22 04:30,R03,22.43,26.21,6.7,2950,28.0
102362,2025-07-22 04:30,R04,23.4,26.37,7.07,3360,40.6
102363,2025-07-22 04:30,R05,24.63,28.41,7.5,3240,43.7
102364,2025-07-22 04:30,R06,22.68,26.68,7.44,3230,42.9
102365,2025-07-22 05:00,R01,21.34,25.62,6.72,3280,37.3
102366,2025-07-22 05:00,R02,22.46,26.08,8.28,3610,55.9
102367,2025-07-22 05:00,R03,23.93,27.93,8.11,3390,48.0
102368,2025-07-22 05:00,R04,22.0,25.79,6.9,3330,33.9
102369,2025-07-22 05:00,R05,22.5,25.28,5.39,2910,23.5
102370,2025-07-22 05:00,R06,24.02,27.35,6.8,3220,35.9
102371,2025-07-22 05:30,R01,22.73,26.89,8.01,3430,49.0
102372,2025-07-22 05:30,R02,22.72,26.26,6.91,3270,43.0
102373,2025-07-22 05:30,R03,22.41,26.16,7.19,3170,37.7
102374,2025-07-22 05:30,R04,22.5,25.83,7.55,3540,42.3
102375,2025-07-22 05:30,R05,22.46,25.7,6.65,2850,27.2
102376,2025-07-22 05:30,R06,22.46,26.02,7.9,3550,45.6
102377,2025-07-22 06:00,R01,23.42,27.21,7.67,3600,50.1
102378,2025-07-22 06:00,R02,23.13,27.02,7.81,3540,53.0
102379,2025-07-22 06:00,R03,23.54,27.84,7.71,3390,43.6
102380,2025-07-22 06:00,R04,23.63,27.27,7.33,3400,47.8
102381,2025-07-22 06:00,R05,22.78,26.72,7.17,3220,39.7
102382,2025-07-22 06:00,R06,22.61,26.77,7.32,3380,42.0
102383,2025-07-22 06:30,R01,22.22,26.74,7.79,3570,44.3
102384,2025-07-22 06:30,R02,22.64,25.89,6.62,3250,35.6
102385,2025-07-22 06:30,R03,23.1,27.31,7.83,3370,49.2
102386,2025-07-22 06:30,R04,22.42,25.8,6.61,3050,33.2
102387,2025-07-22 06:30,R05,24.14,27.79,7.83,3440,44.2
102388,2025-07-22 06:30,R06,22.34,26.48,7.81,3390,48.7
102389,2025-07-22 07:00,R01,22.03,25.81,7.75,3620,52.0
102390,2025-07-22 07:00,R02,23.11,26.26,6.15,3380,35.9
102391,2025-07-22 07:00,R03,21.62,25.82,7.26,3440,48.9
102392,2025-07-22 07:00,R04,22.83,26.88,7.99,3500,48.9
102393,2025-07-22 07:00,R05,22.16,25.45,6.89,3080,41.2
102394,2025-07-22 07:00,R06,24.04,27.1,6.55,3330,37.1
102395,2025-07-22 07:30,R01,22.03,25.57,6.98,3420,41.2
102396,2025-07-22 07:30,R02,22.59,26.57,8.14,3670,51.9
102397,2025-07-22 07:30,R03,22.78,25.97,6.36,3260,29.2
102398,2025-07-22 07:30,R04,23.43,27.72,7.26,3190,40.1
102399,2025-07-22 07:30,R05,22.66,26.8,8.24,3430,47.3
102400,2025-07-22 07:30,R06,22.37,27.1,8.52,3630,53.4
102401,2025-07-22 08:00,R01,21.96,26.67,8.43,3510,55.1
102402,2025-07-22 08:00,R02,21.35,26.21,8.69,3540,58.0
102403,2025-07-22 08:00,R03,23.99,28.01,8.14,3340,52.2
102404,2025-07-22 08:00,R04,21.73,25.96,8.37,3590,57.3
102405,2025-07-22 08:00,R05,21.59,26.32,9.06,3580,56.7
102406,2025-07-22 08:00,R06,22.79,27.21,9.13,3730,60.4
102407,2025-07-22 08:30,R01,21.47,25.33,8.36,3590,54.2
102408,2025-07-22 08:30,R02,22.55,27.17,8.48,3230,46.5
102409,2025-07-22 08:30,R03,22.23,26.08,7.5,3640,55.5
102410,2025-07-22 08:30,R04,21.48,26.07,8.27,3370,51.7
102411,2025-07-22 08:30,R05,23.15,28.39,8.17,3420,54.8
102412,2025-07-22 08:30,R06,21.84,26.22,8.16,3670,48.1
102413,2025-07-22 09:00,R01,21.97,26.54,8.85,3720,54.2
102414,2025-07-22 09:00,R02,22.49,26.63,7.78,3430,49.7
102415,2025-07-22 09:00,R03,23.21,27.39,8.19,3330,46.8
102416,2025-07-22 09:00,R04,22.34,27.87,8.96,3380,56.6
102417,2025-07-22 09:00,R05,22.46,27.47,8.88,3820,66.0
102418,2025-07-22 09:00,R06,21.81,26.13,8.67,3740,60.5
102419,2025-07-22 09:30,R01,22.34,26.02,8.07,3480,57.0
102420,2025-07-22 09:30,R02,23.61,28.23,8.93,3630,61.1
102421,2025-07-22 09:30,R03,24.36,29.67,9.59,3990,65.5
102422,2025-07-22 09:30,R04,22.73,27.53,8.97,3770,59.4
102423,2025-07-22 09:30,R05,24.21,28.83,9.34,3960,69.8
102424,2025-07-22 09:30,R06,22.98,28.07,9.11,3680,60.9
102425,2025-07-22 10:00,R01,23.23,27.72,8.36,3610,58.9
102426,2025-07-22 10:00,R02,21.95,26.02,8.2,3500,53.5
102427,2025-07-22 10:00,R03,22.65,27.19,9.27,3790,68.5
102428,2025-07-22 10:00,R04,22.36,26.61,8.52,3440,57.6
102429,2025-07-22 10:00,R05,23.87,27.71,8.99,3720,61.3
102430,2025-07-22 10:00,R06,24.25,28.96,8.77,3620,56.7
102431,2025-07-22 10:30,R01,22.79,27.57,9.12,3910,62.9
102432,2025-07-22 10:30,R02,22.02,25.57,7.14,3390,50.3
102433,2025-07-22 10:30,R03,22.91,27.73,9.18,3830,64.0
102434,2025-07-22 10:30,R04,23.8,28.6,8.63,3770,61.4
102435,2025-07-22 10:30,R05,22.62,27.54,8.94,3780,66.0
102436,2025-07-22 10:30,R06,21.56,25.97,8.49,3670,56.3
102437,2025-07-22 11:00,R01,21.28,25.85,8.22,3380,50.4
102438,2025-07-22 11:00,R02,23.13,27.55,8.49,3650,55.9
102439,2025-07-22 11:00,R03,23.81,29.1,9.73,3940,68.4
102440,2025-07-22 11:00,R04,22.88,28.51,9.27,3970,67.1
102441,2025-07-22 11:00,R05,23.35,27.69,9.04,3630,63.3
102442,2025-07-22 11:00,R06,24.29,29.34,9.1,3650,58.2
102443,2025-07-22 11:30,R01,22.25,26.64,8.76,3720,62.0
102444,2025-07-22 11:30,R02,22.24,26.7,9.55,3810,67.4
102445,2025-07-22 11:30,R03,23.39,28.57,9.02,3660,62.2
102446,2025-07-22 11:30,R04,22.05,26.64,9.24,3810,70.4
102447,2025-07-22 11:30,R05,22.64,27.27,9.07,4040,66.9
102448,2025-07-22 11:30,R06,23.5,28.48,9.9,4030,79.1
102449,2025-07-22 12:00,R01,21.3,25.64,8.78,3640,62.6
102450,2025-07-22 12:00,R02,22.58,27.43,9.37,3760,70.1
102451,2025-07-22 12:00,R03,23.38,28.41,9.75,3820,75.4
102452,2025-07-22 12:00,R04,23.93,29.5,9.74,4200,80.6
102453,2025-07-22 12:00,R05,21.89,26.24,9.36,3630,62.8
102454,2025-07-22 12:00,R06,23.47,28.76,10.13,4060,81.0
102455,2025-07-22 12:30,R01,23.66,28.49,8.98,3900,66.4
102456,2025-07-22 12:30,R02,23.62,28.23,9.17,3560,59.3
102457,2025-07-22 12:30,R03,22.5,27.3,8.94,3940,68.8
102458,2025-07-22 12:30,R04,24.78,29.78,9.6,3980,71.1
102459,2025-07-22 12:30,R05,23.95,29.75,9.26,3950,71.6
102460,2025-07-22 12:30,R06,24.67,30.54,10.37,4050,79.2
102461,2025-07-22 13:00,R01,22.39,27.38,8.83,3870,64.7
102462,2025-07-22 13:00,R02,24.04,28.94,10.78,4170,81.0
102463,2025-07-22 13:00,R03,23.44,28.19,8.6,3750,64.8
102464,2025-07-22 13:00,R04,23.28,27.98,10.02,3990,71.5
102465,2025-07-22 13:00,R05,23.67,27.67,8.74,3850,60.7
102466,2025-07-22 13:00,R06,24.44,28.96,9.63,3910,71.4
102467,2025-07-22 13:30,R01,23.43,28.68,10.43,4200,83.9
102468,2025-07-22 13:30,R02,23.23,28.91,9.86,3830,69.3
102469,2025-07-22 13:30,R03,23.38,28.27,9.87,4040,77.3
102470,2025-07-22 13:30,R04,24.22,29.13,10.35,4300,86.2
102471,2025-07-22 13:30,R05,24.16,29.11,9.6,3980,70.0
102472,2025-07-22 13:30,R06,23.84,28.99,10.06,3970,71.6
102473,2025-07-22 14:00,R01,22.95,27.75,9.35,3970,73.6
102474,2025-07-22 14:00,R02,22.97,27.86,9.49,3990,75.9
102475,2025-07-22 14:00,R03,24.81,29.98,9.0,3810,65.7
102476,2025-07-22 14:00,R04,23.82,28.95,8.83,3900,64.3
102477,2025-07-22 14:00,R05,22.25,27.35,8.79,3750,64.9
102478,2025-07-22 14:00,R06,23.13,28.14,9.9,4080,79.2
102479,2025-07-22 14:30,R01,23.63,28.71,9.84,4230,81.2
102480,2025-07-22 14:30,R02,22.74,27.54,10.02,4020,70.8
102481,2025-07-22 14:30,R03,25.1,30.41,10.24,4280,81.1
102482,2025-07-22 14:30,R04,23.43,28.69,9.85,4050,78.0
102483,2025-07-22 14:30,R05,22.76,26.78,8.82,3940,65.6
102484,2025-07-22 14:30,R06,23.18,27.08,8.86,3650,60.9
102485,2025-07-22 15:00,R01,22.24,26.79,9.43,4080,72.9
102486,2025-07-22 15:00,R02,23.79,28.96,9.54,3560,63.2
102487,2025-07-22 15:00,R03,22.47,28.24,10.92,4190,83.7
102488,2025-07-22 15:00,R04,22.63,26.98,9.32,3950,73.1
102489,2025-07-22 15:00,R05,22.46,26.79,8.54,4000,63.8
102490,2025-07-22 15:00,R06,23.75,28.34,9.01,3730,66.5
102491,2025-07-22 15:30,R01,23.19,27.87,9.69,3870,71.2
102492,2025-07-22 15:30,R02,23.21,28.29,10.07,4080,76.5
102493,2025-07-22 15:30,R03,24.35,29.97,10.25,4030,71.6
102494,2025-07-22 15:30,R04,23.94,29.19,9.77,4010,75.8
102495,2025-07-22 15:30,R05,22.77,28.28,10.57,4300,85.3
102496,2025-07-22 15:30,R06,24.05,29.07,9.24,4110,75.4
102497,2025-07-22 16:00,R01,21.87,26.82,8.48,3730,65.8
102498,2025-07-22 16:00,R02,22.42,26.85,8.46,3690,61.9
102499,2025-07-22 16:00,R03,23.6,28.58,10.59,4000,83.0
102500,2025-07-22 16:00,R04,24.41,29.28,8.96,3760,63.9
102501,2025-07-22 16:00,R05,24.22,30.42,10.76,4260,85.7
102502,2025-07-22 16:00,R06,24.2,28.98,9.73,4140,76.6
102503,2025-07-22 16:30,R01,23.51,28.71,10.02,4270,81.2
102504,2025-07-22 16:30,R02,22.4,26.55,8.75,3810,63.7
102505,2025-07-22 16:30,R03,23.05,28.25,10.29,4210,79.0
102506,2025-07-22 16:30,R04,22.81,28.03,9.83,4020,72.1
102507,2025-07-22 16:30,R05,22.19,27.06,8.99,3870,70.1
102508,2025-07-22 16:30,R06,22.39,25.98,8.41,3550,58.9
102509,2025-07-22 17:00,R01,21.51,25.74,8.54,3670,59.8
102510,2025-07-22 17:00,R02,22.04,27.18,10.67,4030,83.1
102511,2025-07-22 17:00,R03,22.79,27.64,9.48,3670,72.8
102512,2025-07-22 17:00,R04,22.07,26.41,8.57,3560,62.0
102513,2025-07-22 17:00,R05,22.68,28.22,9.97,4120,78.0
102514,2025-07-22 17:00,R06,23.07,27.88,9.98,4130,81.2
102515,2025-07-22 17:30,R01,23.46,28.66,9.3,3970,69.6
102516,2025-07-22 17:30,R02,22.97,27.85,10.13,4300,80.5
102517,2025-07-22 17:30,R03,23.43,28.19,8.87,3790,64.7
102518,2025-07-22 17:30,R04,21.91,26.24,8.45,3630,61.5
102519,2025-07-22 17:30,R05,21.93,26.19,8.91,3750,60.7
102520,2025-07-22 17:30,R06,23.34,27.92,9.24,4050,70.8
102521,2025-07-22 18:00,R01,24.1,28.93,9.38,3970,68.4
102522,2025-07-22 18:00,R02,22.7,27.45,8.19,3680,53.0
102523,2025-07-22 18:00,R03,24.04,29.48,8.71,3770,62.9
102524,2025-07-22 18:00,R04,21.97,26.58,9.95,3670,64.8
102525,2025-07-22 18:00,R05,23.05,27.83,9.65,3930,76.2
102526,2025-07-22 18:00,R06,22.56,27.64,9.71,3950,70.6
102527,2025-07-22 18:30,R01,23.62,28.25,8.91,3790,62.1
102528,2025-07-22 18:30,R02,22.4,27.26,9.8,3800,67.5
102529,2025-07-22 18:30,R03,21.61,25.98,8.34,3710,61.7
102530,2025-07-22 18:30,R04,22.87,27.69,8.85,3530,53.4
102531,2025-07-22 18:30,R05,24.31,29.09,9.14,3860,61.7
102532,2025-07-22 18:30,R06,23.73,28.95,9.34,3900,65.6
102533,2025-07-22 19:00,R01,22.62,27.18,9.3,3760,67.3
102534,2025-07-22 19:00,R02,22.35,26.9,9.58,3710,61.6
102535,2025-07-22 19:00,R03,22.85,28.16,9.87,3950,70.8
102536,2025-07-22 19:00,R04,23.08,27.5,9.29,3820,71.1
102537,2025-07-22 19:00,R05,23.41,28.17,8.95,3580,63.4
102538,2025-07-22 19:00,R06,23.38,28.0,9.59,3800,67.9
102539,2025-07-22 19:30,R01,23.05,27.52,8.82,3650,61.7
102540,2025-07-22 19:30,R02,24.13,28.62,8.94,3740,56.8
102541,2025-07-22 19:30,R03,24.07,28.59,8.96,3850,64.9
102542,2025-07-22 19:30,R04,23.38,27.94,9.77,3940,70.0
102543,2025-07-22 19:30,R05,23.47,28.98,8.89,3670,56.1
102544,2025-07-22 19:30,R06,24.63,29.53,9.26,3800,62.4
102545,2025-07-22 20:00,R01,22.47,26.58,8.29,3830,60.4
102546,2025-07-22 20:00,R02,24.11,29.12,8.95,3820,63.1
102547,2025-07-22 20:00,R03,23.09,26.19,8.25,3730,56.5
102548,2025-07-22 20:00,R04,23.29,28.17,8.72,3630,56.9
102549,2025-07-22 20:00,R05,23.61,28.55,9.16,3850,58.7
102550,2025-07-22 20:00,R06,22.64,27.78,9.64,3830,69.6
102551,2025-07-22 20:30,R01,21.8,25.87,8.45,3710,59.7
102552,2025-07-22 20:30,R02,23.77,28.4,8.78,3560,65.9
102553,2025-07-22 20:30,R03,22.85,27.97,8.75,3450,51.2
102554,2025-07-22 20:30,R04,21.81,26.24,7.97,3600,56.3
102555,2025-07-22 20:30,R05,23.56,27.86,7.59,3320,46.0
102556,2025-07-22 20:30,R06,23.19,27.78,8.78,3820,60.0
102557,2025-07-22 21:00,R01,22.23,26.82,8.08,3680,55.6
102558,2025-07-22 21:00,R02,23.47,26.56,8.4,3630,55.7
102559,2025-07-22 21:00,R03,23.85,28.14,8.85,3500,55.9
102560,2025-07-22 21:00,R04,23.36,27.26,8.54,3670,53.7
102561,2025-07-22 21:00,R05,22.05,26.38,7.78,3410,48.9
102562,2025-07-22 21:00,R06,22.25,26.7,7.91,3420,56.3
102563,2025-07-22 21:30,R01,22.34,25.82,7.71,3320,41.5
102564,2025-07-22 21:30,R02,21.93,25.38,7.24,3380,45.0
102565,2025-07-22 21:30,R03,22.71,27.03,7.87,3480,47.5
102566,2025-07-22 21:30,R04,21.7,26.27,8.04,3420,49.8
102567,2025-07-22 21:30,R05,21.91,26.19,8.13,3480,51.5
102568,2025-07-22 21:30,R06,24.0,27.82,7.31,3230,44.7
102569,2025-07-22 22:00,R01,22.79,27.16,7.48,3640,47.2
102570,2025-07-22 22:00,R02,22.07,25.47,6.27,2900,28.7
102571,2025-07-22 22:00,R03,24.61,28.37,7.98,3610,52.0
102572,2025-07-22 22:00,R04,23.6,28.69,8.32,3640,56.8
102573,2025-07-22 22:00,R05,23.06,27.41,8.11,3540,52.4
102574,2025-07-22 22:00,R06,21.82,26.13,7.9,3380,45.7
102575,2025-07-22 22:30,R01,22.53,26.56,8.59,3610,55.8
102576,2025-07-22 22:30,R02,21.92,26.14,7.49,3450,44.0
102577,2025-07-22 22:30,R03,23.75,26.67,6.77,3170,36.8
102578,2025-07-22 22:30,R04,22.62,26.54,7.96,3550,57.0
102579,2025-07-22 22:30,R05,23.7,27.91,8.93,3720,62.1
102580,2025-07-22 22:30,R06,22.74,26.56,6.81,3090,35.4
102581,2025-07-22 23:00,R01,22.37,26.96,8.87,3750,52.1
102582,2025-07-22 23:00,R02,22.4,26.78,8.24,3480,51.6
102583,2025-07-22 23:00,R03,22.8,25.96,6.56,3210,42.6
102584,2025-07-22 23:00,R04,23.07,27.71,9.39,3700,65.1
102585,2025-07-22 23:00,R05,21.64,25.64,6.99,3270,39.4
102586,2025-07-22 23:00,R06,22.69,26.44,7.84,3440,47.3
102587,2025-07-22 23:30,R01,21.34,25.1,6.62,3340,38.2
102588,2025-07-22 23:30,R02,24.44,29.21,8.18,3330,53.0
102589,2025-07-22 23:30,R03,22.79,26.34,7.64,3180,48.2
102590,2025-07-22 23:30,R04,22.56,26.77,8.66,3690,57.4
102591,2025-07-22 23:30,R05,22.44,26.58,8.54,3620,52.9
102592,2025-07-22 23:30,R06,22.36,26.36,7.69,3460,43.3
102593,2025-07-23 00:00,R01,21.68,25.52,7.44,3240,43.2
102594,2025-07-23 00:00,R02,21.48,26.59,8.47,3700,56.9
102595,2025-07-23 00:00,R03,24.22,29.44,8.23,3660,52.4
102596,2025-07-23 00:00,R04,22.89,26.87,7.0,3120,38.0
102597,2025-07-23 00:00,R05,23.05,27.32,8.19,3640,53.2
102598,2025-07-23 00:00,R06,23.06,26.25,7.91,3500,53.1
102599,2025-07-23 00:30,R01,22.74,26.16,7.87,3210,43.5
102600,2025-07-23 00:30,R02,23.07,26.52,6.75,2930,28.5
102601,2025-07-23 00:30,R03,23.83,28.32,7.4,3360,40.8
102602,2025-07-23 00:30,R04,22.44,25.43,7.4,3210,43.5
102603,2025-07-23 00:30,R05,22.69,27.03,7.44,3320,45.4
102604,2025-07-23 00:30,R06,22.14,25.52,6.15,3080,32.6
102605,2025-07-23 01:00,R01,23.32,26.94,7.33,3280,40.1
102606,2025-07-23 01:00,R02,24.32,27.42,5.91,3010,27.7
102607,2025-07-23 01:00,R03,23.56,27.48,7.22,3100,31.8
102608,2025-07-23 01:00,R04,22.72,27.16,7.17,3070,30.9
102609,2025-07-23 01:00,R05,22.88,27.04,6.54,3300,37.8
102610,2025-07-23 01:00,R06,21.59,25.22,7.0,3300,37.7
102611,2025-07-23 01:30,R01,23.65,26.55,5.91,3120,31.4
102612,2025-07-23 01:30,R02,22.36,26.45,7.4,3320,45.7
102613,2025-07-23 01:30,R03,21.94,25.37,6.97,3320,38.1
102614,2025-07-23 01:30,R04,23.51,27.69,7.21,3350,42.8
102615,2025-07-23 01:30,R05,22.5,26.07,7.22,3240,41.8
102616,2025-07-23 01:30,R06,22.06,26.42,7.06,3090,36.2
102617,2025-07-23 02:00,R01,23.23,27.12,7.05,3230,38.5
102618,2025-07-23 02:00,R02,22.56,25.99,6.5,2830,30.6
102619,2025-07-23 02:00,R03,23.52,26.98,6.27,3130,27.9
102620,2025-07-23 02:00,R04,23.85,27.6,6.6,3210,40.8
102621,2025-07-23 02:00,R05,23.05,27.01,7.43,3600,42.4
102622,2025-07-23 02:00,R06,23.28,27.09,7.89,3340,43.8
102623,2025-07-23 02:30,R01,22.49,26.82,7.46,3370,48.2
102624,2025-07-23 02:30,R02,22.29,25.01,6.91,3180,36.1
102625,2025-07-23 02:30,R03,24.25,27.86,6.76,3090,36.5
102626,2025-07-23 02:30,R04,21.7,26.03,6.69,3130,44.3
102627,2025-07-23 02:30,R05,22.68,26.6,7.67,3230,40.5
102628,2025-07-23 02:30,R06,21.86,25.28,6.7,3060,33.0
102629,2025-07-23 03:00,R01,20.81,24.05,7.25,3390,43.4
102630,2025-07-23 03:00,R02,22.44,25.61,6.09,3180,30.5
102631,2025-07-23 03:00,R03,23.74,27.53,6.94,3140,34.4
102632,2025-07-23 03:00,R04,23.23,26.91,7.25,3500,41.1
102633,2025-07-23 03:00,R05,22.41,26.91,8.07,3760,48.2
102634,2025-07-23 03:00,R06,21.98,25.56,6.55,3140,38.8
102635,2025-07-23 03:30,R01,22.1,25.41,7.67,3410,40.6
102636,2025-07-23 03:30,R02,23.8,28.07,7.93,3470,46.3
102637,2025-07-23 03:30,R03,22.49,26.07,7.03,3300,36.0
102638,2025-07-23 03:30,R04,23.17,26.89,7.47,3370,41.8
102639,2025-07-23 03:30,R05,22.02,26.46,7.75,3460,45.7
102640,2025-07-23 03:30,R06,22.96,26.5,6.84,3170,35.4
102641,2025-07-23 04:00,R01,22.52,25.98,6.4,2590,27.2
102642,2025-07-23 04:00,R02,22.04,25.97,8.11,3560,49.6
102643,2025-07-23 04:00,R03,23.33,28.22,8.58,3430,48.9
102644,2025-07-23 04:00,R04,22.88,26.67,6.48,3040,35.1
102645,2025-07-23 04:00,R05,22.59,26.57,6.47,3150,34.8
102646,2025-07-23 04:00,R06,22.14,26.03,7.08,3570,43.8
102647,2025-07-23 04:30,R01,21.53,25.58,7.84,3350,44.1
102648,2025-07-23 04:30,R02,22.5,26.25,6.97,3310,40.5
102649,2025-07-23 04:30,R03,24.84,27.65,5.37,2840,16.4
102650,2025-07-23 04:30,R04,22.34,25.93,6.95,3150,35.4
102651,2025-07-23 04:30,R05,23.15,26.68,7.37,3430,37.5
102652,2025-07-23 04:30,R06,22.8,26.94,7.64,3600,50.1
102653,2025-07-23 05:00,R01,20.89,24.44,6.14,3020,30.3
102654,2025-07-23 05:00,R02,22.9,26.59,6.9,3160,36.8
102655,2025-07-23 05:00,R03,23.1,26.66,6.1,3240,37.5
102656,2025-07-23 05:00,R04,23.01,26.53,7.69,3050,35.2
102657,2025-07-23 05:00,R05,22.65,27.01,6.65,3230,32.5
102658,2025-07-23 05:00,R06,21.79,26.22,8.15,3310,48.6
102659,2025-07-23 05:30,R01,22.25,26.21,7.22,3240,33.9
102660,2025-07-23 05:30,R02,21.23,25.68,6.9,3130,40.2
102661,2025-07-23 05:30,R03,23.35,26.87,6.83,3210,37.2
102662,2025-07-23 05:30,R04,21.69,24.74,6.51,3010,25.3
102663,2025-07-23 05:30,R05,21.93,25.6,7.49,3280,43.3
102664,2025-07-23 05:30,R06,21.74,25.89,8.12,3300,46.2
102665,2025-07-23 06:00,R01,21.25,25.09,6.83,3150,33.2
102666,2025-07-23 06:00,R02,22.32,26.71,8.21,3370,47.4
102667,2025-07-23 06:00,R03,24.23,26.72,6.77,3210,33.9
102668,2025-07-23 06:00,R04,21.6,25.5,8.04,3500,47.0
102669,2025-07-23 06:00,R05,24.0,27.47,8.25,3580,52.9
102670,2025-07-23 06:00,R06,22.47,26.23,7.76,3310,41.5
102671,2025-07-23 06:30,R01,22.98,27.46,8.15,3720,55.7
102672,2025-07-23 06:30,R02,21.64,25.43,7.38,3280,45.1
102673,2025-07-23 06:30,R03,23.8,27.92,7.23,3210,41.6
102674,2025-07-23 06:30,R04,22.34,26.26,7.2,3150,38.7
102675,2025-07-23 06:30,R05,22.16,25.5,6.63,3230,33.1
102676,2025-07-23 06:30,R06,22.67,26.61,7.0,3330,38.2
102677,2025-07-23 07:00,R01,22.13,25.77,8.08,3430,50.9
102678,2025-07-23 07:00,R02,22.48,26.12,7.14,3440,43.6
102679,2025-07-23 07:00,R03,22.14,26.88,8.09,3530,45.8
102680,2025-07-23 07:00,R04,22.53,26.6,7.01,3200,44.7
102681,2025-07-23 07:00,R05,22.91,27.86,8.47,3600,54.2
102682,2025-07-23 07:00,R06,23.46,27.96,7.78,3550,52.3
102683,2025-07-23 07:30,R01,20.87,24.95,7.07,3390,38.1
102684,2025-07-23 07:30,R02,22.99,26.77,7.15,3530,50.3
102685,2025-07-23 07:30,R03,21.62,25.76,8.99,3510,56.7
102686,2025-07-23 07:30,R04,23.09,27.8,8.37,3540,56.7
102687,2025-07-23 07:30,R05,22.79,25.78,7.06,3190,37.4
102688,2025-07-23 07:30,R06,22.21,26.45,7.04,3290,46.2
102689,2025-07-23 08:00,R01,21.98,26.14,7.09,3110,45.8
102690,2025-07-23 08:00,R02,22.9,27.42,8.79,3380,50.4
102691,2025-07-23 08:00,R03,23.72,28.38,8.51,3640,50.7
102692,2025-07-23 08:00,R04,23.77,27.93,8.63,3550,49.7
102693,2025-07-23 08:00,R05,24.51,28.24,7.18,3330,47.2
102694,2025-07-23 08:00,R06,22.1,26.74,7.95,3530,49.1
102695,2025-07-23 08:30,R01,23.19,27.57,8.16,3450,47.1
102696,2025-07-23 08:30,R02,22.69,26.13,8.01,3390,49.4
102697,2025-07-23 08:30,R03,23.0,27.05,7.96,3410,52.7
102698,2025-07-23 08:30,R04,21.91,25.86,8.57,3540,55.3
102699,2025-07-23 08:30,R05,21.83,26.37,8.01,3350,48.9
102700,2025-07-23 08:30,R06,23.78,27.97,7.21,3220,40.7
102701,2025-07-23 09:00,R01,22.88,27.75,8.29,3460,59.7
102702,2025-07-23 09:00,R02,22.77,26.99,8.96,3910,60.0
102703,2025-07-23 09:00,R03,22.15,25.69,7.92,3650,52.4
102704,2025-07-23 09:00,R04,22.83,27.18,8.4,3680,58.1
102705,2025-07-23 09:00,R05,23.19,27.52,8.42,3940,59.2
102706,2025-07-23 09:00,R06,22.6,26.87,7.77,3630,50.7
102707,2025-07-23 09:30,R01,22.55,26.98,8.86,3670,59.3
102708,2025-07-23 09:30,R02,22.43,25.88,7.29,3390,44.7
102709,2025-07-23 09:30,R03,23.16,27.37,8.23,3660,56.2
102710,2025-07-23 09:30,R04,22.68,27.51,8.81,3660,59.0
102711,2025-07-23 09:30,R05,23.58,27.34,8.15,3720,49.3
102712,2025-07-23 09:30,R06,23.01,27.86,8.21,3560,51.2
102713,2025-07-23 10:00,R01,22.27,27.86,9.89,3940,74.2
102714,2025-07-23 10:00,R02,22.19,27.01,9.81,3820,62.9
102715,2025-07-23 10:00,R03,23.18,27.22,8.51,3690,58.6
102716,2025-07-23 10:00,R04,23.19,26.54,7.51,3700,56.6
102717,2025-07-23 10:00,R05,23.91,27.46,8.12,3640,52.9
102718,2025-07-23 10:00,R06,21.96,26.88,9.55,3780,67.5
102719,2025-07-23 10:30,R01,22.46,26.72,9.02,3890,63.1
102720,2025-07-23 10:30,R02,21.49,26.1,9.11,3650,59.7
102721,2025-07-23 10:30,R03,24.18,27.76,7.38,3630,53.9
102722,2025-07-23 10:30,R04,23.51,27.92,7.91,3450,53.2
102723,2025-07-23 10:30,R05,22.93,27.08,8.59,3930,67.9
102724,2025-07-23 10:30,R06,23.16,28.34,8.96,3950,66.2
102725,2025-07-23 11:00,R01,22.04,26.26,8.52,4000,66.3
102726,2025-07-23 11:00,R02,23.47,29.02,9.82,4090,73.1
102727,2025-07-23 11:00,R03,22.61,27.96,9.42,3850,70.4
102728,2025-07-23 11:00,R04,23.33,28.26,10.12,3980,76.0
102729,2025-07-23 11:00,R05,23.99,29.75,10.39,4190,81.4
102730,2025-07-23 11:00,R06,23.09,27.35,8.85,3990,65.4
102731,2025-07-23 11:30,R01,21.44,27.02,9.19,3850,66.8
102732,2025-07-23 11:30,R02,22.17,27.6,9.04,3870,70.6
102733,2025-07-23 11:30,R03,23.19,28.42,10.06,4150,75.3
102734,2025-07-23 11:30,R04,23.0,28.19,8.54,3670,64.9
102735,2025-07-23 11:30,R05,23.23,28.17,9.88,4020,75.0
102736,2025-07-23 11:30,R06,22.52,27.56,9.63,3990,73.6
102737,2025-07-23 12:00,R01,22.67,26.87,8.66,3870,60.8
102738,2025-07-23 12:00,R02,22.31,27.75,8.53,3780,58.3
102739,2025-07-23 12:00,R03,23.63,28.33,9.57,3930,65.4
102740,2025-07-23 12:00,R04,24.08,29.81,9.89,3840,67.5
102741,2025-07-23 12:00,R05,22.9,27.66,9.16,3880,66.8
102742,2025-07-23 12:00,R06,22.26,26.29,9.05,3780,63.9
102743,2025-07-23 12:30,R01,23.52,29.09,10.49,4120,80.3
102744,2025-07-23 12:30,R02,23.44,28.19,8.5,3610,61.5
102745,2025-07-23 12:30,R03,25.64,30.34,9.75,3890,74.8
102746,2025-07-23 12:30,R04,21.94,26.68,9.58,4010,74.2
102747,2025-07-23 12:30,R05,22.61,27.44,8.87,3670,63.0
102748,2025-07-23 12:30,R06,22.31,26.21,9.39,4090,74.4
102749,2025-07-23 13:00,R01,22.43,27.52,8.63,3730,58.7
102750,2025-07-23 13:00,R02,23.11,28.23,9.4,4030,79.7
102751,2025-07-23 13:00,R03,23.2,27.67,8.86,3760,62.3
102752,2025-07-23 13:00,R04,24.23,29.57,9.82,3900,69.7
102753,2025-07-23 13:00,R05,22.73,28.11,9.67,4310,78.5
102754,2025-07-23 13:00,R06,24.06,29.38,9.61,4010,71.1
102755,2025-07-23 13:30,R01,22.87,27.68,9.51,3680,66.5
102756,2025-07-23 13:30,R02,22.11,26.23,9.09,3790,69.4
102757,2025-07-23 13:30,R03,24.63,29.09,8.74,3910,68.6
102758,2025-07-23 13:30,R04,23.46,29.19,10.14,3980,75.2
102759,2025-07-23 13:30,R05,23.73,28.72,9.73,4100,69.7
102760,2025-07-23 13:30,R06,23.53,28.84,10.1,4110,71.3
102761,2025-07-23 14:00,R01,22.73,27.84,9.85,4210,73.1
102762,2025-07-23 14:00,R02,24.7,28.67,8.46,3820,57.8
102763,2025-07-23 14:00,R03,25.73,30.7,9.8,3950,68.1
102764,2025-07-23 14:00,R04,23.24,28.26,9.85,4170,81.2
102765,2025-07-23 14:00,R05,23.6,28.52,9.0,3780,69.4
102766,2025-07-23 14:00,R06,22.71,28.0,10.08,3990,73.8
102767,2025-07-23 14:30,R01,22.68,27.53,8.97,3930,70.2
102768,2025-07-23 14:30,R02,21.97,26.96,10.13,3900,70.6
102769,2025-07-23 14:30,R03,23.24,28.83,10.91,4460,86.7
102770,2025-07-23 14:30,R04,22.42,26.32,9.28,4020,72.2
102771,2025-07-23 14:30,R05,23.44,28.35,9.62,3990,73.6
102772,2025-07-23 14:30,R06,23.58,28.22,9.1,3890,68.3
102773,2025-07-23 15:00,R01,22.39,27.28,9.33,4130,77.7
102774,2025-07-23 15:00,R02,22.74,27.46,8.97,3810,66.9
102775,2025-07-23 15:00,R03,23.05,28.08,8.62,3920,67.8
102776,2025-07-23 15:00,R04,22.13,27.15,9.72,3960,68.1
102777,2025-07-23 15:00,R05,25.48,30.62,8.96,3800,66.3
102778,2025-07-23 15:00,R06,23.28,28.27,9.42,4120,75.4
102779,2025-07-23 15:30,R01,23.72,28.03,8.92,3890,66.4
102780,2025-07-23 15:30,R02,23.84,29.16,9.48,3880,78.6
102781,2025-07-23 15:30,R03,24.09,27.74,9.23,3830,74.4
102782,2025-07-23 15:30,R04,23.4,28.07,9.85,4100,71.6
102783,2025-07-23 15:30,R05,22.96,28.46,10.38,3940,78.3
102784,2025-07-23 15:30,R06,22.99,28.18,9.36,3960,71.0
102785,2025-07-23 16:00,R01,24.32,29.19,9.51,4000,72.3
102786,2025-07-23 16:00,R02,23.74,28.84,8.9,3700,63.1
102787,2025-07-23 16:00,R03,24.43,29.53,9.83,3990,75.5
102788,2025-07-23 16:00,R04,24.8,29.91,9.63,3970,73.0
102789,2025-07-23 16:00,R05,24.52,29.4,9.92,3770,68.9
102790,2025-07-23 16:00,R06,23.13,27.7,9.91,3840,74.1
102791,2025-07-23 16:30,R01,22.96,28.77,10.53,4240,81.5
102792,2025-07-23 16:30,R02,21.88,27.06,9.24,3910,67.9
102793,2025-07-23 16:30,R03,23.86,29.16,10.45,4080,79.2
102794,2025-07-23 16:30,R04,23.92,28.19,8.93,3760,62.7
102795,2025-07-23 16:30,R05,23.38,28.27,10.15,4200,75.1
102796,2025-07-23 16:30,R06,23.58,27.96,10.29,4160,77.0
102797,2025-07-23 17:00,R01,22.48,26.83,8.97,3790,70.9
102798,2025-07-23 17:00,R02,23.23,27.71,8.38,3620,62.7
102799,2025-07-23 17:00,R03,22.49,27.41,8.9,3730,70.7
102800,2025-07-23 17:00,R04,22.02,26.84,9.53,3780,71.2
102801,2025-07-23 17:00,R05,23.64,27.89,8.56,3460,56.9
102802,2025-07-23 17:00,R06,23.32,27.89,9.18,3670,63.7
102803,2025-07-23 17:30,R01,23.05,28.54,9.82,3940,69.5
102804,2025-07-23 17:30,R02,22.69,27.04,9.98,4150,76.9
102805,2025-07-23 17:30,R03,22.45,27.29,9.93,3770,71.1
102806,2025-07-23 17:30,R04,22.97,28.18,8.78,3930,63.0
102807,2025-07-23 17:30,R05,24.39,29.36,10.08,4010,77.2
102808,2025-07-23 17:30,R06,21.18,26.32,9.31,3860,67.7
102809,2025-07-23 18:00,R01,23.36,28.41,9.96,4070,80.2
102810,2025-07-23 18:00,R02,23.52,28.72,9.15,3960,66.3
102811,2025-07-23 18:00,R03,22.47,28.23,9.6,4070,75.6
102812,2025-07-23 18:00,R04,23.1,27.99,9.7,3990,72.9
102813,2025-07-23 18:00,R05,23.75,28.92,9.33,3960,66.7
102814,2025-07-23 18:00,R06,23.11,28.56,9.25,4150,74.1
102815,2025-07-23 18:30,R01,22.42,27.41,9.45,4070,70.1
102816,2025-07-23 18:30,R02,22.92,27.82,9.32,4070,69.3
102817,2025-07-23 18:30,R03,23.17,27.4,8.88,3830,60.2
102818,2025-07-23 18:30,R04,22.54,26.65,8.68,3660,52.6
102819,2025-07-23 18:30,R05,22.86,27.17,9.49,3870,64.4
102820,2025-07-23 18:30,R06,23.96,29.07,9.77,3960,73.1
102821,2025-07-23 19:00,R01,22.01,26.19,9.06,4040,65.2
102822,2025-07-23 19:00,R02,23.0,27.82,8.56,3660,58.3
102823,2025-07-23 19:00,R03,24.63,28.81,7.9,3420,51.5
102824,2025-07-23 19:00,R04,25.21,29.81,8.76,3950,63.0
102825,2025-07-23 19:00,R05,24.87,29.09,8.92,3690,55.8
102826,2025-07-23 19:00,R06,22.28,27.33,9.41,3970,65.8
102827,2025-07-23 19:30,R01,22.3,27.64,9.3,3860,63.0
102828,2025-07-23 19:30,R02,23.21,28.85,9.67,3970,77.6
102829,2025-07-23 19:30,R03,23.26,28.94,9.6,3850,72.0
102830,2025-07-23 19:30,R04,23.46,27.9,9.13,3910,64.9
102831,2025-07-23 19:30,R05,23.26,28.11,8.82,3660,65.2
102832,2025-07-23 19:30,R06,23.85,28.47,8.82,3890,69.4
102833,2025-07-23 20:00,R01,22.46,27.08,9.55,3970,68.9
102834,2025-07-23 20:00,R02,22.4,26.55,8.46,3190,49.0
102835,2025-07-23 20:00,R03,22.27,26.83,8.44,3520,59.7
102836,2025-07-23 20:00,R04,23.14,27.61,7.6,3770,52.8
102837,2025-07-23 20:00,R05,22.86,26.98,7.82,3560,49.7
102838,2025-07-23 20:00,R06,23.15,27.47,8.86,3910,65.7
102839,2025-07-23 20:30,R01,21.88,27.0,9.89,4030,71.8
102840,2025-07-23 20:30,R02,22.25,27.09,8.27,3540,55.7
102841,2025-07-23 20:30,R03,23.49,28.48,8.9,3810,69.1
102842,2025-07-23 20:30,R04,22.35,26.64,8.08,3540,54.7
102843,2025-07-23 20:30,R05,23.1,27.61,8.4,3290,47.4
102844,2025-07-23 20:30,R06,22.89,27.28,7.95,3650,44.9
102845,2025-07-23 21:00,R01,22.29,25.81,7.22,3100,34.6
102846,2025-07-23 21:00,R02,21.5,25.6,7.97,3650,55.5
102847,2025-07-23 21:00,R03,23.47,28.11,8.07,3320,47.6
102848,2025-07-23 21:00,R04,21.67,26.12,8.05,3560,53.5
102849,2025-07-23 21:00,R05,24.61,28.81,8.32,3730,56.3
102850,2025-07-23 21:00,R06,23.16,27.48,7.81,3650,53.8
102851,2025-07-23 21:30,R01,23.09,27.73,9.5,3910,69.5
102852,2025-07-23 21:30,R02,23.21,27.24,7.03,3350,40.5
102853,2025-07-23 21:30,R03,23.55,27.98,9.23,4110,67.4
102854,2025-07-23 21:30,R04,22.68,26.75,8.72,3650,56.0
102855,2025-07-23 21:30,R05,21.73,25.94,8.4,3540,51.4
102856,2025-07-23 21:30,R06,23.75,27.91,7.6,3470,51.0
102857,2025-07-23 22:00,R01,21.78,25.03,6.51,3260,38.2
102858,2025-07-23 22:00,R02,21.42,25.42,7.73,3630,51.2
102859,2025-07-23 22:00,R03,22.71,26.38,6.83,3190,36.5
102860,2025-07-23 22:00,R04,22.96,26.97,7.05,3370,42.5
102861,2025-07-23 22:00,R05,23.12,26.85,7.51,3560,46.7
102862,2025-07-23 22:00,R06,23.99,28.0,7.84,3710,48.5
102863,2025-07-23 22:30,R01,21.82,26.32,8.3,3440,54.7
102864,2025-07-23 22:30,R02,22.23,25.49,7.2,3430,47.4
102865,2025-07-23 22:30,R03,22.53,26.44,7.97,3570,50.1
102866,2025-07-23 22:30,R04,22.48,26.48,6.99,3170,41.9
102867,2025-07-23 22:30,R05,23.53,26.49,6.58,3100,29.3
102868,2025-07-23 22:30,R06,21.99,24.84,6.95,3290,44.7
102869,2025-07-23 23:00,R01,21.99,26.37,8.72,3170,52.2
102870,2025-07-23 23:00,R02,22.03,26.14,8.19,3460,47.9
102871,2025-07-23 23:00,R03,23.41,27.76,8.86,3600,57.2
102872,2025-07-23 23:00,R04,23.37,27.25,7.49,3400,42.5
102873,2025-07-23 23:00,R05,22.21,26.23,7.66,3530,51.9
102874,2025-07-23 23:00,R06,23.23,27.2,8.33,3420,51.7
102875,2025-07-23 23:30,R01,21.45,25.82,7.17,3450,47.0
102876,2025-07-23 23:30,R02,22.63,26.69,7.98,3340,45.9
102877,2025-07-23 23:30,R03,23.31,26.37,6.2,3180,35.2
102878,2025-07-23 23:30,R04,22.3,26.13,7.27,3280,48.9
102879,2025-07-23 23:30,R05,22.65,26.8,7.77,3300,42.0
102880,2025-07-23 23:30,R06,22.12,25.95,7.09,3440,42.4
