claim_id,claim_date,shoot_unit,category,payment_mode,receipt_attached,amount_inr
KP-20000,2025-01-06,Goa,costume,card,yes,3377
KP-20001,2025-01-06,Varanasi,catering,cash,yes,69113
KP-20002,2025-01-06,Kutch,props,cash,no,2083
KP-20003,2025-01-06,Goa,transport,upi,yes,5001
KP-20004,2025-01-06,Kutch,equipment_hire,bank_transfer,yes,24882
KP-20005,2025-01-06,Hampi,catering,card,yes,4262
KP-20006,2025-01-06,Leh,transport,upi,yes,20626
KP-20007,2025-01-07,Jaisalmer,props,card,no,961
KP-20008,2025-01-07,Hampi,costume,cash,yes,1721
KP-20009,2025-01-07,Leh,catering,cash,yes,5692
KP-20010,2025-01-07,Kutch,lodging,cash,yes,17286
KP-20011,2025-01-07,Goa,costume,upi,yes,58222
KP-20012,2025-01-07,Munnar,equipment_hire,card,yes,59922
KP-20013,2025-01-07,Munnar,catering,cash,no,3058
KP-20014,2025-01-07,Kolkata,catering,cash,yes,5258
KP-20015,2025-01-07,Kutch,transport,cash,yes,888
KP-20016,2025-01-07,Kolkata,props,upi,yes,15605
KP-20017,2025-01-07,Goa,catering,upi,yes,9870
KP-20018,2025-01-07,Munnar,transport,upi,yes,3835
KP-20019,2025-01-07,Kolkata,equipment_hire,cash,yes,47795
KP-20020,2025-01-07,Goa,local_permits,cash,yes,8503
KP-20021,2025-01-08,Kolkata,catering,upi,yes,8339
KP-20022,2025-01-08,Kutch,catering,cash,yes,4621
KP-20023,2025-01-08,Goa,transport,cash,no,4956
KP-20024,2025-01-08,Kolkata,lodging,card,no,81179
KP-20025,2025-01-08,Shimla,transport,card,no,38536
KP-20026,2025-01-08,Varanasi,transport,upi,yes,18151
KP-20027,2025-01-08,Goa,props,cash,yes,28310
KP-20028,2025-01-08,Kolkata,local_permits,upi,yes,33088
KP-20029,2025-01-08,Kutch,costume,upi,yes,3128
KP-20030,2025-01-08,Munnar,transport,cash,yes,43563
KP-20031,2025-01-08,Kolkata,catering,cash,yes,5360
KP-20032,2025-01-09,Leh,props,bank_transfer,no,26609
KP-20033,2025-01-09,Varanasi,lodging,upi,yes,24702
KP-20034,2025-01-09,Munnar,catering,cash,yes,39113
KP-20035,2025-01-09,Shimla,props,upi,yes,15136
KP-20036,2025-01-09,Jaisalmer,transport,upi,yes,30879
KP-20037,2025-01-09,Leh,catering,upi,no,2978
KP-20038,2025-01-09,Hampi,catering,cash,no,19552
KP-20039,2025-01-09,Hampi,props,upi,no,8651
KP-20040,2025-01-09,Kutch,catering,cash,yes,4315
KP-20041,2025-01-09,Kolkata,costume,cash,yes,30373
KP-20042,2025-01-09,Leh,misc,cash,yes,2930
KP-20043,2025-01-09,Jaisalmer,transport,bank_transfer,yes,27089
KP-20044,2025-01-09,Kolkata,catering,bank_transfer,yes,3933
KP-20045,2025-01-09,Shimla,catering,upi,yes,10844
KP-20046,2025-01-09,Munnar,misc,upi,yes,1839
KP-20047,2025-01-09,Shimla,catering,bank_transfer,yes,56083
KP-20048,2025-01-09,Shimla,props,upi,yes,18988
KP-20049,2025-01-09,Kolkata,catering,upi,yes,2122
KP-20050,2025-01-10,Hampi,transport,cash,yes,3300
KP-20051,2025-01-10,Leh,catering,cash,yes,29885
KP-20052,2025-01-10,Leh,props,card,yes,3048
KP-20053,2025-01-10,Kolkata,local_permits,cash,yes,16864
KP-20054,2025-01-10,Shimla,catering,card,yes,8646
KP-20055,2025-01-10,Munnar,transport,cash,yes,1994
KP-20056,2025-01-10,Varanasi,misc,upi,yes,1549
KP-20057,2025-01-10,Kutch,catering,cash,yes,66861
KP-20058,2025-01-10,Shimla,props,cash,yes,8885
KP-20059,2025-01-10,Varanasi,equipment_hire,upi,yes,191134
KP-20060,2025-01-10,Hampi,costume,upi,yes,8954
KP-20061,2025-01-10,Leh,catering,upi,yes,18299
KP-20062,2025-01-10,Kolkata,transport,cash,yes,1336
KP-20063,2025-01-10,Kutch,lodging,upi,yes,36612
KP-20064,2025-01-11,Varanasi,misc,cash,yes,1772
KP-20065,2025-01-11,Kolkata,misc,bank_transfer,yes,732
KP-20066,2025-01-11,Munnar,catering,upi,yes,33207
KP-20067,2025-01-11,Hampi,misc,upi,yes,96
KP-20068,2025-01-11,Goa,local_permits,cash,yes,53123
KP-20069,2025-01-11,Kutch,transport,upi,yes,17615
KP-20070,2025-01-11,Leh,lodging,upi,yes,54736
KP-20071,2025-01-11,Hampi,misc,cash,yes,9494
KP-20072,2025-01-11,Jaisalmer,props,cash,yes,1967
KP-20073,2025-01-11,Goa,catering,upi,yes,15584
KP-20074,2025-01-11,Leh,catering,upi,yes,13822
KP-20075,2025-01-11,Jaisalmer,lodging,cash,yes,142005
KP-20076,2025-01-11,Shimla,props,upi,yes,5851
KP-20077,2025-01-11,Hampi,transport,cash,yes,3548
KP-20078,2025-01-11,Hampi,lodging,bank_transfer,yes,68213
KP-20079,2025-01-11,Leh,lodging,bank_transfer,yes,18938
KP-20080,2025-01-11,Kolkata,props,bank_transfer,yes,31201
KP-20081,2025-01-11,Jaisalmer,equipment_hire,card,no,14462
KP-20082,2025-01-12,Varanasi,misc,bank_transfer,yes,2817
KP-20083,2025-01-12,Shimla,props,bank_transfer,yes,6594
KP-20084,2025-01-12,Hampi,catering,upi,yes,84326
KP-20085,2025-01-12,Varanasi,costume,upi,no,17237
KP-20086,2025-01-12,Goa,transport,cash,yes,1751
KP-20087,2025-01-12,Leh,misc,cash,no,1084
KP-20088,2025-01-12,Hampi,costume,upi,yes,595
KP-20089,2025-01-12,Shimla,transport,upi,yes,14432
KP-20090,2025-01-12,Goa,catering,cash,yes,13881
KP-20091,2025-01-12,Jaisalmer,catering,card,yes,6993
KP-20092,2025-01-12,Shimla,catering,cash,yes,17682
KP-20093,2025-01-12,Hampi,local_permits,upi,yes,4261
KP-20094,2025-01-13,Hampi,props,card,no,9762
KP-20095,2025-01-13,Leh,catering,upi,yes,54095
KP-20096,2025-01-13,Varanasi,misc,bank_transfer,yes,780
KP-20097,2025-01-13,Kutch,lodging,cash,yes,19597
KP-20098,2025-01-13,Goa,transport,cash,yes,3894
KP-20099,2025-01-13,Goa,lodging,cash,yes,31210
KP-20100,2025-01-13,Shimla,transport,upi,yes,1519
KP-20101,2025-01-13,Kutch,lodging,bank_transfer,yes,31489
KP-20102,2025-01-13,Leh,props,upi,no,4907
KP-20103,2025-01-13,Shimla,equipment_hire,upi,no,96545
KP-20104,2025-01-13,Munnar,lodging,bank_transfer,yes,52192
KP-20105,2025-01-13,Varanasi,props,upi,yes,6991
KP-20106,2025-01-13,Varanasi,equipment_hire,cash,yes,181521
KP-20107,2025-01-13,Goa,lodging,upi,yes,22711
KP-20108,2025-01-13,Munnar,equipment_hire,card,yes,44717
KP-20109,2025-01-13,Jaisalmer,transport,cash,yes,6127
KP-20110,2025-01-13,Kutch,transport,upi,yes,2898
KP-20111,2025-01-13,Shimla,lodging,upi,yes,21695
KP-20112,2025-01-14,Leh,transport,upi,yes,864
KP-20113,2025-01-14,Kutch,catering,cash,yes,15615
KP-20114,2025-01-14,Munnar,misc,cash,yes,1789
KP-20115,2025-01-14,Leh,misc,upi,yes,1331
KP-20116,2025-01-14,Kutch,costume,card,no,4155
KP-20117,2025-01-14,Kutch,catering,cash,yes,796
KP-20118,2025-01-14,Kolkata,transport,cash,yes,5080
KP-20119,2025-01-14,Varanasi,costume,card,yes,4717
KP-20120,2025-01-14,Goa,props,cash,yes,8632
KP-20121,2025-01-14,Varanasi,catering,cash,yes,9670
KP-20122,2025-01-14,Hampi,misc,upi,yes,1851
KP-20123,2025-01-14,Hampi,catering,bank_transfer,yes,7190
KP-20124,2025-01-14,Hampi,lodging,upi,yes,48206
KP-20125,2025-01-14,Kolkata,catering,cash,yes,43814
KP-20126,2025-01-14,Leh,local_permits,cash,yes,19501
KP-20127,2025-01-15,Kutch,props,upi,no,12465
KP-20128,2025-01-15,Hampi,catering,cash,yes,2526
KP-20129,2025-01-15,Jaisalmer,misc,cash,yes,543
KP-20130,2025-01-15,Kolkata,lodging,cash,yes,182912
KP-20131,2025-01-15,Munnar,catering,bank_transfer,yes,11262
KP-20132,2025-01-15,Varanasi,props,card,yes,4058
KP-20133,2025-01-15,Munnar,equipment_hire,upi,no,72467
KP-20134,2025-01-15,Varanasi,catering,cash,yes,2517
KP-20135,2025-01-15,Varanasi,costume,card,no,29801
KP-20136,2025-01-15,Shimla,catering,cash,yes,43419
KP-20137,2025-01-15,Hampi,equipment_hire,cash,yes,55592
KP-20138,2025-01-15,Kutch,catering,upi,yes,5341
KP-20139,2025-01-15,Kutch,costume,upi,no,4726
KP-20140,2025-01-16,Kolkata,misc,bank_transfer,yes,18646
KP-20141,2025-01-16,Jaisalmer,equipment_hire,cash,no,66484
KP-20142,2025-01-16,Shimla,local_permits,cash,yes,5683
KP-20143,2025-01-16,Goa,catering,upi,yes,3808
KP-20144,2025-01-16,Jaisalmer,lodging,bank_transfer,yes,39783
KP-20145,2025-01-16,Kolkata,costume,upi,yes,1568
KP-20146,2025-01-16,Hampi,misc,upi,yes,6560
KP-20147,2025-01-16,Kolkata,props,upi,no,3950
KP-20148,2025-01-16,Munnar,costume,cash,yes,2628
KP-20149,2025-01-16,Varanasi,props,cash,yes,2018
KP-20150,2025-01-16,Munnar,catering,card,yes,16902
KP-20151,2025-01-16,Jaisalmer,equipment_hire,card,yes,61306
KP-20152,2025-01-16,Shimla,transport,cash,yes,6145
KP-20153,2025-01-17,Jaisalmer,transport,upi,yes,26344
KP-20154,2025-01-17,Munnar,lodging,bank_transfer,yes,8065
KP-20155,2025-01-17,Kutch,local_permits,cash,yes,42972
KP-20156,2025-01-17,Leh,catering,card,yes,45017
KP-20157,2025-01-17,Kolkata,props,card,no,2725
KP-20158,2025-01-17,Kolkata,transport,cash,no,12610
KP-20159,2025-01-17,Varanasi,props,cash,yes,4862
KP-20160,2025-01-17,Munnar,transport,upi,yes,11475
KP-20161,2025-01-18,Munnar,transport,upi,no,10116
KP-20162,2025-01-18,Kutch,catering,upi,yes,32468
KP-20163,2025-01-18,Kolkata,catering,cash,no,11364
KP-20164,2025-01-18,Hampi,transport,upi,yes,8755
KP-20165,2025-01-18,Goa,catering,cash,yes,18358
KP-20166,2025-01-18,Kutch,catering,cash,yes,106230
KP-20167,2025-01-18,Varanasi,catering,cash,yes,19593
KP-20168,2025-01-18,Jaisalmer,equipment_hire,bank_transfer,yes,28842
KP-20169,2025-01-18,Hampi,catering,bank_transfer,no,78180
KP-20170,2025-01-18,Jaisalmer,local_permits,cash,yes,36967
KP-20171,2025-01-18,Shimla,equipment_hire,upi,no,291351
KP-20172,2025-01-18,Munnar,local_permits,cash,no,60725
KP-20173,2025-01-18,Goa,transport,cash,yes,1228
KP-20174,2025-01-18,Goa,costume,card,yes,633
KP-20175,2025-01-18,Goa,props,cash,yes,5130
KP-20176,2025-01-18,Kolkata,transport,cash,yes,14128
KP-20177,2025-01-18,Varanasi,misc,cash,yes,433
KP-20178,2025-01-18,Hampi,misc,upi,yes,839
KP-20179,2025-01-18,Kolkata,costume,upi,yes,37380
KP-20180,2025-01-19,Munnar,equipment_hire,upi,yes,15779
KP-20181,2025-01-19,Shimla,transport,upi,no,854
KP-20182,2025-01-19,Hampi,catering,upi,yes,5899
KP-20183,2025-01-19,Munnar,catering,cash,yes,9060
KP-20184,2025-01-19,Kolkata,catering,bank_transfer,yes,16336
KP-20185,2025-01-19,Varanasi,lodging,upi,yes,82688
KP-20186,2025-01-19,Jaisalmer,catering,cash,yes,1648
KP-20187,2025-01-19,Hampi,lodging,card,yes,11964
KP-20188,2025-01-19,Munnar,misc,upi,yes,4020
KP-20189,2025-01-19,Kolkata,props,bank_transfer,yes,14213
KP-20190,2025-01-19,Munnar,props,bank_transfer,yes,3766
KP-20191,2025-01-19,Shimla,equipment_hire,cash,yes,22188
KP-20192,2025-01-19,Leh,misc,upi,yes,961
KP-20193,2025-01-19,Hampi,misc,cash,yes,9282
KP-20194,2025-01-20,Munnar,catering,cash,yes,10238
KP-20195,2025-01-20,Hampi,costume,card,yes,5002
KP-20196,2025-01-20,Leh,local_permits,cash,yes,17035
KP-20197,2025-01-20,Leh,lodging,card,yes,346819
KP-20198,2025-01-20,Hampi,misc,upi,yes,9980
KP-20199,2025-01-20,Hampi,transport,cash,no,9020
KP-20200,2025-01-20,Jaisalmer,catering,bank_transfer,yes,16126
KP-20201,2025-01-20,Varanasi,lodging,upi,yes,65967
KP-20202,2025-01-20,Leh,costume,card,yes,2205
KP-20203,2025-01-20,Leh,catering,upi,yes,11761
KP-20204,2025-01-20,Goa,local_permits,upi,yes,4935
KP-20205,2025-01-20,Kutch,transport,upi,yes,6530
KP-20206,2025-01-20,Munnar,transport,upi,yes,1250
KP-20207,2025-01-20,Shimla,costume,upi,yes,9345
KP-20208,2025-01-20,Hampi,costume,cash,yes,1281
KP-20209,2025-01-21,Hampi,local_permits,cash,yes,6254
KP-20210,2025-01-21,Goa,catering,upi,yes,9008
KP-20211,2025-01-21,Leh,costume,card,yes,9048
KP-20212,2025-01-21,Goa,transport,bank_transfer,yes,3166
KP-20213,2025-01-21,Kutch,lodging,upi,yes,15008
KP-20214,2025-01-21,Kutch,props,upi,yes,52774
KP-20215,2025-01-21,Goa,local_permits,cash,yes,14147
KP-20216,2025-01-21,Varanasi,catering,upi,no,53966
KP-20217,2025-01-21,Munnar,transport,cash,yes,4431
KP-20218,2025-01-21,Hampi,local_permits,cash,yes,1310
KP-20219,2025-01-21,Munnar,catering,bank_transfer,yes,142573
KP-20220,2025-01-21,Kutch,lodging,upi,no,78340
KP-20221,2025-01-21,Munnar,lodging,card,yes,56388
KP-20222,2025-01-21,Goa,costume,cash,yes,11666
KP-20223,2025-01-21,Varanasi,props,cash,yes,13622
KP-20224,2025-01-21,Shimla,props,cash,yes,3747
KP-20225,2025-01-21,Varanasi,transport,bank_transfer,yes,35591
KP-20226,2025-01-21,Goa,costume,upi,no,907
KP-20227,2025-01-22,Kolkata,costume,cash,yes,4486
KP-20228,2025-01-22,Shimla,equipment_hire,upi,yes,78050
KP-20229,2025-01-22,Hampi,props,upi,yes,8089
KP-20230,2025-01-22,Varanasi,catering,cash,yes,13451
KP-20231,2025-01-22,Leh,transport,bank_transfer,yes,20627
KP-20232,2025-01-22,Varanasi,transport,upi,yes,24245
KP-20233,2025-01-22,Kolkata,transport,upi,yes,12560
KP-20234,2025-01-22,Varanasi,catering,upi,no,165811
KP-20235,2025-01-22,Goa,costume,cash,yes,2171
KP-20236,2025-01-22,Kutch,local_permits,upi,yes,35369
KP-20237,2025-01-22,Jaisalmer,props,upi,yes,727
KP-20238,2025-01-22,Goa,catering,upi,yes,7613
KP-20239,2025-01-22,Jaisalmer,costume,upi,yes,11849
KP-20240,2025-01-22,Jaisalmer,catering,upi,yes,3375
KP-20241,2025-01-23,Kolkata,catering,cash,yes,12519
KP-20242,2025-01-23,Goa,costume,upi,no,2936
KP-20243,2025-01-23,Jaisalmer,catering,cash,yes,69835
KP-20244,2025-01-23,Kolkata,transport,upi,yes,5341
KP-20245,2025-01-23,Munnar,catering,card,yes,66649
KP-20246,2025-01-23,Kutch,transport,upi,yes,11980
KP-20247,2025-01-23,Munnar,transport,upi,yes,17106
KP-20248,2025-01-23,Goa,equipment_hire,upi,yes,34254
KP-20249,2025-01-23,Kutch,transport,card,no,6868
KP-20250,2025-01-23,Hampi,lodging,card,yes,12653
KP-20251,2025-01-24,Hampi,lodging,upi,yes,92007
KP-20252,2025-01-24,Goa,costume,upi,yes,8212
KP-20253,2025-01-24,Hampi,catering,bank_transfer,no,42242
KP-20254,2025-01-24,Shimla,costume,upi,yes,5648
KP-20255,2025-01-24,Jaisalmer,catering,bank_transfer,no,5714
KP-20256,2025-01-24,Goa,misc,card,yes,7324
KP-20257,2025-01-24,Varanasi,props,upi,yes,5116
KP-20258,2025-01-24,Leh,catering,card,yes,10031
KP-20259,2025-01-24,Kolkata,misc,cash,yes,1812
KP-20260,2025-01-24,Jaisalmer,local_permits,bank_transfer,yes,83678
KP-20261,2025-01-24,Hampi,costume,cash,yes,2820
KP-20262,2025-01-24,Kolkata,costume,upi,yes,7739
KP-20263,2025-01-24,Jaisalmer,transport,bank_transfer,yes,23919
KP-20264,2025-01-25,Jaisalmer,local_permits,cash,yes,31748
KP-20265,2025-01-25,Kolkata,catering,cash,yes,37629
KP-20266,2025-01-25,Kutch,catering,cash,yes,11693
KP-20267,2025-01-25,Shimla,misc,bank_transfer,yes,1662
KP-20268,2025-01-25,Shimla,costume,upi,yes,697
KP-20269,2025-01-25,Jaisalmer,misc,cash,yes,7553
KP-20270,2025-01-25,Kolkata,local_permits,cash,yes,99371
KP-20271,2025-01-25,Shimla,misc,upi,yes,9767
KP-20272,2025-01-25,Shimla,catering,bank_transfer,no,5094
KP-20273,2025-01-26,Kutch,misc,bank_transfer,yes,401
KP-20274,2025-01-26,Goa,misc,card,yes,2329
KP-20275,2025-01-26,Jaisalmer,transport,card,yes,17582
KP-20276,2025-01-26,Leh,costume,bank_transfer,no,27973
KP-20277,2025-01-26,Goa,props,cash,yes,2883
KP-20278,2025-01-26,Hampi,equipment_hire,upi,yes,74783
KP-20279,2025-01-26,Hampi,transport,card,yes,1712
KP-20280,2025-01-26,Jaisalmer,lodging,upi,yes,108814
KP-20281,2025-01-26,Shimla,transport,upi,no,7389
KP-20282,2025-01-26,Munnar,misc,upi,yes,2303
KP-20283,2025-01-26,Kutch,catering,upi,yes,7812
KP-20284,2025-01-26,Munnar,costume,upi,yes,2966
KP-20285,2025-01-26,Munnar,misc,upi,yes,7169
KP-20286,2025-01-26,Munnar,transport,upi,yes,21203
KP-20287,2025-01-27,Goa,transport,upi,yes,174334
KP-20288,2025-01-27,Kutch,catering,upi,yes,17965
KP-20289,2025-01-27,Varanasi,misc,bank_transfer,yes,1493
KP-20290,2025-01-27,Varanasi,local_permits,upi,yes,49114
KP-20291,2025-01-27,Kutch,misc,upi,yes,10845
KP-20292,2025-01-27,Kutch,catering,upi,yes,26182
KP-20293,2025-01-27,Shimla,misc,cash,yes,3715
KP-20294,2025-01-27,Shimla,equipment_hire,cash,yes,254787
KP-20295,2025-01-27,Kutch,misc,upi,yes,259
KP-20296,2025-01-27,Goa,props,upi,yes,8466
KP-20297,2025-01-27,Goa,props,upi,yes,2877
KP-20298,2025-01-27,Hampi,costume,upi,yes,1032
KP-20299,2025-01-27,Hampi,costume,card,no,1672
KP-20300,2025-01-27,Goa,catering,cash,yes,26294
KP-20301,2025-01-27,Jaisalmer,transport,card,yes,3465
KP-20302,2025-01-27,Goa,props,bank_transfer,yes,5548
KP-20303,2025-01-28,Kolkata,misc,bank_transfer,yes,7227
KP-20304,2025-01-28,Shimla,props,card,yes,5624
KP-20305,2025-01-28,Jaisalmer,misc,cash,no,4293
KP-20306,2025-01-28,Varanasi,misc,upi,yes,1143
KP-20307,2025-01-28,Hampi,catering,card,yes,1024
KP-20308,2025-01-28,Leh,catering,upi,yes,8183
KP-20309,2025-01-28,Kolkata,equipment_hire,upi,yes,70859
KP-20310,2025-01-28,Shimla,catering,upi,yes,9421
KP-20311,2025-01-28,Leh,transport,cash,yes,3914
KP-20312,2025-01-28,Leh,equipment_hire,cash,yes,60209
KP-20313,2025-01-28,Munnar,transport,cash,yes,16308
KP-20314,2025-01-29,Kolkata,equipment_hire,upi,no,51588
KP-20315,2025-01-29,Goa,transport,card,yes,16608
KP-20316,2025-01-29,Kutch,costume,cash,yes,56562
KP-20317,2025-01-29,Goa,catering,bank_transfer,yes,24621
KP-20318,2025-01-29,Hampi,transport,bank_transfer,yes,28919
KP-20319,2025-01-29,Varanasi,catering,card,yes,9681
KP-20320,2025-01-29,Jaisalmer,local_permits,cash,no,2841
KP-20321,2025-01-29,Leh,misc,cash,yes,715
KP-20322,2025-01-29,Hampi,props,cash,yes,3768
KP-20323,2025-01-29,Shimla,local_permits,card,yes,13973
KP-20324,2025-01-30,Goa,costume,cash,yes,1667
KP-20325,2025-01-30,Goa,props,upi,yes,10954
KP-20326,2025-01-30,Shimla,transport,bank_transfer,no,6193
KP-20327,2025-01-30,Shimla,costume,upi,yes,1044
KP-20328,2025-01-30,Munnar,props,cash,yes,60778
KP-20329,2025-01-30,Kutch,props,cash,no,2629
KP-20330,2025-01-30,Munnar,misc,bank_transfer,no,918
KP-20331,2025-01-30,Kutch,costume,bank_transfer,yes,6180
KP-20332,2025-01-30,Varanasi,transport,cash,no,5097
KP-20333,2025-01-30,Varanasi,local_permits,card,yes,14965
KP-20334,2025-01-31,Jaisalmer,transport,upi,yes,4554
KP-20335,2025-01-31,Goa,props,cash,no,10165
KP-20336,2025-01-31,Jaisalmer,props,bank_transfer,no,14659
KP-20337,2025-01-31,Shimla,misc,bank_transfer,yes,3803
KP-20338,2025-01-31,Goa,transport,upi,yes,3281
KP-20339,2025-01-31,Jaisalmer,transport,upi,yes,7252
KP-20340,2025-01-31,Kutch,props,cash,yes,3777
KP-20341,2025-01-31,Jaisalmer,costume,cash,yes,1615
KP-20342,2025-01-31,Jaisalmer,props,cash,yes,6554
KP-20343,2025-02-01,Leh,misc,bank_transfer,no,1032
KP-20344,2025-02-01,Kutch,props,upi,yes,5337
KP-20345,2025-02-01,Shimla,local_permits,upi,yes,5804
KP-20346,2025-02-01,Hampi,catering,upi,yes,3308
KP-20347,2025-02-01,Varanasi,props,bank_transfer,yes,3885
KP-20348,2025-02-01,Munnar,props,card,no,17097
KP-20349,2025-02-01,Hampi,transport,upi,yes,5132
KP-20350,2025-02-01,Goa,transport,upi,yes,10132
KP-20351,2025-02-01,Shimla,transport,bank_transfer,yes,3117
KP-20352,2025-02-01,Kutch,misc,cash,yes,1851
KP-20353,2025-02-01,Munnar,props,card,no,5840
KP-20354,2025-02-01,Goa,lodging,upi,yes,116245
KP-20355,2025-02-01,Kutch,misc,bank_transfer,yes,3609
KP-20356,2025-02-01,Hampi,transport,upi,yes,56452
KP-20357,2025-02-01,Leh,catering,upi,yes,4079
KP-20358,2025-02-01,Munnar,catering,cash,yes,7024
KP-20359,2025-02-01,Leh,misc,cash,yes,483
KP-20360,2025-02-02,Goa,props,upi,yes,3347
KP-20361,2025-02-02,Shimla,misc,bank_transfer,yes,1456
KP-20362,2025-02-02,Hampi,props,upi,yes,2958
KP-20363,2025-02-02,Jaisalmer,transport,cash,yes,4790
KP-20364,2025-02-02,Shimla,catering,upi,no,37113
KP-20365,2025-02-02,Leh,catering,bank_transfer,no,3117
KP-20366,2025-02-02,Shimla,transport,upi,yes,23117
KP-20367,2025-02-03,Kutch,lodging,cash,yes,10444
KP-20368,2025-02-03,Hampi,costume,cash,yes,273
KP-20369,2025-02-03,Jaisalmer,props,cash,yes,7953
KP-20370,2025-02-03,Kolkata,costume,upi,yes,19453
KP-20371,2025-02-03,Varanasi,props,upi,yes,1428
KP-20372,2025-02-03,Hampi,catering,cash,yes,9816
KP-20373,2025-02-03,Jaisalmer,misc,cash,yes,756
KP-20374,2025-02-03,Jaisalmer,misc,upi,yes,2211
KP-20375,2025-02-03,Kutch,catering,cash,yes,58261
KP-20376,2025-02-03,Goa,costume,cash,yes,7307
KP-20377,2025-02-03,Kutch,misc,cash,yes,9502
KP-20378,2025-02-03,Shimla,misc,upi,yes,1873
KP-20379,2025-02-03,Goa,transport,cash,yes,7060
KP-20380,2025-02-03,Kolkata,transport,upi,yes,55647
KP-20381,2025-02-03,Jaisalmer,transport,upi,yes,14556
KP-20382,2025-02-03,Hampi,catering,bank_transfer,yes,37256
KP-20383,2025-02-03,Leh,transport,cash,yes,11746
KP-20384,2025-02-03,Kutch,catering,upi,yes,23933
KP-20385,2025-02-03,Jaisalmer,catering,upi,yes,19926
KP-20386,2025-02-04,Kolkata,catering,upi,yes,35726
KP-20387,2025-02-04,Shimla,transport,cash,yes,165403
KP-20388,2025-02-04,Varanasi,lodging,upi,yes,21388
KP-20389,2025-02-04,Hampi,catering,upi,yes,90207
KP-20390,2025-02-04,Goa,props,bank_transfer,no,27500
KP-20391,2025-02-04,Munnar,equipment_hire,upi,no,52287
KP-20392,2025-02-04,Jaisalmer,transport,upi,yes,41991
KP-20393,2025-02-04,Kutch,transport,bank_transfer,no,14939
KP-20394,2025-02-04,Munnar,lodging,card,yes,22110
KP-20395,2025-02-04,Goa,costume,upi,no,24748
KP-20396,2025-02-04,Leh,transport,card,no,38560
KP-20397,2025-02-04,Goa,props,cash,yes,10157
KP-20398,2025-02-04,Goa,equipment_hire,cash,yes,47342
KP-20399,2025-02-04,Leh,catering,cash,yes,31107
KP-20400,2025-02-04,Hampi,local_permits,cash,yes,9320
KP-20401,2025-02-04,Jaisalmer,transport,bank_transfer,yes,12353
KP-20402,2025-02-04,Varanasi,transport,bank_transfer,no,20820
KP-20403,2025-02-04,Shimla,lodging,cash,yes,33227
KP-20404,2025-02-05,Jaisalmer,equipment_hire,cash,yes,16097
KP-20405,2025-02-05,Leh,transport,card,yes,90868
KP-20406,2025-02-05,Munnar,local_permits,cash,yes,13613
KP-20407,2025-02-05,Goa,costume,upi,yes,6095
KP-20408,2025-02-05,Shimla,props,upi,yes,3210
KP-20409,2025-02-05,Jaisalmer,catering,upi,yes,69779
KP-20410,2025-02-05,Shimla,catering,card,yes,21717
KP-20411,2025-02-05,Jaisalmer,catering,bank_transfer,yes,24053
KP-20412,2025-02-05,Goa,props,upi,yes,3808
KP-20413,2025-02-05,Shimla,props,bank_transfer,yes,21528
KP-20414,2025-02-05,Leh,transport,cash,no,4499
KP-20415,2025-02-05,Kutch,costume,cash,yes,923
KP-20416,2025-02-05,Leh,lodging,upi,yes,60217
KP-20417,2025-02-05,Jaisalmer,transport,upi,yes,3823
KP-20418,2025-02-05,Kutch,catering,cash,yes,10440
KP-20419,2025-02-05,Leh,catering,cash,yes,6342
KP-20420,2025-02-05,Jaisalmer,props,cash,yes,2870
KP-20421,2025-02-06,Jaisalmer,catering,upi,yes,14798
KP-20422,2025-02-06,Jaisalmer,props,cash,no,14842
KP-20423,2025-02-06,Jaisalmer,equipment_hire,upi,yes,58744
KP-20424,2025-02-06,Varanasi,misc,cash,yes,1152
KP-20425,2025-02-06,Shimla,equipment_hire,cash,yes,20755
KP-20426,2025-02-06,Munnar,transport,card,yes,66566
KP-20427,2025-02-06,Leh,transport,upi,yes,7064
KP-20428,2025-02-06,Jaisalmer,equipment_hire,upi,yes,26135
KP-20429,2025-02-06,Leh,misc,upi,no,7392
KP-20430,2025-02-06,Munnar,transport,bank_transfer,yes,4989
KP-20431,2025-02-06,Jaisalmer,lodging,card,yes,69148
KP-20432,2025-02-06,Goa,local_permits,card,no,7819
KP-20433,2025-02-06,Varanasi,props,cash,yes,2638
KP-20434,2025-02-06,Kutch,lodging,upi,yes,54724
KP-20435,2025-02-07,Kolkata,props,card,no,7637
KP-20436,2025-02-07,Kutch,costume,upi,yes,6187
KP-20437,2025-02-07,Varanasi,costume,bank_transfer,yes,48136
KP-20438,2025-02-07,Leh,catering,card,yes,2633
KP-20439,2025-02-07,Munnar,catering,cash,yes,44214
KP-20440,2025-02-07,Goa,catering,upi,yes,21044
KP-20441,2025-02-07,Goa,misc,upi,yes,5255
KP-20442,2025-02-07,Jaisalmer,local_permits,upi,yes,186880
KP-20443,2025-02-07,Munnar,catering,card,yes,14170
KP-20444,2025-02-07,Kolkata,equipment_hire,cash,yes,14290
KP-20445,2025-02-07,Jaisalmer,local_permits,upi,yes,32857
KP-20446,2025-02-07,Leh,lodging,upi,yes,99192
KP-20447,2025-02-07,Kolkata,equipment_hire,cash,yes,3734
KP-20448,2025-02-07,Shimla,catering,bank_transfer,yes,59293
KP-20449,2025-02-07,Leh,costume,cash,yes,9043
KP-20450,2025-02-07,Goa,transport,card,yes,5540
KP-20451,2025-02-07,Leh,transport,card,yes,19521
KP-20452,2025-02-08,Munnar,lodging,upi,yes,13860
KP-20453,2025-02-08,Varanasi,catering,upi,yes,17440
KP-20454,2025-02-08,Leh,equipment_hire,cash,yes,24394
KP-20455,2025-02-08,Shimla,misc,card,no,772
KP-20456,2025-02-08,Kolkata,costume,card,yes,3126
KP-20457,2025-02-08,Jaisalmer,local_permits,upi,yes,24154
KP-20458,2025-02-08,Kolkata,lodging,cash,yes,101228
KP-20459,2025-02-08,Jaisalmer,props,cash,yes,5120
KP-20460,2025-02-08,Jaisalmer,lodging,cash,yes,30307
KP-20461,2025-02-08,Goa,props,cash,yes,14614
KP-20462,2025-02-08,Jaisalmer,costume,upi,yes,3774
KP-20463,2025-02-08,Goa,lodging,cash,yes,116582
KP-20464,2025-02-09,Munnar,props,cash,no,2327
KP-20465,2025-02-09,Jaisalmer,costume,bank_transfer,no,1573
KP-20466,2025-02-09,Munnar,local_permits,cash,yes,12101
KP-20467,2025-02-09,Varanasi,catering,upi,yes,77761
KP-20468,2025-02-09,Hampi,catering,upi,yes,17646
KP-20469,2025-02-09,Munnar,misc,cash,yes,364
KP-20470,2025-02-09,Hampi,catering,cash,yes,29497
KP-20471,2025-02-09,Varanasi,catering,upi,yes,100748
KP-20472,2025-02-09,Goa,transport,upi,yes,6310
KP-20473,2025-02-09,Kolkata,transport,upi,yes,70488
KP-20474,2025-02-09,Varanasi,lodging,cash,yes,77333
KP-20475,2025-02-09,Kolkata,costume,cash,yes,2321
KP-20476,2025-02-09,Kolkata,props,upi,yes,36746
KP-20477,2025-02-09,Hampi,lodging,cash,yes,227513
KP-20478,2025-02-10,Leh,costume,upi,yes,788
KP-20479,2025-02-10,Goa,transport,bank_transfer,yes,9767
KP-20480,2025-02-10,Munnar,catering,cash,no,46122
KP-20481,2025-02-10,Shimla,misc,card,yes,1214
KP-20482,2025-02-10,Shimla,equipment_hire,cash,yes,80321
KP-20483,2025-02-10,Kolkata,transport,upi,yes,11112
KP-20484,2025-02-10,Shimla,costume,bank_transfer,yes,10031
KP-20485,2025-02-10,Kutch,props,upi,yes,19945
KP-20486,2025-02-10,Hampi,local_permits,upi,yes,34810
KP-20487,2025-02-10,Munnar,catering,upi,yes,8868
KP-20488,2025-02-10,Kutch,catering,upi,yes,5028
KP-20489,2025-02-10,Kutch,lodging,cash,yes,21257
KP-20490,2025-02-10,Shimla,catering,upi,yes,12669
KP-20491,2025-02-11,Goa,transport,cash,yes,10113
KP-20492,2025-02-11,Leh,transport,upi,yes,631
KP-20493,2025-02-11,Jaisalmer,costume,upi,yes,1618
KP-20494,2025-02-11,Kolkata,misc,card,yes,846
KP-20495,2025-02-11,Kutch,transport,card,yes,12683
KP-20496,2025-02-11,Shimla,equipment_hire,cash,yes,72885
KP-20497,2025-02-11,Hampi,props,bank_transfer,yes,30752
KP-20498,2025-02-11,Leh,catering,cash,no,87774
KP-20499,2025-02-11,Kutch,local_permits,cash,yes,104668
KP-20500,2025-02-11,Shimla,equipment_hire,upi,yes,94703
KP-20501,2025-02-11,Hampi,transport,bank_transfer,yes,6932
KP-20502,2025-02-11,Goa,transport,bank_transfer,yes,37556
KP-20503,2025-02-11,Leh,transport,card,yes,4329
KP-20504,2025-02-11,Kutch,lodging,cash,yes,24572
KP-20505,2025-02-11,Kolkata,transport,card,yes,47583
KP-20506,2025-02-11,Hampi,transport,card,yes,9247
KP-20507,2025-02-12,Varanasi,catering,upi,yes,16524
KP-20508,2025-02-12,Kutch,misc,card,yes,1529
KP-20509,2025-02-12,Shimla,catering,bank_transfer,yes,9329
KP-20510,2025-02-12,Munnar,catering,upi,yes,23132
KP-20511,2025-02-12,Shimla,transport,bank_transfer,yes,4028
KP-20512,2025-02-12,Hampi,lodging,bank_transfer,yes,5558
KP-20513,2025-02-12,Shimla,lodging,cash,yes,38928
KP-20514,2025-02-12,Kutch,catering,bank_transfer,no,10178
KP-20515,2025-02-12,Shimla,misc,card,yes,734
KP-20516,2025-02-12,Jaisalmer,transport,upi,yes,10252
KP-20517,2025-02-12,Jaisalmer,props,card,yes,9526
KP-20518,2025-02-12,Kolkata,misc,upi,yes,6018
KP-20519,2025-02-12,Shimla,props,cash,yes,7007
KP-20520,2025-02-13,Kutch,transport,card,yes,2739
KP-20521,2025-02-13,Kutch,transport,upi,yes,8436
KP-20522,2025-02-13,Jaisalmer,equipment_hire,upi,yes,140799
KP-20523,2025-02-13,Shimla,local_permits,upi,yes,105666
KP-20524,2025-02-13,Shimla,costume,upi,yes,449
KP-20525,2025-02-13,Leh,lodging,cash,yes,20121
KP-20526,2025-02-13,Goa,catering,upi,yes,19313
KP-20527,2025-02-13,Munnar,costume,cash,yes,1111
KP-20528,2025-02-13,Kolkata,equipment_hire,card,yes,89194
KP-20529,2025-02-14,Kutch,lodging,cash,yes,190619
KP-20530,2025-02-14,Varanasi,misc,upi,yes,435
KP-20531,2025-02-14,Kolkata,costume,upi,yes,6982
KP-20532,2025-02-14,Hampi,catering,upi,yes,61545
KP-20533,2025-02-14,Shimla,equipment_hire,upi,yes,128466
KP-20534,2025-02-14,Munnar,costume,upi,yes,6570
KP-20535,2025-02-14,Hampi,catering,upi,yes,7242
KP-20536,2025-02-14,Shimla,transport,cash,yes,43525
KP-20537,2025-02-14,Goa,equipment_hire,bank_transfer,yes,4807
KP-20538,2025-02-14,Hampi,props,bank_transfer,yes,6276
KP-20539,2025-02-14,Leh,equipment_hire,upi,yes,172770
KP-20540,2025-02-14,Munnar,costume,cash,no,25439
KP-20541,2025-02-14,Shimla,props,upi,yes,13651
KP-20542,2025-02-14,Goa,catering,cash,yes,7343
KP-20543,2025-02-14,Varanasi,catering,cash,yes,34430
KP-20544,2025-02-15,Jaisalmer,lodging,upi,no,80467
KP-20545,2025-02-15,Hampi,catering,cash,yes,6695
KP-20546,2025-02-15,Varanasi,transport,bank_transfer,yes,3163
KP-20547,2025-02-15,Hampi,transport,upi,no,14645
KP-20548,2025-02-15,Jaisalmer,equipment_hire,cash,yes,16500
KP-20549,2025-02-15,Kolkata,catering,cash,yes,23031
KP-20550,2025-02-15,Leh,catering,cash,no,13678
KP-20551,2025-02-15,Jaisalmer,transport,cash,yes,22781
KP-20552,2025-02-15,Hampi,transport,cash,yes,46649
KP-20553,2025-02-15,Jaisalmer,catering,upi,yes,29407
KP-20554,2025-02-15,Munnar,misc,cash,yes,10313
KP-20555,2025-02-15,Hampi,misc,card,yes,877
KP-20556,2025-02-15,Hampi,transport,upi,yes,82603
KP-20557,2025-02-15,Shimla,transport,cash,yes,4576
KP-20558,2025-02-15,Kolkata,misc,card,no,1067
KP-20559,2025-02-16,Hampi,equipment_hire,upi,yes,33059
KP-20560,2025-02-16,Kutch,costume,cash,yes,543
KP-20561,2025-02-16,Kutch,local_permits,cash,no,207562
KP-20562,2025-02-16,Jaisalmer,transport,cash,yes,5154
KP-20563,2025-02-16,Varanasi,transport,bank_transfer,yes,10469
KP-20564,2025-02-16,Kolkata,costume,upi,yes,3539
KP-20565,2025-02-16,Shimla,equipment_hire,cash,yes,36005
KP-20566,2025-02-16,Munnar,lodging,cash,yes,76486
KP-20567,2025-02-16,Jaisalmer,catering,cash,no,22877
KP-20568,2025-02-16,Shimla,transport,upi,yes,66878
KP-20569,2025-02-16,Kolkata,transport,bank_transfer,no,5685
KP-20570,2025-02-16,Hampi,transport,upi,yes,6876
KP-20571,2025-02-16,Varanasi,misc,cash,yes,8054
KP-20572,2025-02-16,Kutch,misc,bank_transfer,yes,1284
KP-20573,2025-02-17,Shimla,catering,upi,yes,13277
KP-20574,2025-02-17,Hampi,equipment_hire,upi,yes,65127
KP-20575,2025-02-17,Kutch,transport,cash,yes,34183
KP-20576,2025-02-17,Munnar,transport,upi,yes,5392
KP-20577,2025-02-17,Jaisalmer,lodging,card,yes,35208
KP-20578,2025-02-17,Shimla,transport,upi,yes,3057
KP-20579,2025-02-17,Kolkata,transport,bank_transfer,yes,746
KP-20580,2025-02-17,Jaisalmer,lodging,cash,yes,14540
KP-20581,2025-02-17,Hampi,transport,card,yes,8251
KP-20582,2025-02-17,Kolkata,catering,cash,yes,64429
KP-20583,2025-02-17,Kutch,props,upi,yes,4267
KP-20584,2025-02-18,Goa,equipment_hire,cash,yes,34393
KP-20585,2025-02-18,Hampi,lodging,card,yes,52456
KP-20586,2025-02-18,Leh,transport,card,yes,1274
KP-20587,2025-02-18,Hampi,transport,bank_transfer,yes,1284
KP-20588,2025-02-18,Shimla,catering,upi,yes,60609
KP-20589,2025-02-18,Goa,misc,cash,yes,4216
KP-20590,2025-02-18,Leh,transport,upi,yes,5303
KP-20591,2025-02-18,Leh,misc,upi,no,8177
KP-20592,2025-02-18,Varanasi,costume,bank_transfer,yes,2028
KP-20593,2025-02-18,Varanasi,transport,upi,no,1824
KP-20594,2025-02-18,Kolkata,props,cash,yes,2765
KP-20595,2025-02-18,Kolkata,transport,upi,yes,5999
KP-20596,2025-02-19,Kutch,catering,card,yes,35331
KP-20597,2025-02-19,Varanasi,costume,upi,yes,3755
KP-20598,2025-02-19,Jaisalmer,costume,upi,no,3608
KP-20599,2025-02-19,Goa,lodging,bank_transfer,yes,34375
KP-20600,2025-02-19,Jaisalmer,catering,upi,yes,15094
KP-20601,2025-02-19,Leh,lodging,card,yes,49830
KP-20602,2025-02-19,Varanasi,misc,cash,yes,705
KP-20603,2025-02-19,Jaisalmer,costume,cash,yes,1491
KP-20604,2025-02-19,Varanasi,transport,cash,yes,10018
KP-20605,2025-02-19,Hampi,transport,bank_transfer,yes,576
KP-20606,2025-02-19,Leh,props,cash,yes,4334
KP-20607,2025-02-19,Kolkata,transport,bank_transfer,yes,11683
KP-20608,2025-02-19,Goa,costume,upi,yes,1790
KP-20609,2025-02-19,Kutch,costume,cash,yes,2149
KP-20610,2025-02-19,Varanasi,transport,upi,yes,5824
KP-20611,2025-02-19,Goa,props,cash,yes,484
KP-20612,2025-02-20,Jaisalmer,lodging,bank_transfer,yes,53183
KP-20613,2025-02-20,Varanasi,costume,cash,yes,3516
KP-20614,2025-02-20,Shimla,lodging,cash,yes,19989
KP-20615,2025-02-20,Hampi,transport,card,yes,75549
KP-20616,2025-02-20,Jaisalmer,misc,upi,yes,6238
KP-20617,2025-02-20,Shimla,misc,cash,yes,532
KP-20618,2025-02-20,Goa,lodging,upi,no,13635
KP-20619,2025-02-20,Goa,transport,bank_transfer,yes,3005
KP-20620,2025-02-20,Kutch,catering,cash,yes,33046
KP-20621,2025-02-20,Jaisalmer,costume,cash,yes,2963
KP-20622,2025-02-20,Munnar,catering,bank_transfer,yes,3081
KP-20623,2025-02-20,Goa,transport,cash,yes,38347
KP-20624,2025-02-20,Kolkata,catering,cash,yes,9812
KP-20625,2025-02-20,Goa,catering,cash,no,17772
KP-20626,2025-02-20,Kolkata,costume,bank_transfer,yes,5783
KP-20627,2025-02-20,Shimla,local_permits,bank_transfer,yes,83285
KP-20628,2025-02-20,Leh,props,card,yes,3338
KP-20629,2025-02-20,Jaisalmer,catering,cash,yes,44270
KP-20630,2025-02-21,Shimla,equipment_hire,upi,yes,42805
KP-20631,2025-02-21,Kutch,misc,card,yes,31940
KP-20632,2025-02-21,Hampi,transport,bank_transfer,no,9086
KP-20633,2025-02-21,Varanasi,catering,bank_transfer,yes,37463
KP-20634,2025-02-21,Varanasi,catering,card,yes,13428
KP-20635,2025-02-21,Kutch,misc,bank_transfer,yes,373
KP-20636,2025-02-21,Varanasi,props,upi,yes,2452
KP-20637,2025-02-21,Kutch,catering,cash,yes,14103
KP-20638,2025-02-21,Leh,misc,cash,no,6062
KP-20639,2025-02-21,Leh,lodging,upi,yes,12361
KP-20640,2025-02-21,Jaisalmer,props,upi,yes,7299
KP-20641,2025-02-21,Munnar,props,cash,no,1302
KP-20642,2025-02-21,Munnar,local_permits,upi,yes,6373
KP-20643,2025-02-21,Kolkata,transport,upi,yes,1449
KP-20644,2025-02-21,Shimla,costume,bank_transfer,yes,21813
KP-20645,2025-02-21,Hampi,props,cash,yes,91959
KP-20646,2025-02-21,Kutch,local_permits,bank_transfer,yes,4413
KP-20647,2025-02-21,Munnar,misc,upi,yes,3409
KP-20648,2025-02-22,Munnar,lodging,card,yes,63776
KP-20649,2025-02-22,Shimla,lodging,upi,yes,36763
KP-20650,2025-02-22,Jaisalmer,transport,cash,yes,2505
KP-20651,2025-02-22,Kutch,lodging,cash,yes,257810
KP-20652,2025-02-22,Kolkata,equipment_hire,upi,yes,63304
KP-20653,2025-02-22,Varanasi,costume,upi,yes,5396
KP-20654,2025-02-22,Kolkata,props,upi,yes,12093
KP-20655,2025-02-22,Shimla,catering,upi,yes,53723
KP-20656,2025-02-22,Jaisalmer,costume,cash,no,26662
KP-20657,2025-02-22,Munnar,transport,bank_transfer,yes,5349
KP-20658,2025-02-22,Munnar,misc,bank_transfer,yes,1456
KP-20659,2025-02-22,Munnar,costume,bank_transfer,yes,32435
KP-20660,2025-02-22,Goa,misc,upi,yes,1243
KP-20661,2025-02-22,Shimla,transport,bank_transfer,yes,4471
KP-20662,2025-02-22,Leh,transport,cash,no,11628
KP-20663,2025-02-22,Shimla,costume,cash,yes,154612
KP-20664,2025-02-23,Jaisalmer,catering,cash,yes,29480
KP-20665,2025-02-23,Shimla,costume,cash,no,4536
KP-20666,2025-02-23,Leh,catering,bank_transfer,yes,4367
KP-20667,2025-02-23,Jaisalmer,lodging,card,yes,95480
KP-20668,2025-02-23,Jaisalmer,catering,cash,yes,14949
KP-20669,2025-02-23,Hampi,costume,upi,yes,41238
KP-20670,2025-02-23,Kolkata,lodging,upi,yes,43411
KP-20671,2025-02-23,Varanasi,local_permits,cash,yes,19314
KP-20672,2025-02-23,Varanasi,costume,cash,yes,20060
KP-20673,2025-02-23,Kutch,misc,upi,yes,538
KP-20674,2025-02-23,Varanasi,costume,upi,no,8035
KP-20675,2025-02-23,Kolkata,transport,card,yes,38582
KP-20676,2025-02-23,Kolkata,misc,cash,yes,2053
KP-20677,2025-02-24,Kutch,props,upi,yes,6737
KP-20678,2025-02-24,Kutch,props,cash,yes,35150
KP-20679,2025-02-24,Jaisalmer,misc,cash,yes,11618
KP-20680,2025-02-24,Kolkata,props,bank_transfer,yes,1159
KP-20681,2025-02-24,Jaisalmer,misc,upi,yes,23105
KP-20682,2025-02-24,Kutch,catering,upi,yes,12765
KP-20683,2025-02-24,Hampi,costume,cash,yes,4249
KP-20684,2025-02-24,Varanasi,equipment_hire,upi,no,37954
KP-20685,2025-02-24,Varanasi,costume,card,no,4008
KP-20686,2025-02-24,Goa,costume,cash,yes,21975
KP-20687,2025-02-24,Kolkata,props,upi,yes,57941
KP-20688,2025-02-24,Varanasi,costume,card,yes,15799
KP-20689,2025-02-25,Goa,costume,cash,no,7207
KP-20690,2025-02-25,Leh,costume,cash,yes,20869
KP-20691,2025-02-25,Kutch,costume,cash,yes,2605
KP-20692,2025-02-25,Munnar,catering,upi,yes,2823
KP-20693,2025-02-25,Goa,lodging,card,yes,38485
KP-20694,2025-02-25,Kutch,equipment_hire,upi,yes,155579
KP-20695,2025-02-25,Goa,transport,upi,no,7870
KP-20696,2025-02-25,Munnar,props,upi,no,1951
KP-20697,2025-02-25,Goa,lodging,bank_transfer,yes,23576
KP-20698,2025-02-25,Varanasi,transport,card,yes,6389
KP-20699,2025-02-25,Munnar,transport,cash,yes,4588
KP-20700,2025-02-25,Kolkata,props,upi,yes,2476
KP-20701,2025-02-25,Jaisalmer,catering,upi,yes,4896
KP-20702,2025-02-25,Jaisalmer,transport,card,yes,13018
KP-20703,2025-02-25,Kutch,catering,cash,yes,14151
KP-20704,2025-02-25,Kolkata,catering,cash,yes,6445
KP-20705,2025-02-25,Shimla,catering,cash,yes,5798
KP-20706,2025-02-25,Munnar,props,bank_transfer,yes,3742
KP-20707,2025-02-25,Kutch,lodging,bank_transfer,yes,69709
KP-20708,2025-02-25,Varanasi,local_permits,card,yes,15870
KP-20709,2025-02-25,Varanasi,local_permits,cash,yes,26995
KP-20710,2025-02-26,Leh,transport,cash,yes,8737
KP-20711,2025-02-26,Goa,local_permits,cash,yes,4913
KP-20712,2025-02-26,Jaisalmer,transport,cash,yes,1207
KP-20713,2025-02-26,Leh,lodging,upi,yes,39033
KP-20714,2025-02-26,Jaisalmer,costume,bank_transfer,yes,1284
KP-20715,2025-02-26,Goa,equipment_hire,bank_transfer,yes,8761
KP-20716,2025-02-26,Kolkata,local_permits,cash,yes,2616
KP-20717,2025-02-26,Kolkata,catering,cash,yes,25822
KP-20718,2025-02-26,Leh,props,card,yes,1486
KP-20719,2025-02-26,Jaisalmer,equipment_hire,cash,yes,93524
KP-20720,2025-02-26,Varanasi,misc,bank_transfer,yes,2301
KP-20721,2025-02-26,Varanasi,catering,bank_transfer,yes,5408
KP-20722,2025-02-26,Goa,transport,card,yes,45537
KP-20723,2025-02-26,Goa,props,upi,yes,4233
KP-20724,2025-02-26,Goa,costume,upi,yes,17561
KP-20725,2025-02-26,Hampi,catering,bank_transfer,yes,2705
KP-20726,2025-02-27,Shimla,catering,upi,yes,86647
KP-20727,2025-02-27,Kutch,catering,upi,no,30115
KP-20728,2025-02-27,Munnar,props,cash,yes,6345
KP-20729,2025-02-27,Shimla,lodging,upi,yes,33306
KP-20730,2025-02-27,Jaisalmer,costume,bank_transfer,yes,16809
KP-20731,2025-02-27,Munnar,transport,upi,yes,10584
KP-20732,2025-02-27,Varanasi,lodging,cash,yes,40020
KP-20733,2025-02-27,Kolkata,costume,upi,no,7163
KP-20734,2025-02-27,Munnar,costume,bank_transfer,yes,4958
KP-20735,2025-02-27,Leh,props,upi,yes,7958
KP-20736,2025-02-27,Hampi,local_permits,cash,yes,85484
KP-20737,2025-02-27,Munnar,misc,card,no,1694
KP-20738,2025-02-27,Shimla,equipment_hire,upi,no,35611
KP-20739,2025-02-27,Kolkata,catering,upi,yes,2855
KP-20740,2025-02-27,Varanasi,costume,upi,yes,4277
KP-20741,2025-02-27,Goa,equipment_hire,upi,yes,87127
KP-20742,2025-02-27,Hampi,equipment_hire,upi,yes,57309
KP-20743,2025-02-27,Shimla,costume,cash,yes,14751
KP-20744,2025-02-28,Varanasi,misc,bank_transfer,yes,10422
KP-20745,2025-02-28,Goa,equipment_hire,upi,yes,17381
KP-20746,2025-02-28,Leh,catering,upi,yes,5669
KP-20747,2025-02-28,Shimla,misc,bank_transfer,yes,879
KP-20748,2025-02-28,Munnar,misc,upi,yes,1600
KP-20749,2025-02-28,Jaisalmer,props,cash,yes,5002
KP-20750,2025-02-28,Shimla,equipment_hire,upi,yes,12918
KP-20751,2025-02-28,Goa,lodging,card,yes,38688
KP-20752,2025-02-28,Kolkata,catering,upi,no,20317
KP-20753,2025-02-28,Kutch,misc,cash,yes,1912
KP-20754,2025-02-28,Goa,costume,upi,yes,7673
KP-20755,2025-02-28,Kutch,catering,card,no,23891
KP-20756,2025-02-28,Kutch,costume,card,yes,1515
KP-20757,2025-02-28,Munnar,props,bank_transfer,yes,177155
KP-20758,2025-03-01,Kolkata,local_permits,cash,yes,11123
KP-20759,2025-03-01,Varanasi,lodging,bank_transfer,no,46091
KP-20760,2025-03-01,Kolkata,transport,upi,yes,4567
KP-20761,2025-03-01,Munnar,catering,card,yes,29660
KP-20762,2025-03-01,Kutch,catering,upi,yes,17497
KP-20763,2025-03-01,Shimla,transport,bank_transfer,yes,1626
KP-20764,2025-03-01,Hampi,catering,bank_transfer,yes,4417
KP-20765,2025-03-01,Leh,lodging,card,yes,39137
KP-20766,2025-03-01,Kolkata,costume,upi,yes,8445
KP-20767,2025-03-01,Hampi,props,bank_transfer,yes,5036
KP-20768,2025-03-02,Varanasi,transport,upi,yes,27517
KP-20769,2025-03-02,Kutch,misc,card,yes,885
KP-20770,2025-03-02,Varanasi,catering,upi,yes,9979
KP-20771,2025-03-02,Kutch,costume,cash,yes,2479
KP-20772,2025-03-02,Munnar,catering,upi,yes,7014
KP-20773,2025-03-02,Jaisalmer,props,upi,yes,4901
KP-20774,2025-03-02,Hampi,catering,upi,yes,9329
KP-20775,2025-03-02,Kutch,transport,upi,yes,90991
KP-20776,2025-03-02,Jaisalmer,local_permits,card,yes,41371
KP-20777,2025-03-02,Shimla,transport,cash,yes,5823
KP-20778,2025-03-02,Shimla,local_permits,upi,no,3497
KP-20779,2025-03-02,Varanasi,catering,cash,yes,4641
KP-20780,2025-03-02,Jaisalmer,lodging,upi,yes,88277
KP-20781,2025-03-02,Hampi,transport,upi,yes,8757
KP-20782,2025-03-02,Kolkata,catering,upi,yes,29538
KP-20783,2025-03-02,Leh,catering,cash,yes,25580
KP-20784,2025-03-02,Leh,equipment_hire,cash,yes,21480
KP-20785,2025-03-03,Varanasi,catering,card,yes,15966
KP-20786,2025-03-03,Varanasi,equipment_hire,bank_transfer,yes,47031
KP-20787,2025-03-03,Kutch,transport,upi,no,21028
KP-20788,2025-03-03,Varanasi,equipment_hire,bank_transfer,yes,82130
KP-20789,2025-03-03,Hampi,local_permits,cash,yes,3238
KP-20790,2025-03-03,Shimla,lodging,upi,yes,158689
KP-20791,2025-03-03,Varanasi,misc,cash,yes,1829
KP-20792,2025-03-03,Kolkata,catering,upi,yes,8394
KP-20793,2025-03-03,Hampi,catering,upi,yes,2713
KP-20794,2025-03-03,Leh,props,bank_transfer,yes,993
KP-20795,2025-03-03,Jaisalmer,lodging,cash,yes,38167
KP-20796,2025-03-03,Varanasi,catering,upi,yes,12593
KP-20797,2025-03-03,Goa,misc,bank_transfer,yes,12887
KP-20798,2025-03-03,Varanasi,catering,bank_transfer,yes,13045
KP-20799,2025-03-04,Hampi,transport,upi,yes,9405
KP-20800,2025-03-04,Munnar,catering,card,yes,1206
KP-20801,2025-03-04,Goa,props,card,yes,41743
KP-20802,2025-03-04,Jaisalmer,transport,cash,yes,244591
KP-20803,2025-03-04,Jaisalmer,props,upi,yes,775
KP-20804,2025-03-04,Kutch,transport,upi,yes,21417
KP-20805,2025-03-04,Kolkata,transport,cash,yes,5088
KP-20806,2025-03-04,Munnar,equipment_hire,card,yes,225660
KP-20807,2025-03-04,Kolkata,equipment_hire,cash,yes,14277
KP-20808,2025-03-04,Varanasi,catering,bank_transfer,yes,6068
KP-20809,2025-03-04,Shimla,misc,cash,yes,9341
KP-20810,2025-03-04,Hampi,equipment_hire,cash,yes,49569
KP-20811,2025-03-04,Kolkata,catering,upi,yes,21074
KP-20812,2025-03-04,Leh,catering,bank_transfer,yes,8554
KP-20813,2025-03-04,Kutch,transport,bank_transfer,yes,148458
KP-20814,2025-03-04,Kolkata,costume,upi,yes,4389
KP-20815,2025-03-05,Kutch,props,cash,yes,19326
KP-20816,2025-03-05,Kolkata,misc,card,yes,1742
KP-20817,2025-03-05,Kolkata,local_permits,cash,yes,21066
KP-20818,2025-03-05,Goa,props,upi,yes,4557
KP-20819,2025-03-05,Goa,catering,card,yes,6840
KP-20820,2025-03-05,Kutch,props,bank_transfer,no,9595
KP-20821,2025-03-05,Kutch,transport,upi,yes,9015
KP-20822,2025-03-05,Goa,props,upi,yes,18203
KP-20823,2025-03-05,Jaisalmer,catering,card,yes,2193
KP-20824,2025-03-05,Varanasi,props,upi,yes,6537
KP-20825,2025-03-05,Shimla,costume,cash,yes,13623
KP-20826,2025-03-05,Leh,misc,upi,yes,2204
KP-20827,2025-03-05,Varanasi,costume,upi,yes,1232
KP-20828,2025-03-05,Goa,catering,cash,no,24447
KP-20829,2025-03-05,Kutch,props,cash,yes,74238
KP-20830,2025-03-06,Kolkata,catering,bank_transfer,yes,13415
KP-20831,2025-03-06,Kutch,local_permits,bank_transfer,yes,21508
KP-20832,2025-03-06,Shimla,props,cash,yes,5175
KP-20833,2025-03-06,Kutch,catering,bank_transfer,yes,6658
KP-20834,2025-03-06,Munnar,transport,cash,yes,4417
KP-20835,2025-03-06,Shimla,props,cash,yes,40998
KP-20836,2025-03-06,Kolkata,transport,bank_transfer,no,13923
KP-20837,2025-03-06,Varanasi,misc,card,yes,691
KP-20838,2025-03-06,Kutch,misc,upi,yes,4765
KP-20839,2025-03-06,Varanasi,misc,upi,yes,22993
KP-20840,2025-03-06,Goa,equipment_hire,card,no,130935
KP-20841,2025-03-06,Munnar,lodging,upi,yes,13245
KP-20842,2025-03-06,Munnar,props,bank_transfer,yes,18673
KP-20843,2025-03-06,Leh,local_permits,cash,yes,7227
KP-20844,2025-03-06,Jaisalmer,transport,upi,yes,4470
KP-20845,2025-03-06,Goa,local_permits,bank_transfer,yes,24920
KP-20846,2025-03-06,Kutch,transport,cash,yes,9764
KP-20847,2025-03-07,Goa,costume,upi,yes,2987
KP-20848,2025-03-07,Munnar,catering,bank_transfer,yes,17500
KP-20849,2025-03-07,Varanasi,props,cash,yes,66212
KP-20850,2025-03-07,Leh,catering,bank_transfer,yes,44291
KP-20851,2025-03-07,Kutch,transport,upi,yes,13652
KP-20852,2025-03-07,Munnar,local_permits,cash,yes,159083
KP-20853,2025-03-07,Kolkata,equipment_hire,cash,yes,505218
KP-20854,2025-03-08,Munnar,transport,upi,yes,5184
KP-20855,2025-03-08,Goa,local_permits,cash,yes,7145
KP-20856,2025-03-08,Leh,lodging,bank_transfer,yes,32783
KP-20857,2025-03-08,Munnar,lodging,upi,yes,31060
KP-20858,2025-03-08,Kolkata,catering,card,yes,8187
KP-20859,2025-03-08,Leh,costume,cash,yes,7365
KP-20860,2025-03-08,Varanasi,local_permits,cash,yes,8713
KP-20861,2025-03-08,Leh,transport,upi,yes,2207
KP-20862,2025-03-08,Leh,props,bank_transfer,yes,2461
KP-20863,2025-03-08,Leh,transport,upi,yes,7909
KP-20864,2025-03-08,Shimla,costume,cash,yes,6620
KP-20865,2025-03-08,Varanasi,lodging,upi,yes,54701
KP-20866,2025-03-08,Goa,misc,bank_transfer,yes,414
KP-20867,2025-03-08,Shimla,misc,upi,no,8479
KP-20868,2025-03-08,Kolkata,transport,card,yes,23306
KP-20869,2025-03-08,Jaisalmer,lodging,cash,yes,29477
KP-20870,2025-03-08,Leh,transport,upi,yes,5955
KP-20871,2025-03-09,Varanasi,costume,cash,yes,35723
KP-20872,2025-03-09,Leh,misc,upi,yes,1105
KP-20873,2025-03-09,Goa,props,upi,yes,8331
KP-20874,2025-03-09,Goa,misc,bank_transfer,yes,709
KP-20875,2025-03-09,Kutch,costume,bank_transfer,yes,1456
KP-20876,2025-03-09,Shimla,lodging,cash,yes,28110
KP-20877,2025-03-09,Goa,catering,cash,yes,13408
KP-20878,2025-03-09,Goa,lodging,cash,yes,32984
KP-20879,2025-03-09,Varanasi,local_permits,upi,no,3770
KP-20880,2025-03-09,Kolkata,props,upi,yes,8507
KP-20881,2025-03-09,Varanasi,lodging,cash,yes,142387
KP-20882,2025-03-09,Varanasi,catering,card,yes,29274
KP-20883,2025-03-09,Leh,catering,cash,yes,14368
KP-20884,2025-03-09,Jaisalmer,catering,cash,yes,10500
KP-20885,2025-03-09,Leh,catering,card,yes,4633
KP-20886,2025-03-09,Munnar,misc,card,yes,2493
KP-20887,2025-03-09,Shimla,catering,cash,yes,19133
KP-20888,2025-03-09,Jaisalmer,lodging,upi,yes,58122
KP-20889,2025-03-09,Shimla,local_permits,upi,yes,320427
KP-20890,2025-03-09,Kutch,transport,upi,yes,24990
KP-20891,2025-03-09,Munnar,transport,upi,yes,15821
KP-20892,2025-03-09,Munnar,catering,card,yes,37350
KP-20893,2025-03-10,Jaisalmer,costume,cash,yes,6267
KP-20894,2025-03-10,Hampi,props,cash,yes,5540
KP-20895,2025-03-10,Kutch,props,card,yes,14704
KP-20896,2025-03-10,Kolkata,catering,upi,yes,8354
KP-20897,2025-03-10,Kutch,local_permits,upi,yes,79940
KP-20898,2025-03-10,Kolkata,catering,cash,yes,18063
KP-20899,2025-03-10,Goa,costume,bank_transfer,no,1081
KP-20900,2025-03-10,Kutch,catering,cash,yes,5370
KP-20901,2025-03-11,Varanasi,props,cash,yes,3706
KP-20902,2025-03-11,Goa,local_permits,cash,no,11146
KP-20903,2025-03-11,Munnar,local_permits,card,yes,173954
KP-20904,2025-03-11,Jaisalmer,transport,cash,yes,3463
KP-20905,2025-03-11,Munnar,transport,upi,yes,40964
KP-20906,2025-03-11,Shimla,costume,upi,yes,2962
KP-20907,2025-03-11,Goa,lodging,cash,yes,27588
KP-20908,2025-03-11,Kolkata,transport,upi,no,40967
KP-20909,2025-03-11,Leh,transport,upi,yes,13309
KP-20910,2025-03-11,Jaisalmer,catering,upi,yes,63042
KP-20911,2025-03-11,Goa,catering,cash,yes,36652
KP-20912,2025-03-11,Goa,misc,cash,no,1422
KP-20913,2025-03-11,Leh,costume,cash,yes,936
KP-20914,2025-03-11,Jaisalmer,catering,upi,yes,3531
KP-20915,2025-03-11,Kutch,equipment_hire,upi,no,34661
KP-20916,2025-03-11,Kutch,props,upi,no,4057
KP-20917,2025-03-11,Kutch,transport,bank_transfer,yes,7000
KP-20918,2025-03-11,Kutch,lodging,bank_transfer,yes,6544
KP-20919,2025-03-12,Varanasi,misc,card,yes,3099
KP-20920,2025-03-12,Kutch,local_permits,bank_transfer,yes,44168
KP-20921,2025-03-12,Jaisalmer,catering,cash,yes,4733
KP-20922,2025-03-12,Hampi,props,card,yes,1803
KP-20923,2025-03-12,Kolkata,transport,cash,yes,13917
KP-20924,2025-03-12,Varanasi,equipment_hire,bank_transfer,yes,106310
KP-20925,2025-03-12,Kutch,transport,cash,yes,11667
KP-20926,2025-03-12,Kolkata,lodging,upi,yes,16848
KP-20927,2025-03-12,Kolkata,costume,upi,yes,5489
KP-20928,2025-03-12,Kolkata,transport,bank_transfer,yes,6086
KP-20929,2025-03-12,Kolkata,catering,bank_transfer,yes,18877
KP-20930,2025-03-12,Varanasi,transport,upi,yes,8223
KP-20931,2025-03-12,Hampi,props,cash,yes,7713
KP-20932,2025-03-12,Hampi,misc,upi,yes,382
KP-20933,2025-03-12,Kolkata,transport,upi,yes,11275
KP-20934,2025-03-13,Varanasi,props,cash,yes,17167
KP-20935,2025-03-13,Hampi,costume,card,yes,567
KP-20936,2025-03-13,Munnar,local_permits,upi,yes,98919
KP-20937,2025-03-13,Goa,local_permits,upi,yes,10771
KP-20938,2025-03-13,Jaisalmer,transport,cash,no,10300
KP-20939,2025-03-13,Goa,costume,cash,yes,9031
KP-20940,2025-03-13,Kutch,transport,bank_transfer,yes,6278
KP-20941,2025-03-13,Leh,catering,card,yes,53141
KP-20942,2025-03-13,Kutch,transport,cash,no,25516
KP-20943,2025-03-13,Varanasi,local_permits,card,yes,29651
KP-20944,2025-03-13,Hampi,local_permits,bank_transfer,no,46451
KP-20945,2025-03-13,Goa,catering,card,yes,15083
KP-20946,2025-03-13,Hampi,transport,cash,yes,4016
KP-20947,2025-03-14,Kutch,misc,bank_transfer,yes,2372
KP-20948,2025-03-14,Leh,transport,cash,yes,1343
KP-20949,2025-03-14,Hampi,equipment_hire,cash,yes,47915
KP-20950,2025-03-14,Kutch,costume,cash,yes,12929
KP-20951,2025-03-14,Munnar,transport,cash,yes,29376
KP-20952,2025-03-14,Munnar,lodging,bank_transfer,yes,52870
KP-20953,2025-03-14,Munnar,catering,bank_transfer,yes,73050
KP-20954,2025-03-14,Kutch,catering,card,yes,22031
KP-20955,2025-03-14,Hampi,equipment_hire,upi,yes,31728
KP-20956,2025-03-14,Shimla,catering,upi,yes,2050
KP-20957,2025-03-14,Munnar,catering,cash,no,4283
KP-20958,2025-03-14,Kolkata,costume,upi,yes,15116
KP-20959,2025-03-14,Shimla,props,cash,yes,604
KP-20960,2025-03-14,Varanasi,props,cash,yes,17359
KP-20961,2025-03-14,Hampi,transport,card,yes,1159
KP-20962,2025-03-14,Varanasi,props,cash,yes,2578
KP-20963,2025-03-14,Varanasi,transport,upi,yes,5795
KP-20964,2025-03-14,Jaisalmer,catering,cash,yes,44409
KP-20965,2025-03-14,Jaisalmer,equipment_hire,upi,yes,63595
KP-20966,2025-03-14,Kutch,transport,upi,yes,6250
KP-20967,2025-03-14,Leh,lodging,cash,yes,34982
KP-20968,2025-03-14,Goa,transport,cash,yes,3928
KP-20969,2025-03-14,Munnar,catering,upi,yes,9801
KP-20970,2025-03-14,Varanasi,props,bank_transfer,yes,19319
KP-20971,2025-03-15,Shimla,transport,bank_transfer,yes,25373
KP-20972,2025-03-15,Goa,transport,cash,yes,15498
KP-20973,2025-03-15,Jaisalmer,catering,card,yes,274520
KP-20974,2025-03-15,Varanasi,catering,upi,yes,9929
KP-20975,2025-03-15,Leh,costume,bank_transfer,yes,2573
KP-20976,2025-03-15,Hampi,costume,upi,yes,4501
KP-20977,2025-03-15,Kutch,misc,cash,no,1144
KP-20978,2025-03-15,Leh,transport,upi,yes,3773
KP-20979,2025-03-15,Jaisalmer,costume,bank_transfer,yes,2851
KP-20980,2025-03-15,Shimla,props,cash,yes,7032
KP-20981,2025-03-15,Shimla,transport,cash,yes,12547
KP-20982,2025-03-15,Kutch,catering,bank_transfer,yes,60197
KP-20983,2025-03-16,Varanasi,costume,upi,yes,4345
KP-20984,2025-03-16,Varanasi,transport,bank_transfer,yes,5698
KP-20985,2025-03-16,Leh,transport,bank_transfer,no,8854
KP-20986,2025-03-16,Shimla,misc,card,yes,1099
KP-20987,2025-03-16,Leh,catering,cash,yes,46152
KP-20988,2025-03-16,Goa,props,bank_transfer,no,2075
KP-20989,2025-03-17,Munnar,equipment_hire,card,yes,40595
KP-20990,2025-03-17,Varanasi,costume,cash,no,7025
KP-20991,2025-03-17,Goa,transport,card,yes,2087
KP-20992,2025-03-17,Jaisalmer,transport,upi,yes,39443
KP-20993,2025-03-17,Leh,lodging,cash,yes,46350
KP-20994,2025-03-17,Shimla,transport,bank_transfer,yes,4815
KP-20995,2025-03-17,Kutch,catering,cash,yes,9473
KP-20996,2025-03-17,Kutch,catering,cash,yes,18178
KP-20997,2025-03-18,Shimla,catering,bank_transfer,yes,6737
KP-20998,2025-03-18,Munnar,local_permits,upi,yes,108809
KP-20999,2025-03-18,Hampi,transport,upi,yes,6898
KP-21000,2025-03-18,Jaisalmer,props,upi,yes,1122
KP-21001,2025-03-18,Kutch,costume,bank_transfer,yes,14905
KP-21002,2025-03-18,Kolkata,catering,upi,yes,16411
KP-21003,2025-03-18,Kolkata,equipment_hire,cash,yes,409691
KP-21004,2025-03-18,Jaisalmer,costume,cash,yes,2343
KP-21005,2025-03-18,Goa,transport,upi,yes,2083
KP-21006,2025-03-18,Kolkata,catering,card,yes,31472
KP-21007,2025-03-18,Kutch,catering,upi,yes,21271
KP-21008,2025-03-18,Hampi,equipment_hire,upi,no,95509
KP-21009,2025-03-18,Kolkata,costume,cash,yes,51749
KP-21010,2025-03-18,Jaisalmer,transport,bank_transfer,yes,8525
KP-21011,2025-03-18,Shimla,equipment_hire,bank_transfer,yes,42628
KP-21012,2025-03-18,Hampi,lodging,upi,no,8902
KP-21013,2025-03-18,Kutch,catering,card,yes,17013
KP-21014,2025-03-19,Kolkata,catering,upi,yes,6942
KP-21015,2025-03-19,Varanasi,transport,upi,yes,5864
KP-21016,2025-03-19,Shimla,lodging,card,yes,4196
KP-21017,2025-03-19,Jaisalmer,transport,cash,yes,3925
KP-21018,2025-03-19,Goa,misc,upi,no,5692
KP-21019,2025-03-19,Munnar,transport,cash,yes,2201
KP-21020,2025-03-19,Leh,costume,upi,yes,9880
KP-21021,2025-03-19,Goa,lodging,cash,yes,4125
KP-21022,2025-03-19,Varanasi,costume,upi,yes,3926
KP-21023,2025-03-20,Kutch,transport,card,yes,1966
KP-21024,2025-03-20,Shimla,transport,cash,yes,4589
KP-21025,2025-03-20,Hampi,catering,upi,yes,3521
KP-21026,2025-03-20,Hampi,lodging,cash,yes,95872
KP-21027,2025-03-20,Munnar,transport,upi,no,39434
KP-21028,2025-03-20,Jaisalmer,transport,cash,yes,12401
KP-21029,2025-03-20,Shimla,transport,card,no,3522
KP-21030,2025-03-20,Shimla,catering,cash,yes,27112
KP-21031,2025-03-20,Jaisalmer,props,cash,no,31168
KP-21032,2025-03-20,Kutch,transport,cash,yes,2659
KP-21033,2025-03-20,Kutch,costume,cash,yes,3614
KP-21034,2025-03-20,Jaisalmer,costume,card,yes,950
KP-21035,2025-03-20,Shimla,local_permits,bank_transfer,yes,40371
KP-21036,2025-03-20,Munnar,transport,cash,yes,25033
KP-21037,2025-03-20,Jaisalmer,transport,cash,yes,6235
KP-21038,2025-03-20,Goa,local_permits,card,yes,48415
KP-21039,2025-03-20,Kutch,transport,card,yes,3275
KP-21040,2025-03-21,Munnar,catering,cash,yes,8162
KP-21041,2025-03-21,Jaisalmer,catering,upi,no,37917
KP-21042,2025-03-21,Leh,lodging,upi,yes,25080
KP-21043,2025-03-21,Goa,transport,cash,yes,6597
KP-21044,2025-03-21,Goa,transport,cash,yes,1302
KP-21045,2025-03-21,Leh,transport,bank_transfer,yes,878
KP-21046,2025-03-21,Hampi,props,upi,yes,7529
KP-21047,2025-03-21,Jaisalmer,local_permits,cash,yes,4485
KP-21048,2025-03-21,Jaisalmer,costume,upi,yes,25570
KP-21049,2025-03-21,Hampi,transport,cash,yes,701
KP-21050,2025-03-21,Goa,misc,cash,yes,2034
KP-21051,2025-03-21,Leh,catering,cash,yes,1976
KP-21052,2025-03-21,Munnar,transport,cash,yes,15254
KP-21053,2025-03-21,Goa,props,cash,yes,4961
KP-21054,2025-03-21,Jaisalmer,costume,card,yes,1185
KP-21055,2025-03-21,Goa,catering,upi,yes,7056
KP-21056,2025-03-21,Shimla,local_permits,upi,yes,7010
KP-21057,2025-03-21,Kolkata,misc,upi,yes,2371
KP-21058,2025-03-22,Shimla,props,upi,yes,22287
KP-21059,2025-03-22,Shimla,props,upi,yes,13681
KP-21060,2025-03-22,Kutch,transport,cash,yes,17008
KP-21061,2025-03-22,Shimla,misc,upi,yes,747
KP-21062,2025-03-22,Hampi,equipment_hire,cash,yes,7377
KP-21063,2025-03-22,Jaisalmer,local_permits,cash,yes,78724
KP-21064,2025-03-22,Leh,misc,cash,yes,436
KP-21065,2025-03-22,Goa,props,upi,no,787
KP-21066,2025-03-22,Hampi,costume,upi,yes,78812
KP-21067,2025-03-22,Kutch,misc,bank_transfer,yes,3145
KP-21068,2025-03-22,Varanasi,costume,upi,yes,93073
KP-21069,2025-03-22,Varanasi,equipment_hire,bank_transfer,yes,33170
KP-21070,2025-03-23,Jaisalmer,catering,cash,yes,12878
KP-21071,2025-03-23,Shimla,local_permits,card,yes,17755
KP-21072,2025-03-23,Goa,transport,cash,no,23923
KP-21073,2025-03-23,Varanasi,misc,upi,yes,14889
KP-21074,2025-03-23,Shimla,costume,upi,yes,2554
KP-21075,2025-03-23,Leh,costume,upi,yes,1978
KP-21076,2025-03-23,Leh,local_permits,bank_transfer,yes,76711
KP-21077,2025-03-23,Jaisalmer,transport,upi,yes,28995
KP-21078,2025-03-23,Munnar,transport,cash,yes,4028
KP-21079,2025-03-23,Munnar,catering,bank_transfer,yes,2718
KP-21080,2025-03-23,Jaisalmer,costume,cash,yes,4797
KP-21081,2025-03-23,Jaisalmer,transport,upi,yes,3745
KP-21082,2025-03-23,Kolkata,transport,cash,yes,3165
KP-21083,2025-03-23,Kolkata,equipment_hire,bank_transfer,yes,11438
KP-21084,2025-03-23,Shimla,local_permits,cash,yes,121551
KP-21085,2025-03-23,Hampi,equipment_hire,upi,no,39499
KP-21086,2025-03-24,Hampi,equipment_hire,upi,yes,66570
KP-21087,2025-03-24,Shimla,catering,bank_transfer,yes,9507
KP-21088,2025-03-24,Shimla,catering,cash,yes,53348
KP-21089,2025-03-24,Kutch,costume,cash,yes,40406
KP-21090,2025-03-24,Munnar,local_permits,cash,yes,8744
KP-21091,2025-03-24,Shimla,catering,upi,yes,138073
KP-21092,2025-03-24,Leh,costume,upi,yes,19523
KP-21093,2025-03-24,Munnar,equipment_hire,upi,yes,47301
KP-21094,2025-03-24,Kutch,lodging,cash,yes,27371
KP-21095,2025-03-24,Goa,equipment_hire,bank_transfer,yes,51613
KP-21096,2025-03-24,Kutch,misc,upi,yes,1037
KP-21097,2025-03-24,Leh,props,bank_transfer,yes,4057
KP-21098,2025-03-24,Hampi,props,upi,yes,1676
KP-21099,2025-03-25,Varanasi,costume,upi,yes,7396
KP-21100,2025-03-25,Hampi,lodging,bank_transfer,yes,45772
KP-21101,2025-03-25,Munnar,local_permits,cash,yes,2525
KP-21102,2025-03-25,Hampi,lodging,bank_transfer,yes,60455
KP-21103,2025-03-25,Shimla,transport,upi,yes,2360
KP-21104,2025-03-25,Jaisalmer,misc,upi,yes,1315
KP-21105,2025-03-25,Varanasi,transport,cash,yes,4178
KP-21106,2025-03-25,Hampi,local_permits,cash,yes,2971
KP-21107,2025-03-25,Kutch,transport,bank_transfer,yes,18444
KP-21108,2025-03-25,Hampi,costume,cash,yes,4844
KP-21109,2025-03-25,Varanasi,props,card,yes,12834
KP-21110,2025-03-25,Varanasi,misc,card,yes,216
KP-21111,2025-03-25,Hampi,props,upi,yes,263
KP-21112,2025-03-25,Hampi,catering,bank_transfer,no,94438
KP-21113,2025-03-25,Leh,local_permits,bank_transfer,yes,18011
KP-21114,2025-03-25,Kutch,props,cash,no,3739
KP-21115,2025-03-25,Kolkata,catering,bank_transfer,no,5325
KP-21116,2025-03-25,Shimla,catering,card,yes,10759
KP-21117,2025-03-25,Kutch,costume,upi,yes,2080
KP-21118,2025-03-25,Jaisalmer,lodging,card,no,9646
KP-21119,2025-03-25,Goa,props,cash,yes,2573
KP-21120,2025-03-25,Shimla,catering,card,no,6377
KP-21121,2025-03-26,Varanasi,local_permits,upi,no,5994
KP-21122,2025-03-26,Kolkata,props,upi,yes,3466
KP-21123,2025-03-26,Goa,props,upi,yes,1973
KP-21124,2025-03-26,Kolkata,catering,bank_transfer,yes,7279
KP-21125,2025-03-26,Goa,catering,upi,yes,4368
KP-21126,2025-03-26,Munnar,transport,bank_transfer,yes,29555
KP-21127,2025-03-26,Hampi,lodging,cash,yes,5449
KP-21128,2025-03-26,Varanasi,transport,bank_transfer,yes,23704
KP-21129,2025-03-27,Goa,costume,cash,yes,56760
KP-21130,2025-03-27,Shimla,props,cash,yes,37560
KP-21131,2025-03-27,Hampi,lodging,upi,yes,13226
KP-21132,2025-03-27,Kutch,catering,card,yes,50720
KP-21133,2025-03-27,Kutch,catering,cash,no,5869
KP-21134,2025-03-27,Varanasi,catering,upi,yes,46257
KP-21135,2025-03-27,Kolkata,catering,cash,yes,11591
KP-21136,2025-03-27,Leh,props,upi,yes,7766
KP-21137,2025-03-27,Varanasi,props,cash,yes,7934
KP-21138,2025-03-27,Goa,catering,card,yes,10585
KP-21139,2025-03-27,Hampi,transport,bank_transfer,yes,5271
KP-21140,2025-03-27,Kutch,transport,card,yes,38429
KP-21141,2025-03-27,Shimla,costume,card,yes,18841
KP-21142,2025-03-28,Kutch,props,upi,yes,11476
KP-21143,2025-03-28,Kutch,catering,upi,yes,8176
KP-21144,2025-03-28,Hampi,costume,upi,yes,1292
KP-21145,2025-03-28,Varanasi,transport,card,yes,6979
KP-21146,2025-03-28,Leh,lodging,cash,no,54598
KP-21147,2025-03-28,Jaisalmer,catering,cash,yes,17852
KP-21148,2025-03-28,Munnar,transport,cash,yes,2211
KP-21149,2025-03-28,Leh,misc,bank_transfer,yes,2228
KP-21150,2025-03-28,Goa,costume,upi,yes,1442
KP-21151,2025-03-28,Munnar,catering,bank_transfer,yes,10535
KP-21152,2025-03-28,Leh,transport,cash,yes,2279
KP-21153,2025-03-28,Kolkata,props,upi,yes,7710
KP-21154,2025-03-28,Goa,costume,upi,no,3881
KP-21155,2025-03-28,Jaisalmer,lodging,card,yes,66617
KP-21156,2025-03-28,Hampi,catering,card,yes,10253
KP-21157,2025-03-28,Kolkata,props,cash,yes,7091
KP-21158,2025-03-28,Goa,props,card,yes,14568
KP-21159,2025-03-28,Hampi,lodging,card,yes,84432
KP-21160,2025-03-28,Shimla,props,card,yes,8816
KP-21161,2025-03-28,Shimla,equipment_hire,upi,yes,61544
KP-21162,2025-03-28,Hampi,catering,cash,yes,7755
KP-21163,2025-03-28,Goa,catering,upi,yes,34731
KP-21164,2025-03-29,Kutch,transport,cash,no,20773
KP-21165,2025-03-29,Hampi,costume,cash,no,7174
KP-21166,2025-03-29,Shimla,lodging,card,yes,417764
KP-21167,2025-03-29,Leh,props,cash,yes,4054
KP-21168,2025-03-29,Jaisalmer,catering,upi,yes,1565
KP-21169,2025-03-29,Hampi,costume,card,yes,261
KP-21170,2025-03-29,Goa,misc,card,yes,925
KP-21171,2025-03-29,Leh,costume,cash,yes,10710
KP-21172,2025-03-29,Hampi,catering,cash,yes,95016
KP-21173,2025-03-29,Goa,catering,upi,yes,12481
KP-21174,2025-03-29,Munnar,props,upi,yes,6830
KP-21175,2025-03-29,Kolkata,catering,cash,yes,64142
KP-21176,2025-03-29,Hampi,catering,upi,yes,8691
KP-21177,2025-03-29,Goa,transport,bank_transfer,yes,18959
KP-21178,2025-03-29,Jaisalmer,equipment_hire,cash,yes,96207
KP-21179,2025-03-29,Leh,transport,upi,yes,5322
KP-21180,2025-03-29,Hampi,lodging,cash,yes,41158
KP-21181,2025-03-29,Kutch,catering,bank_transfer,yes,243684
KP-21182,2025-03-29,Kutch,local_permits,upi,no,8569
KP-21183,2025-03-29,Jaisalmer,local_permits,card,yes,46300
KP-21184,2025-03-30,Hampi,lodging,cash,yes,19815
KP-21185,2025-03-30,Goa,lodging,upi,yes,53249
KP-21186,2025-03-30,Kutch,local_permits,upi,yes,149230
KP-21187,2025-03-30,Kutch,catering,bank_transfer,yes,71096
KP-21188,2025-03-30,Hampi,lodging,bank_transfer,yes,58295
KP-21189,2025-03-30,Goa,props,cash,yes,4695
KP-21190,2025-03-30,Goa,equipment_hire,cash,yes,14411
KP-21191,2025-03-30,Jaisalmer,equipment_hire,upi,yes,57553
KP-21192,2025-03-30,Munnar,transport,bank_transfer,yes,9766
KP-21193,2025-03-30,Varanasi,costume,card,yes,3590
KP-21194,2025-03-30,Goa,lodging,upi,yes,158746
KP-21195,2025-03-30,Jaisalmer,local_permits,cash,yes,201851
KP-21196,2025-03-30,Shimla,local_permits,cash,yes,105855
KP-21197,2025-03-30,Leh,lodging,cash,yes,70343
KP-21198,2025-03-30,Jaisalmer,misc,card,yes,3649
KP-21199,2025-03-30,Shimla,catering,upi,yes,8646
KP-21200,2025-03-30,Varanasi,costume,upi,no,1716
KP-21201,2025-03-31,Hampi,local_permits,card,yes,19524
KP-21202,2025-03-31,Shimla,transport,bank_transfer,yes,8911
KP-21203,2025-03-31,Jaisalmer,catering,cash,yes,14688
KP-21204,2025-03-31,Hampi,equipment_hire,card,yes,8531
KP-21205,2025-03-31,Goa,catering,bank_transfer,yes,14326
KP-21206,2025-03-31,Varanasi,lodging,bank_transfer,yes,44151
KP-21207,2025-03-31,Goa,props,cash,yes,10044
KP-21208,2025-03-31,Kutch,transport,upi,yes,7709
KP-21209,2025-03-31,Shimla,local_permits,cash,yes,37945
KP-21210,2025-03-31,Kutch,catering,bank_transfer,yes,3645
KP-21211,2025-03-31,Kutch,misc,cash,yes,766
KP-21212,2025-03-31,Hampi,props,cash,yes,3598
KP-21213,2025-03-31,Leh,equipment_hire,bank_transfer,yes,13151
KP-21214,2025-03-31,Kutch,catering,cash,yes,2508
KP-21215,2025-03-31,Goa,transport,cash,yes,8163
KP-21216,2025-03-31,Shimla,catering,cash,yes,5751
KP-21217,2025-03-31,Hampi,misc,bank_transfer,yes,7837
KP-21218,2025-04-01,Kolkata,transport,cash,yes,31800
KP-21219,2025-04-01,Goa,equipment_hire,cash,yes,49169
KP-21220,2025-04-01,Kutch,local_permits,cash,yes,314580
KP-21221,2025-04-01,Varanasi,catering,cash,yes,8497
KP-21222,2025-04-01,Jaisalmer,lodging,bank_transfer,yes,2734
KP-21223,2025-04-01,Leh,misc,upi,yes,764
KP-21224,2025-04-01,Goa,props,cash,yes,9583
KP-21225,2025-04-01,Munnar,transport,upi,yes,4448
KP-21226,2025-04-01,Kolkata,costume,bank_transfer,yes,4117
KP-21227,2025-04-01,Kolkata,catering,cash,yes,5883
KP-21228,2025-04-01,Varanasi,catering,card,yes,11719
KP-21229,2025-04-01,Jaisalmer,misc,upi,yes,1060
KP-21230,2025-04-01,Goa,costume,upi,yes,21119
KP-21231,2025-04-01,Kolkata,lodging,cash,yes,13202
KP-21232,2025-04-02,Kutch,costume,upi,yes,2230
KP-21233,2025-04-02,Hampi,transport,card,yes,503
KP-21234,2025-04-02,Munnar,props,cash,yes,2779
KP-21235,2025-04-02,Leh,transport,upi,yes,1009
KP-21236,2025-04-02,Kutch,lodging,card,yes,66213
KP-21237,2025-04-02,Kutch,transport,upi,yes,23677
KP-21238,2025-04-02,Leh,catering,bank_transfer,yes,18623
KP-21239,2025-04-02,Kolkata,props,upi,yes,75671
KP-21240,2025-04-02,Shimla,equipment_hire,cash,yes,221635
KP-21241,2025-04-02,Hampi,lodging,bank_transfer,yes,9218
KP-21242,2025-04-02,Munnar,catering,bank_transfer,yes,6745
KP-21243,2025-04-02,Munnar,catering,bank_transfer,yes,6220
KP-21244,2025-04-02,Jaisalmer,transport,bank_transfer,yes,818
KP-21245,2025-04-02,Leh,catering,card,yes,27979
KP-21246,2025-04-03,Shimla,transport,cash,yes,7839
KP-21247,2025-04-03,Munnar,misc,cash,yes,7390
KP-21248,2025-04-03,Leh,catering,upi,yes,5224
KP-21249,2025-04-03,Goa,equipment_hire,cash,yes,112134
KP-21250,2025-04-03,Goa,catering,cash,yes,3865
KP-21251,2025-04-03,Varanasi,costume,card,yes,4311
KP-21252,2025-04-03,Kolkata,misc,bank_transfer,yes,1482
KP-21253,2025-04-03,Hampi,equipment_hire,upi,yes,47476
KP-21254,2025-04-03,Munnar,equipment_hire,upi,yes,158311
KP-21255,2025-04-03,Goa,catering,cash,yes,27059
KP-21256,2025-04-03,Kolkata,catering,cash,yes,18473
KP-21257,2025-04-03,Hampi,transport,upi,yes,1241
KP-21258,2025-04-03,Leh,catering,upi,no,8308
KP-21259,2025-04-03,Hampi,catering,cash,yes,2440
KP-21260,2025-04-03,Goa,local_permits,upi,yes,22931
KP-21261,2025-04-03,Munnar,misc,cash,yes,1582
KP-21262,2025-04-03,Kutch,equipment_hire,bank_transfer,no,23101
KP-21263,2025-04-03,Varanasi,lodging,upi,yes,44999
KP-21264,2025-04-03,Leh,transport,upi,yes,2693
KP-21265,2025-04-04,Kolkata,transport,bank_transfer,no,35855
KP-21266,2025-04-04,Shimla,catering,bank_transfer,yes,14603
KP-21267,2025-04-04,Leh,lodging,cash,yes,96502
KP-21268,2025-04-04,Shimla,catering,upi,yes,6553
KP-21269,2025-04-04,Varanasi,catering,bank_transfer,yes,18377
KP-21270,2025-04-04,Leh,equipment_hire,card,yes,27828
KP-21271,2025-04-04,Goa,catering,cash,yes,18915
KP-21272,2025-04-04,Jaisalmer,props,cash,yes,3244
KP-21273,2025-04-04,Kolkata,transport,upi,yes,101333
KP-21274,2025-04-04,Leh,transport,upi,no,740
KP-21275,2025-04-04,Jaisalmer,catering,upi,yes,17931
KP-21276,2025-04-04,Goa,lodging,cash,yes,140933
KP-21277,2025-04-04,Jaisalmer,catering,bank_transfer,yes,9666
KP-21278,2025-04-04,Leh,equipment_hire,cash,no,76878
KP-21279,2025-04-04,Shimla,transport,card,yes,54864
KP-21280,2025-04-04,Shimla,costume,cash,yes,2360
KP-21281,2025-04-04,Varanasi,equipment_hire,upi,yes,7811
KP-21282,2025-04-04,Hampi,equipment_hire,cash,yes,68879
KP-21283,2025-04-04,Shimla,transport,upi,yes,24791
KP-21284,2025-04-04,Shimla,misc,upi,yes,2064
KP-21285,2025-04-04,Jaisalmer,transport,cash,yes,5168
KP-21286,2025-04-04,Leh,equipment_hire,upi,yes,52571
KP-21287,2025-04-04,Shimla,catering,bank_transfer,yes,15858
KP-21288,2025-04-04,Jaisalmer,equipment_hire,card,yes,277531
KP-21289,2025-04-04,Varanasi,costume,cash,yes,702
KP-21290,2025-04-05,Munnar,misc,bank_transfer,no,895
KP-21291,2025-04-05,Varanasi,costume,upi,yes,31174
KP-21292,2025-04-05,Kutch,misc,cash,yes,5752
KP-21293,2025-04-05,Leh,costume,upi,yes,804
KP-21294,2025-04-05,Munnar,misc,upi,no,4047
KP-21295,2025-04-05,Goa,misc,cash,yes,6843
KP-21296,2025-04-05,Jaisalmer,local_permits,bank_transfer,yes,98184
KP-21297,2025-04-05,Leh,catering,cash,no,36126
KP-21298,2025-04-05,Kolkata,transport,bank_transfer,yes,14059
KP-21299,2025-04-05,Kolkata,transport,upi,yes,16030
KP-21300,2025-04-05,Goa,misc,cash,yes,594
KP-21301,2025-04-05,Hampi,costume,cash,yes,8187
KP-21302,2025-04-05,Kutch,misc,cash,yes,897
KP-21303,2025-04-05,Munnar,misc,bank_transfer,yes,1938
KP-21304,2025-04-05,Varanasi,equipment_hire,upi,yes,214648
KP-21305,2025-04-05,Varanasi,misc,upi,no,10006
KP-21306,2025-04-05,Varanasi,transport,cash,yes,1501
KP-21307,2025-04-06,Goa,catering,upi,yes,99751
KP-21308,2025-04-06,Hampi,transport,bank_transfer,yes,4106
KP-21309,2025-04-06,Varanasi,catering,bank_transfer,yes,57134
KP-21310,2025-04-06,Varanasi,local_permits,card,yes,10743
KP-21311,2025-04-06,Goa,local_permits,upi,no,10285
KP-21312,2025-04-06,Hampi,equipment_hire,upi,yes,44167
KP-21313,2025-04-06,Leh,equipment_hire,bank_transfer,yes,107744
KP-21314,2025-04-06,Munnar,costume,upi,yes,13025
KP-21315,2025-04-06,Goa,local_permits,bank_transfer,no,85985
KP-21316,2025-04-06,Shimla,transport,cash,yes,17217
KP-21317,2025-04-06,Shimla,catering,upi,no,1657
KP-21318,2025-04-06,Munnar,costume,bank_transfer,yes,1140
KP-21319,2025-04-06,Kolkata,transport,bank_transfer,yes,4696
KP-21320,2025-04-06,Kutch,transport,upi,no,10345
KP-21321,2025-04-06,Kolkata,local_permits,upi,yes,3229
KP-21322,2025-04-06,Goa,lodging,upi,yes,33471
KP-21323,2025-04-07,Munnar,transport,card,yes,20041
KP-21324,2025-04-07,Varanasi,costume,cash,yes,2232
KP-21325,2025-04-07,Varanasi,catering,upi,yes,25308
KP-21326,2025-04-07,Shimla,equipment_hire,upi,yes,24746
KP-21327,2025-04-07,Leh,transport,cash,yes,2365
KP-21328,2025-04-07,Hampi,transport,cash,yes,5197
KP-21329,2025-04-07,Shimla,transport,upi,yes,28395
KP-21330,2025-04-07,Shimla,transport,card,yes,10617
KP-21331,2025-04-07,Varanasi,catering,upi,yes,7554
KP-21332,2025-04-07,Kutch,equipment_hire,cash,yes,105670
KP-21333,2025-04-07,Shimla,props,upi,yes,4826
KP-21334,2025-04-07,Shimla,lodging,card,yes,59846
KP-21335,2025-04-07,Kolkata,props,upi,yes,1112
KP-21336,2025-04-07,Leh,costume,bank_transfer,yes,8175
KP-21337,2025-04-07,Kutch,costume,card,yes,11343
KP-21338,2025-04-08,Leh,lodging,upi,yes,55439
KP-21339,2025-04-08,Kutch,equipment_hire,cash,yes,40065
KP-21340,2025-04-08,Leh,lodging,upi,yes,42229
KP-21341,2025-04-08,Hampi,equipment_hire,bank_transfer,yes,49815
KP-21342,2025-04-08,Leh,costume,upi,yes,27402
KP-21343,2025-04-08,Leh,transport,bank_transfer,yes,183244
KP-21344,2025-04-08,Jaisalmer,lodging,bank_transfer,yes,40364
KP-21345,2025-04-08,Kutch,props,bank_transfer,no,2107
KP-21346,2025-04-08,Jaisalmer,equipment_hire,cash,yes,27577
KP-21347,2025-04-08,Jaisalmer,costume,upi,yes,17849
KP-21348,2025-04-08,Munnar,catering,cash,yes,114118
KP-21349,2025-04-08,Kolkata,props,cash,yes,605
KP-21350,2025-04-08,Hampi,misc,upi,yes,531
KP-21351,2025-04-09,Hampi,local_permits,upi,yes,14342
KP-21352,2025-04-09,Varanasi,transport,bank_transfer,yes,5548
KP-21353,2025-04-09,Kutch,transport,cash,yes,3218
KP-21354,2025-04-09,Varanasi,props,upi,yes,1460
KP-21355,2025-04-09,Hampi,transport,cash,yes,23961
KP-21356,2025-04-09,Kolkata,equipment_hire,upi,yes,180429
KP-21357,2025-04-09,Goa,lodging,upi,yes,35332
KP-21358,2025-04-09,Goa,local_permits,bank_transfer,yes,11443
KP-21359,2025-04-09,Leh,misc,upi,yes,6669
KP-21360,2025-04-09,Shimla,transport,upi,yes,3483
KP-21361,2025-04-09,Kolkata,props,cash,yes,20548
KP-21362,2025-04-10,Hampi,props,upi,no,5473
KP-21363,2025-04-10,Jaisalmer,props,bank_transfer,yes,13548
KP-21364,2025-04-10,Jaisalmer,equipment_hire,card,yes,72900
KP-21365,2025-04-10,Goa,catering,card,yes,29410
KP-21366,2025-04-10,Munnar,transport,bank_transfer,yes,74806
KP-21367,2025-04-10,Shimla,catering,cash,yes,5550
KP-21368,2025-04-10,Kolkata,misc,bank_transfer,yes,442
KP-21369,2025-04-10,Jaisalmer,misc,upi,yes,700
KP-21370,2025-04-10,Jaisalmer,transport,cash,yes,14277
KP-21371,2025-04-10,Kutch,lodging,upi,yes,29999
KP-21372,2025-04-10,Jaisalmer,local_permits,cash,yes,5351
KP-21373,2025-04-10,Varanasi,costume,card,yes,7659
KP-21374,2025-04-10,Kolkata,misc,upi,yes,12262
KP-21375,2025-04-10,Varanasi,local_permits,cash,yes,3893
KP-21376,2025-04-10,Leh,lodging,bank_transfer,no,28359
KP-21377,2025-04-10,Goa,misc,cash,yes,2255
KP-21378,2025-04-11,Shimla,transport,card,yes,54650
KP-21379,2025-04-11,Goa,local_permits,cash,yes,40187
KP-21380,2025-04-11,Varanasi,catering,bank_transfer,yes,3683
KP-21381,2025-04-11,Shimla,catering,bank_transfer,no,21693
KP-21382,2025-04-11,Kutch,props,upi,yes,3598
KP-21383,2025-04-11,Munnar,transport,upi,yes,4086
KP-21384,2025-04-11,Kutch,misc,bank_transfer,no,1098
KP-21385,2025-04-11,Kolkata,catering,upi,no,14721
KP-21386,2025-04-11,Goa,local_permits,upi,yes,42068
KP-21387,2025-04-11,Hampi,transport,upi,yes,9033
KP-21388,2025-04-11,Varanasi,equipment_hire,upi,no,102424
KP-21389,2025-04-11,Varanasi,transport,upi,no,16783
KP-21390,2025-04-11,Varanasi,catering,cash,yes,11417
KP-21391,2025-04-11,Kutch,lodging,cash,yes,34809
KP-21392,2025-04-11,Jaisalmer,local_permits,upi,yes,14564
KP-21393,2025-04-12,Jaisalmer,local_permits,card,yes,39484
KP-21394,2025-04-12,Varanasi,catering,cash,yes,8337
KP-21395,2025-04-12,Leh,lodging,cash,no,104263
KP-21396,2025-04-12,Jaisalmer,costume,bank_transfer,no,12754
KP-21397,2025-04-12,Kutch,props,cash,yes,18247
KP-21398,2025-04-12,Kolkata,equipment_hire,upi,yes,73421
KP-21399,2025-04-12,Shimla,misc,card,yes,378
KP-21400,2025-04-12,Leh,transport,upi,yes,33065
KP-21401,2025-04-12,Jaisalmer,catering,card,no,5206
KP-21402,2025-04-12,Jaisalmer,misc,card,yes,12164
KP-21403,2025-04-12,Shimla,costume,cash,yes,3665
KP-21404,2025-04-12,Kolkata,costume,cash,yes,369
KP-21405,2025-04-12,Hampi,props,cash,yes,5726
KP-21406,2025-04-12,Kutch,transport,upi,yes,16941
KP-21407,2025-04-12,Kutch,catering,cash,yes,394192
KP-21408,2025-04-12,Jaisalmer,props,card,yes,1171
KP-21409,2025-04-12,Leh,misc,card,yes,9978
KP-21410,2025-04-12,Kutch,equipment_hire,bank_transfer,yes,36558
KP-21411,2025-04-13,Jaisalmer,props,cash,yes,15613
KP-21412,2025-04-13,Kolkata,misc,cash,no,2176
KP-21413,2025-04-13,Goa,transport,upi,yes,23257
KP-21414,2025-04-13,Kolkata,props,upi,yes,2372
KP-21415,2025-04-13,Kolkata,costume,upi,yes,13659
KP-21416,2025-04-13,Munnar,misc,upi,no,643
KP-21417,2025-04-13,Goa,transport,upi,yes,6131
KP-21418,2025-04-13,Goa,catering,bank_transfer,yes,10307
KP-21419,2025-04-13,Munnar,props,upi,yes,62114
KP-21420,2025-04-13,Munnar,transport,upi,no,3003
KP-21421,2025-04-14,Jaisalmer,props,cash,yes,12150
KP-21422,2025-04-14,Jaisalmer,lodging,cash,yes,43669
KP-21423,2025-04-14,Kutch,catering,upi,yes,46827
KP-21424,2025-04-14,Kolkata,catering,upi,yes,11438
KP-21425,2025-04-14,Munnar,costume,bank_transfer,yes,5333
KP-21426,2025-04-14,Jaisalmer,costume,cash,yes,1274
KP-21427,2025-04-14,Shimla,catering,bank_transfer,yes,16856
KP-21428,2025-04-14,Kutch,transport,bank_transfer,yes,20229
KP-21429,2025-04-15,Varanasi,catering,card,no,2246
KP-21430,2025-04-15,Kolkata,misc,card,yes,1062
KP-21431,2025-04-15,Kutch,costume,cash,yes,28149
KP-21432,2025-04-15,Leh,costume,bank_transfer,yes,3251
KP-21433,2025-04-15,Varanasi,equipment_hire,upi,yes,19449
KP-21434,2025-04-15,Jaisalmer,misc,cash,yes,9598
KP-21435,2025-04-15,Kolkata,equipment_hire,cash,yes,37238
KP-21436,2025-04-15,Kutch,lodging,cash,yes,65361
KP-21437,2025-04-15,Goa,local_permits,bank_transfer,yes,13590
KP-21438,2025-04-15,Munnar,costume,upi,yes,6577
KP-21439,2025-04-16,Leh,equipment_hire,bank_transfer,yes,114348
KP-21440,2025-04-16,Jaisalmer,costume,upi,yes,4596
KP-21441,2025-04-16,Munnar,misc,upi,yes,540
KP-21442,2025-04-16,Varanasi,props,cash,no,5221
KP-21443,2025-04-16,Shimla,catering,cash,yes,51817
KP-21444,2025-04-16,Munnar,catering,upi,yes,2166
KP-21445,2025-04-16,Shimla,local_permits,upi,yes,20870
KP-21446,2025-04-16,Goa,lodging,card,yes,40972
KP-21447,2025-04-16,Varanasi,catering,cash,yes,70500
KP-21448,2025-04-16,Shimla,props,upi,yes,62275
KP-21449,2025-04-16,Hampi,transport,upi,no,7612
KP-21450,2025-04-16,Hampi,lodging,card,yes,1704
KP-21451,2025-04-16,Jaisalmer,transport,card,yes,1454
KP-21452,2025-04-16,Kutch,catering,card,yes,20147
KP-21453,2025-04-16,Hampi,catering,upi,yes,66954
KP-21454,2025-04-17,Munnar,props,cash,yes,840
KP-21455,2025-04-17,Shimla,transport,upi,yes,4691
KP-21456,2025-04-17,Kutch,catering,card,yes,27595
KP-21457,2025-04-17,Munnar,catering,bank_transfer,no,80543
KP-21458,2025-04-17,Shimla,misc,cash,yes,739
KP-21459,2025-04-17,Goa,misc,card,yes,940
KP-21460,2025-04-17,Shimla,costume,cash,yes,2816
KP-21461,2025-04-17,Kutch,catering,cash,yes,22740
KP-21462,2025-04-17,Leh,transport,upi,yes,25177
KP-21463,2025-04-17,Hampi,catering,upi,yes,99565
KP-21464,2025-04-17,Varanasi,transport,card,yes,18230
KP-21465,2025-04-18,Jaisalmer,catering,card,yes,140566
KP-21466,2025-04-18,Goa,catering,cash,yes,45030
KP-21467,2025-04-18,Leh,equipment_hire,upi,yes,2964
KP-21468,2025-04-18,Munnar,transport,upi,yes,86746
KP-21469,2025-04-18,Kutch,catering,bank_transfer,yes,16427
KP-21470,2025-04-18,Kutch,catering,cash,yes,20186
KP-21471,2025-04-18,Leh,lodging,cash,yes,84748
KP-21472,2025-04-18,Kolkata,costume,card,no,3223
KP-21473,2025-04-18,Shimla,transport,upi,yes,13854
KP-21474,2025-04-18,Jaisalmer,props,upi,no,1649
KP-21475,2025-04-18,Goa,lodging,upi,no,17839
KP-21476,2025-04-18,Kolkata,props,cash,yes,2669
KP-21477,2025-04-18,Goa,costume,card,no,33040
KP-21478,2025-04-18,Leh,equipment_hire,bank_transfer,yes,1205328
KP-21479,2025-04-18,Leh,catering,bank_transfer,yes,6757
KP-21480,2025-04-19,Hampi,catering,upi,yes,40797
KP-21481,2025-04-19,Kutch,catering,card,no,16769
KP-21482,2025-04-19,Munnar,misc,cash,yes,667
KP-21483,2025-04-19,Jaisalmer,lodging,cash,yes,16136
KP-21484,2025-04-19,Varanasi,costume,cash,yes,38876
KP-21485,2025-04-19,Leh,misc,upi,yes,2975
KP-21486,2025-04-19,Kolkata,local_permits,card,yes,64480
KP-21487,2025-04-19,Kolkata,costume,bank_transfer,yes,11402
KP-21488,2025-04-19,Leh,lodging,cash,yes,81146
KP-21489,2025-04-19,Munnar,costume,upi,yes,3459
KP-21490,2025-04-19,Goa,lodging,upi,yes,125632
KP-21491,2025-04-19,Hampi,equipment_hire,cash,yes,8008
KP-21492,2025-04-19,Kutch,transport,upi,yes,26035
KP-21493,2025-04-20,Varanasi,catering,upi,yes,7331
KP-21494,2025-04-20,Kutch,props,cash,no,19429
KP-21495,2025-04-20,Jaisalmer,local_permits,upi,yes,25261
KP-21496,2025-04-20,Hampi,costume,upi,no,502
KP-21497,2025-04-20,Leh,misc,bank_transfer,yes,1457
KP-21498,2025-04-20,Varanasi,lodging,upi,yes,24069
KP-21499,2025-04-20,Kutch,transport,upi,yes,989
KP-21500,2025-04-20,Jaisalmer,costume,upi,no,16906
KP-21501,2025-04-20,Kolkata,equipment_hire,card,yes,194902
KP-21502,2025-04-20,Kolkata,costume,cash,yes,4280
KP-21503,2025-04-20,Goa,lodging,cash,yes,9974
KP-21504,2025-04-20,Munnar,catering,upi,yes,18777
KP-21505,2025-04-20,Munnar,transport,bank_transfer,yes,34014
KP-21506,2025-04-20,Shimla,costume,upi,yes,6617
KP-21507,2025-04-21,Munnar,catering,cash,yes,17479
KP-21508,2025-04-21,Leh,transport,upi,yes,7370
KP-21509,2025-04-21,Jaisalmer,misc,upi,yes,6176
KP-21510,2025-04-21,Varanasi,lodging,card,yes,114870
KP-21511,2025-04-21,Shimla,transport,upi,yes,22558
KP-21512,2025-04-21,Kolkata,transport,cash,yes,60393
KP-21513,2025-04-21,Munnar,catering,cash,yes,4854
KP-21514,2025-04-21,Kutch,misc,cash,no,4493
KP-21515,2025-04-21,Leh,transport,cash,yes,27084
KP-21516,2025-04-21,Hampi,props,cash,yes,75115
KP-21517,2025-04-22,Goa,props,card,yes,53357
KP-21518,2025-04-22,Varanasi,equipment_hire,card,yes,205534
KP-21519,2025-04-22,Varanasi,lodging,upi,yes,189509
KP-21520,2025-04-22,Hampi,lodging,upi,yes,27914
KP-21521,2025-04-22,Kutch,local_permits,upi,yes,28535
KP-21522,2025-04-22,Shimla,catering,card,yes,44535
KP-21523,2025-04-22,Shimla,transport,upi,yes,8383
KP-21524,2025-04-22,Goa,equipment_hire,bank_transfer,yes,8725
KP-21525,2025-04-22,Goa,catering,card,yes,25346
KP-21526,2025-04-22,Shimla,props,cash,yes,5182
KP-21527,2025-04-22,Leh,catering,upi,yes,20736
KP-21528,2025-04-22,Munnar,props,bank_transfer,yes,819
KP-21529,2025-04-22,Varanasi,catering,cash,yes,14118
KP-21530,2025-04-22,Hampi,equipment_hire,upi,yes,61354
KP-21531,2025-04-22,Shimla,catering,upi,no,6424
KP-21532,2025-04-22,Jaisalmer,catering,card,yes,9080
KP-21533,2025-04-23,Munnar,transport,card,yes,18078
KP-21534,2025-04-23,Hampi,local_permits,card,yes,3369
KP-21535,2025-04-23,Varanasi,props,upi,no,577
KP-21536,2025-04-23,Munnar,local_permits,cash,yes,45305
KP-21537,2025-04-23,Goa,transport,card,yes,5343
KP-21538,2025-04-23,Hampi,transport,cash,yes,28954
KP-21539,2025-04-23,Hampi,transport,cash,no,5736
KP-21540,2025-04-23,Goa,transport,upi,yes,9116
KP-21541,2025-04-23,Varanasi,misc,card,yes,2664
KP-21542,2025-04-23,Goa,catering,cash,yes,10020
KP-21543,2025-04-23,Jaisalmer,props,cash,yes,10285
KP-21544,2025-04-23,Shimla,catering,cash,no,9937
KP-21545,2025-04-23,Munnar,transport,card,yes,15040
KP-21546,2025-04-23,Kolkata,misc,upi,yes,5234
KP-21547,2025-04-24,Varanasi,equipment_hire,card,yes,37843
KP-21548,2025-04-24,Hampi,misc,card,yes,841
KP-21549,2025-04-24,Shimla,catering,cash,yes,20345
KP-21550,2025-04-24,Kolkata,props,cash,yes,1230
KP-21551,2025-04-24,Shimla,catering,upi,yes,38047
KP-21552,2025-04-24,Goa,transport,bank_transfer,yes,554
KP-21553,2025-04-24,Hampi,costume,bank_transfer,yes,3160
KP-21554,2025-04-24,Hampi,equipment_hire,card,yes,98316
KP-21555,2025-04-24,Munnar,lodging,upi,yes,35904
KP-21556,2025-04-24,Leh,transport,bank_transfer,yes,8297
KP-21557,2025-04-25,Shimla,equipment_hire,cash,yes,10647
KP-21558,2025-04-25,Kolkata,equipment_hire,card,no,16032
KP-21559,2025-04-25,Shimla,catering,cash,yes,4606
KP-21560,2025-04-25,Jaisalmer,lodging,upi,yes,201874
KP-21561,2025-04-25,Varanasi,catering,upi,yes,56836
KP-21562,2025-04-25,Kutch,costume,upi,yes,17565
KP-21563,2025-04-25,Hampi,transport,upi,yes,8469
KP-21564,2025-04-25,Varanasi,transport,card,yes,2256
KP-21565,2025-04-25,Varanasi,local_permits,upi,no,22531
KP-21566,2025-04-25,Jaisalmer,catering,card,yes,21927
KP-21567,2025-04-25,Kutch,equipment_hire,cash,no,174521
KP-21568,2025-04-25,Leh,misc,bank_transfer,yes,660
KP-21569,2025-04-25,Munnar,catering,upi,yes,21379
KP-21570,2025-04-26,Jaisalmer,catering,upi,no,9728
KP-21571,2025-04-26,Shimla,props,cash,yes,17092
KP-21572,2025-04-26,Shimla,local_permits,cash,yes,43167
KP-21573,2025-04-26,Kutch,props,bank_transfer,yes,3207
KP-21574,2025-04-26,Kolkata,local_permits,bank_transfer,yes,414466
KP-21575,2025-04-26,Munnar,transport,upi,yes,23466
KP-21576,2025-04-26,Leh,equipment_hire,upi,no,76689
KP-21577,2025-04-26,Munnar,misc,card,yes,8968
KP-21578,2025-04-26,Jaisalmer,lodging,upi,yes,38061
KP-21579,2025-04-27,Shimla,catering,cash,yes,36932
KP-21580,2025-04-27,Varanasi,catering,upi,no,6335
KP-21581,2025-04-27,Shimla,costume,cash,no,7849
KP-21582,2025-04-27,Leh,costume,card,yes,5567
KP-21583,2025-04-27,Jaisalmer,lodging,cash,yes,15887
KP-21584,2025-04-27,Goa,misc,upi,yes,429
KP-21585,2025-04-27,Leh,props,cash,no,363
KP-21586,2025-04-27,Varanasi,props,cash,no,41798
KP-21587,2025-04-27,Goa,catering,cash,yes,8076
KP-21588,2025-04-27,Munnar,lodging,cash,yes,25137
KP-21589,2025-04-28,Hampi,costume,upi,no,7983
KP-21590,2025-04-28,Varanasi,transport,bank_transfer,yes,8873
KP-21591,2025-04-28,Hampi,catering,cash,yes,5654
KP-21592,2025-04-28,Jaisalmer,transport,cash,yes,19074
KP-21593,2025-04-28,Shimla,costume,cash,yes,6771
KP-21594,2025-04-28,Goa,equipment_hire,cash,yes,62680
KP-21595,2025-04-28,Jaisalmer,misc,bank_transfer,yes,10157
KP-21596,2025-04-28,Hampi,equipment_hire,upi,yes,53220
KP-21597,2025-04-28,Leh,transport,upi,yes,40638
KP-21598,2025-04-29,Shimla,misc,card,yes,7851
KP-21599,2025-04-29,Kutch,catering,upi,yes,16599
KP-21600,2025-04-29,Kolkata,local_permits,bank_transfer,yes,31373
KP-21601,2025-04-29,Shimla,misc,bank_transfer,yes,8428
KP-21602,2025-04-29,Varanasi,transport,card,yes,6402
KP-21603,2025-04-29,Leh,props,cash,yes,1152
KP-21604,2025-04-29,Kutch,lodging,cash,yes,32116
KP-21605,2025-04-29,Kolkata,transport,upi,yes,7369
KP-21606,2025-04-29,Kutch,catering,upi,yes,3368
KP-21607,2025-04-29,Jaisalmer,transport,cash,yes,1874
KP-21608,2025-04-29,Varanasi,catering,upi,yes,9689
KP-21609,2025-04-30,Varanasi,local_permits,cash,yes,6027
KP-21610,2025-04-30,Varanasi,transport,upi,yes,4934
KP-21611,2025-04-30,Shimla,local_permits,cash,yes,43960
KP-21612,2025-04-30,Jaisalmer,lodging,cash,yes,349523
KP-21613,2025-04-30,Munnar,catering,upi,yes,60285
KP-21614,2025-04-30,Shimla,costume,cash,no,17571
KP-21615,2025-04-30,Hampi,lodging,upi,yes,16826
KP-21616,2025-04-30,Goa,equipment_hire,cash,no,11595
KP-21617,2025-04-30,Shimla,props,upi,yes,8043
KP-21618,2025-04-30,Shimla,misc,upi,yes,1779
KP-21619,2025-04-30,Kolkata,lodging,cash,yes,305722
KP-21620,2025-04-30,Kutch,lodging,bank_transfer,yes,10330
KP-21621,2025-04-30,Varanasi,transport,cash,yes,2250
KP-21622,2025-04-30,Leh,transport,upi,yes,94609
KP-21623,2025-04-30,Kolkata,lodging,upi,yes,18654
KP-21624,2025-05-01,Jaisalmer,misc,cash,yes,4135
KP-21625,2025-05-01,Munnar,costume,cash,yes,8889
KP-21626,2025-05-01,Varanasi,lodging,upi,yes,7036
KP-21627,2025-05-01,Leh,lodging,cash,yes,105949
KP-21628,2025-05-01,Varanasi,misc,upi,yes,1788
KP-21629,2025-05-01,Varanasi,lodging,bank_transfer,yes,34862
KP-21630,2025-05-01,Shimla,transport,upi,yes,16103
KP-21631,2025-05-01,Hampi,transport,cash,yes,8249
KP-21632,2025-05-01,Jaisalmer,props,upi,no,16811
KP-21633,2025-05-01,Kolkata,transport,upi,yes,22593
KP-21634,2025-05-01,Shimla,catering,card,yes,46757
KP-21635,2025-05-01,Kolkata,lodging,cash,yes,223780
KP-21636,2025-05-01,Leh,props,cash,yes,38087
KP-21637,2025-05-01,Shimla,costume,bank_transfer,yes,7378
KP-21638,2025-05-01,Kutch,local_permits,cash,no,250976
KP-21639,2025-05-02,Kolkata,lodging,card,yes,14901
KP-21640,2025-05-02,Shimla,transport,upi,no,85836
KP-21641,2025-05-02,Kolkata,catering,card,yes,7148
KP-21642,2025-05-02,Goa,costume,card,no,31037
KP-21643,2025-05-02,Munnar,catering,bank_transfer,yes,51229
KP-21644,2025-05-02,Munnar,catering,bank_transfer,yes,89336
KP-21645,2025-05-02,Kutch,misc,bank_transfer,yes,9909
KP-21646,2025-05-02,Goa,costume,upi,yes,19838
KP-21647,2025-05-02,Leh,misc,card,yes,1680
KP-21648,2025-05-02,Kutch,transport,upi,yes,3086
KP-21649,2025-05-02,Goa,lodging,upi,yes,76900
KP-21650,2025-05-02,Shimla,equipment_hire,upi,yes,37294
KP-21651,2025-05-03,Goa,transport,upi,yes,5159
KP-21652,2025-05-03,Kolkata,transport,cash,yes,14929
KP-21653,2025-05-03,Kolkata,catering,upi,no,12450
KP-21654,2025-05-03,Munnar,local_permits,cash,yes,7870
KP-21655,2025-05-03,Goa,transport,cash,yes,9068
KP-21656,2025-05-03,Goa,transport,upi,yes,34977
KP-21657,2025-05-03,Hampi,transport,bank_transfer,yes,63975
KP-21658,2025-05-03,Munnar,local_permits,upi,yes,35954
KP-21659,2025-05-04,Hampi,catering,upi,yes,17404
KP-21660,2025-05-04,Kutch,misc,upi,no,1537
KP-21661,2025-05-04,Hampi,local_permits,cash,yes,8375
KP-21662,2025-05-04,Kolkata,catering,cash,yes,3777
KP-21663,2025-05-04,Leh,catering,upi,yes,4120
KP-21664,2025-05-04,Munnar,costume,cash,yes,8701
KP-21665,2025-05-04,Leh,equipment_hire,upi,yes,22749
KP-21666,2025-05-04,Leh,transport,card,yes,5748
KP-21667,2025-05-04,Jaisalmer,local_permits,card,no,26415
KP-21668,2025-05-04,Hampi,lodging,bank_transfer,yes,67360
KP-21669,2025-05-04,Goa,props,bank_transfer,yes,28979
KP-21670,2025-05-05,Jaisalmer,props,upi,no,2045
KP-21671,2025-05-05,Hampi,local_permits,bank_transfer,yes,91209
KP-21672,2025-05-05,Munnar,transport,upi,yes,38681
KP-21673,2025-05-05,Kolkata,props,card,no,2987
KP-21674,2025-05-05,Kutch,lodging,upi,yes,61488
KP-21675,2025-05-05,Hampi,catering,upi,yes,5756
KP-21676,2025-05-05,Jaisalmer,transport,cash,yes,17958
KP-21677,2025-05-05,Varanasi,local_permits,upi,yes,11847
KP-21678,2025-05-05,Goa,props,cash,yes,2218
KP-21679,2025-05-05,Munnar,props,bank_transfer,no,8812
KP-21680,2025-05-05,Varanasi,transport,upi,no,6927
KP-21681,2025-05-05,Goa,catering,bank_transfer,yes,53680
KP-21682,2025-05-05,Goa,equipment_hire,upi,yes,154712
KP-21683,2025-05-05,Jaisalmer,transport,upi,no,48310
KP-21684,2025-05-05,Jaisalmer,transport,cash,yes,1901
KP-21685,2025-05-05,Kolkata,local_permits,bank_transfer,yes,28621
KP-21686,2025-05-05,Goa,equipment_hire,upi,yes,34879
KP-21687,2025-05-05,Hampi,lodging,bank_transfer,yes,73309
KP-21688,2025-05-05,Munnar,catering,cash,no,73061
KP-21689,2025-05-06,Hampi,local_permits,bank_transfer,yes,66284
KP-21690,2025-05-06,Kolkata,lodging,upi,yes,40712
KP-21691,2025-05-06,Kutch,costume,bank_transfer,yes,1663
KP-21692,2025-05-06,Hampi,props,card,yes,550
KP-21693,2025-05-06,Jaisalmer,transport,cash,yes,2284
KP-21694,2025-05-06,Goa,local_permits,upi,no,80830
KP-21695,2025-05-06,Shimla,lodging,upi,no,11611
KP-21696,2025-05-06,Goa,props,card,yes,3714
KP-21697,2025-05-06,Hampi,lodging,upi,yes,58700
KP-21698,2025-05-06,Munnar,catering,upi,no,34824
KP-21699,2025-05-06,Jaisalmer,costume,card,yes,12339
KP-21700,2025-05-06,Goa,lodging,upi,yes,49601
KP-21701,2025-05-06,Munnar,catering,cash,yes,6498
KP-21702,2025-05-06,Hampi,equipment_hire,cash,yes,60210
KP-21703,2025-05-06,Shimla,props,upi,no,55933
KP-21704,2025-05-06,Kolkata,costume,bank_transfer,yes,34247
KP-21705,2025-05-06,Goa,transport,cash,yes,836
KP-21706,2025-05-06,Leh,costume,card,yes,41603
KP-21707,2025-05-07,Kolkata,lodging,card,yes,27581
KP-21708,2025-05-07,Goa,misc,upi,yes,2846
KP-21709,2025-05-07,Varanasi,transport,bank_transfer,yes,19371
KP-21710,2025-05-07,Kolkata,equipment_hire,card,yes,12098
KP-21711,2025-05-07,Hampi,catering,card,yes,97377
KP-21712,2025-05-07,Kolkata,transport,card,yes,19747
KP-21713,2025-05-07,Kolkata,lodging,card,yes,284547
KP-21714,2025-05-07,Hampi,transport,cash,yes,222
KP-21715,2025-05-07,Kutch,misc,upi,yes,4308
KP-21716,2025-05-07,Varanasi,misc,cash,no,1058
KP-21717,2025-05-07,Kutch,catering,cash,yes,54855
KP-21718,2025-05-07,Jaisalmer,catering,upi,yes,52695
KP-21719,2025-05-07,Hampi,equipment_hire,upi,yes,81400
KP-21720,2025-05-07,Kolkata,misc,card,yes,2262
KP-21721,2025-05-08,Hampi,misc,upi,yes,1676
KP-21722,2025-05-08,Munnar,catering,bank_transfer,yes,11549
KP-21723,2025-05-08,Hampi,equipment_hire,upi,yes,46898
KP-21724,2025-05-08,Varanasi,transport,upi,yes,7008
KP-21725,2025-05-08,Varanasi,props,bank_transfer,yes,10759
KP-21726,2025-05-08,Kolkata,transport,upi,yes,2339
KP-21727,2025-05-08,Leh,misc,upi,yes,15389
KP-21728,2025-05-08,Shimla,costume,bank_transfer,no,1248
KP-21729,2025-05-08,Hampi,transport,card,yes,2611
KP-21730,2025-05-08,Kutch,misc,cash,yes,4679
KP-21731,2025-05-08,Jaisalmer,equipment_hire,upi,yes,14675
KP-21732,2025-05-08,Hampi,catering,cash,yes,15352
KP-21733,2025-05-08,Goa,misc,bank_transfer,yes,2626
KP-21734,2025-05-08,Varanasi,catering,bank_transfer,yes,95078
KP-21735,2025-05-09,Munnar,misc,cash,yes,1927
KP-21736,2025-05-09,Shimla,equipment_hire,cash,yes,84755
KP-21737,2025-05-09,Kutch,transport,bank_transfer,yes,6881
KP-21738,2025-05-09,Goa,props,cash,yes,1441
KP-21739,2025-05-09,Hampi,catering,upi,no,35030
KP-21740,2025-05-09,Shimla,transport,cash,yes,2868
KP-21741,2025-05-09,Kolkata,catering,bank_transfer,yes,1911
KP-21742,2025-05-09,Hampi,misc,upi,yes,758
KP-21743,2025-05-09,Kutch,misc,upi,yes,2581
KP-21744,2025-05-09,Shimla,lodging,cash,yes,25357
KP-21745,2025-05-09,Hampi,costume,bank_transfer,yes,893
KP-21746,2025-05-09,Shimla,lodging,cash,yes,139930
KP-21747,2025-05-09,Munnar,costume,bank_transfer,yes,19677
KP-21748,2025-05-09,Kutch,misc,card,yes,913
KP-21749,2025-05-09,Munnar,misc,upi,yes,2528
KP-21750,2025-05-09,Kutch,catering,cash,yes,92213
KP-21751,2025-05-10,Goa,lodging,cash,yes,117085
KP-21752,2025-05-10,Jaisalmer,catering,upi,no,23483
KP-21753,2025-05-10,Varanasi,lodging,cash,yes,95289
KP-21754,2025-05-10,Goa,props,upi,yes,3471
KP-21755,2025-05-10,Hampi,transport,cash,no,8415
KP-21756,2025-05-10,Kutch,catering,cash,yes,41042
KP-21757,2025-05-10,Kolkata,local_permits,upi,yes,6720
KP-21758,2025-05-10,Munnar,transport,bank_transfer,no,8000
KP-21759,2025-05-10,Munnar,catering,upi,yes,17601
KP-21760,2025-05-10,Varanasi,props,cash,no,1970
KP-21761,2025-05-10,Varanasi,transport,upi,yes,1440
KP-21762,2025-05-10,Kutch,misc,cash,yes,2970
KP-21763,2025-05-10,Varanasi,transport,upi,yes,65039
KP-21764,2025-05-11,Shimla,catering,upi,no,29396
KP-21765,2025-05-11,Kolkata,misc,card,yes,5964
KP-21766,2025-05-11,Varanasi,catering,card,yes,33315
KP-21767,2025-05-11,Leh,catering,upi,yes,15788
KP-21768,2025-05-11,Jaisalmer,costume,card,yes,600
KP-21769,2025-05-11,Kolkata,costume,cash,yes,13582
KP-21770,2025-05-11,Kolkata,local_permits,upi,no,26215
KP-21771,2025-05-11,Hampi,local_permits,bank_transfer,yes,94117
KP-21772,2025-05-11,Varanasi,lodging,bank_transfer,yes,40072
KP-21773,2025-05-11,Leh,misc,upi,yes,3364
KP-21774,2025-05-11,Munnar,costume,cash,no,8501
KP-21775,2025-05-11,Kutch,lodging,upi,yes,30272
KP-21776,2025-05-11,Munnar,catering,cash,no,64235
KP-21777,2025-05-11,Varanasi,props,upi,yes,4713
KP-21778,2025-05-11,Kolkata,costume,card,yes,8968
KP-21779,2025-05-12,Kutch,catering,bank_transfer,yes,18004
KP-21780,2025-05-12,Kutch,equipment_hire,upi,no,136449
KP-21781,2025-05-12,Kolkata,equipment_hire,upi,yes,74664
KP-21782,2025-05-12,Kolkata,equipment_hire,cash,yes,37182
KP-21783,2025-05-12,Jaisalmer,misc,card,yes,3681
KP-21784,2025-05-12,Goa,props,upi,yes,10063
KP-21785,2025-05-12,Kutch,equipment_hire,cash,yes,57241
KP-21786,2025-05-12,Varanasi,lodging,upi,no,35239
KP-21787,2025-05-12,Kutch,equipment_hire,bank_transfer,yes,88795
KP-21788,2025-05-12,Kutch,costume,upi,yes,3244
KP-21789,2025-05-12,Leh,transport,cash,yes,9954
KP-21790,2025-05-12,Jaisalmer,costume,cash,yes,6791
KP-21791,2025-05-12,Goa,catering,cash,yes,1810
KP-21792,2025-05-12,Kolkata,lodging,cash,yes,13722
KP-21793,2025-05-12,Goa,catering,upi,yes,8188
KP-21794,2025-05-12,Leh,catering,cash,no,1501
KP-21795,2025-05-12,Jaisalmer,props,upi,no,9568
KP-21796,2025-05-13,Hampi,misc,bank_transfer,yes,721
KP-21797,2025-05-13,Hampi,local_permits,card,no,44475
KP-21798,2025-05-13,Hampi,props,card,yes,59293
KP-21799,2025-05-13,Kutch,transport,bank_transfer,yes,6488
KP-21800,2025-05-13,Leh,props,upi,yes,5349
KP-21801,2025-05-13,Goa,catering,upi,yes,4174
KP-21802,2025-05-13,Kutch,catering,card,yes,20726
KP-21803,2025-05-13,Shimla,transport,cash,yes,5292
KP-21804,2025-05-13,Hampi,transport,cash,yes,25814
KP-21805,2025-05-13,Munnar,costume,upi,yes,16994
KP-21806,2025-05-13,Kutch,misc,cash,yes,656
KP-21807,2025-05-13,Shimla,costume,cash,yes,1369
KP-21808,2025-05-13,Goa,misc,card,yes,806
KP-21809,2025-05-13,Varanasi,misc,bank_transfer,yes,447
KP-21810,2025-05-13,Hampi,costume,cash,yes,39088
KP-21811,2025-05-13,Varanasi,transport,card,yes,6924
KP-21812,2025-05-14,Kutch,catering,cash,yes,2313
KP-21813,2025-05-14,Shimla,transport,cash,yes,11300
KP-21814,2025-05-14,Varanasi,catering,cash,yes,7231
KP-21815,2025-05-14,Varanasi,catering,upi,yes,13864
KP-21816,2025-05-14,Kolkata,misc,upi,no,1115
KP-21817,2025-05-14,Munnar,lodging,card,yes,33023
KP-21818,2025-05-14,Kolkata,lodging,upi,yes,59976
KP-21819,2025-05-14,Hampi,catering,upi,yes,2515
KP-21820,2025-05-14,Hampi,catering,bank_transfer,no,6906
KP-21821,2025-05-14,Jaisalmer,equipment_hire,bank_transfer,no,14853
KP-21822,2025-05-14,Jaisalmer,props,upi,no,8282
KP-21823,2025-05-15,Leh,props,upi,no,17558
KP-21824,2025-05-15,Jaisalmer,local_permits,card,yes,20903
KP-21825,2025-05-15,Varanasi,transport,cash,yes,2013
KP-21826,2025-05-15,Leh,props,cash,yes,3309
KP-21827,2025-05-15,Munnar,transport,upi,yes,3451
KP-21828,2025-05-15,Kutch,equipment_hire,cash,yes,57882
KP-21829,2025-05-15,Hampi,catering,cash,yes,2095
KP-21830,2025-05-15,Hampi,misc,card,yes,3786
KP-21831,2025-05-15,Munnar,catering,upi,yes,10611
KP-21832,2025-05-15,Kolkata,transport,card,yes,11457
KP-21833,2025-05-15,Hampi,lodging,bank_transfer,yes,20438
KP-21834,2025-05-15,Leh,transport,bank_transfer,yes,14384
KP-21835,2025-05-15,Kutch,transport,cash,yes,3462
KP-21836,2025-05-15,Shimla,lodging,upi,yes,18167
KP-21837,2025-05-15,Hampi,catering,bank_transfer,no,31130
KP-21838,2025-05-15,Hampi,equipment_hire,cash,yes,13852
KP-21839,2025-05-15,Varanasi,costume,cash,yes,894
KP-21840,2025-05-15,Kolkata,lodging,cash,yes,203597
KP-21841,2025-05-16,Kutch,catering,upi,yes,8190
KP-21842,2025-05-16,Goa,lodging,cash,yes,45717
KP-21843,2025-05-16,Munnar,transport,upi,yes,3842
KP-21844,2025-05-16,Varanasi,equipment_hire,upi,yes,313625
KP-21845,2025-05-16,Varanasi,transport,bank_transfer,yes,1938
KP-21846,2025-05-16,Shimla,transport,cash,yes,26845
KP-21847,2025-05-16,Kolkata,local_permits,card,yes,7825
KP-21848,2025-05-16,Jaisalmer,costume,cash,yes,2180
KP-21849,2025-05-16,Jaisalmer,catering,bank_transfer,no,10744
KP-21850,2025-05-16,Jaisalmer,local_permits,cash,yes,130953
KP-21851,2025-05-16,Shimla,equipment_hire,cash,yes,32756
KP-21852,2025-05-16,Kutch,equipment_hire,upi,yes,63317
KP-21853,2025-05-16,Shimla,catering,upi,yes,8429
KP-21854,2025-05-17,Varanasi,props,upi,no,8642
KP-21855,2025-05-17,Jaisalmer,lodging,upi,yes,96439
KP-21856,2025-05-17,Hampi,costume,cash,yes,4441
KP-21857,2025-05-17,Munnar,local_permits,cash,yes,110995
KP-21858,2025-05-17,Hampi,lodging,bank_transfer,no,1994
KP-21859,2025-05-17,Munnar,props,upi,no,54002
KP-21860,2025-05-17,Hampi,transport,upi,yes,8233
KP-21861,2025-05-17,Kolkata,catering,bank_transfer,yes,4653
KP-21862,2025-05-18,Jaisalmer,lodging,upi,yes,33237
KP-21863,2025-05-18,Munnar,catering,cash,yes,1595
KP-21864,2025-05-18,Goa,misc,upi,yes,10235
KP-21865,2025-05-18,Hampi,costume,cash,yes,7949
KP-21866,2025-05-18,Goa,lodging,cash,yes,82588
KP-21867,2025-05-18,Munnar,catering,cash,yes,6349
KP-21868,2025-05-18,Leh,costume,cash,yes,11714
KP-21869,2025-05-18,Jaisalmer,transport,upi,yes,14652
KP-21870,2025-05-18,Varanasi,transport,cash,yes,14031
KP-21871,2025-05-18,Kutch,misc,card,yes,391
KP-21872,2025-05-18,Goa,catering,bank_transfer,yes,9618
KP-21873,2025-05-18,Jaisalmer,transport,cash,yes,1985
KP-21874,2025-05-18,Varanasi,catering,upi,yes,11271
KP-21875,2025-05-18,Shimla,misc,upi,yes,9152
KP-21876,2025-05-18,Goa,transport,cash,yes,7166
KP-21877,2025-05-18,Hampi,local_permits,bank_transfer,yes,9510
KP-21878,2025-05-18,Varanasi,catering,cash,yes,3893
KP-21879,2025-05-18,Goa,transport,bank_transfer,yes,12260
KP-21880,2025-05-18,Kolkata,props,bank_transfer,yes,14572
KP-21881,2025-05-18,Jaisalmer,props,card,yes,4747
KP-21882,2025-05-18,Varanasi,costume,bank_transfer,yes,34782
KP-21883,2025-05-18,Goa,catering,upi,yes,8048
KP-21884,2025-05-18,Shimla,local_permits,cash,yes,93789
KP-21885,2025-05-19,Leh,catering,bank_transfer,yes,15642
KP-21886,2025-05-19,Leh,props,cash,yes,10490
KP-21887,2025-05-19,Munnar,catering,upi,yes,25294
KP-21888,2025-05-19,Leh,costume,upi,yes,40345
KP-21889,2025-05-19,Jaisalmer,costume,card,yes,5819
KP-21890,2025-05-19,Goa,catering,card,no,3730
KP-21891,2025-05-19,Hampi,equipment_hire,upi,yes,91235
KP-21892,2025-05-19,Kolkata,equipment_hire,bank_transfer,yes,209934
KP-21893,2025-05-19,Shimla,props,card,yes,3758
KP-21894,2025-05-19,Munnar,costume,bank_transfer,yes,21009
KP-21895,2025-05-19,Leh,transport,cash,yes,22468
KP-21896,2025-05-19,Goa,transport,card,yes,20640
KP-21897,2025-05-19,Goa,equipment_hire,bank_transfer,yes,67415
KP-21898,2025-05-19,Shimla,lodging,card,yes,464984
KP-21899,2025-05-19,Varanasi,local_permits,bank_transfer,yes,10004
KP-21900,2025-05-20,Hampi,transport,cash,no,23605
KP-21901,2025-05-20,Kolkata,lodging,cash,yes,23314
KP-21902,2025-05-20,Jaisalmer,catering,upi,yes,4904
KP-21903,2025-05-20,Shimla,costume,card,yes,3810
KP-21904,2025-05-20,Munnar,lodging,cash,yes,120097
KP-21905,2025-05-20,Shimla,equipment_hire,bank_transfer,no,64453
KP-21906,2025-05-20,Varanasi,lodging,cash,yes,18339
KP-21907,2025-05-20,Leh,props,bank_transfer,yes,4142
KP-21908,2025-05-20,Munnar,catering,cash,yes,16457
KP-21909,2025-05-20,Varanasi,transport,cash,no,652
KP-21910,2025-05-20,Jaisalmer,transport,cash,yes,12035
KP-21911,2025-05-21,Hampi,transport,upi,no,83788
KP-21912,2025-05-21,Kolkata,local_permits,cash,yes,41767
KP-21913,2025-05-21,Kolkata,catering,upi,yes,19875
KP-21914,2025-05-21,Jaisalmer,costume,upi,yes,112076
KP-21915,2025-05-21,Kutch,transport,upi,yes,19165
KP-21916,2025-05-21,Jaisalmer,catering,cash,yes,72424
KP-21917,2025-05-21,Kolkata,lodging,cash,no,33774
KP-21918,2025-05-21,Munnar,catering,upi,yes,5438
KP-21919,2025-05-21,Kutch,transport,upi,yes,10244
KP-21920,2025-05-21,Kolkata,costume,upi,no,2321
KP-21921,2025-05-21,Leh,costume,upi,yes,17660
KP-21922,2025-05-21,Goa,catering,cash,yes,4096
KP-21923,2025-05-21,Leh,catering,cash,yes,6787
KP-21924,2025-05-21,Jaisalmer,props,upi,yes,5721
KP-21925,2025-05-21,Kutch,catering,card,yes,6005
KP-21926,2025-05-21,Kutch,local_permits,upi,yes,25384
KP-21927,2025-05-21,Goa,catering,cash,yes,18433
KP-21928,2025-05-21,Shimla,local_permits,card,yes,298555
KP-21929,2025-05-21,Munnar,local_permits,cash,yes,27283
KP-21930,2025-05-21,Munnar,lodging,upi,yes,64222
KP-21931,2025-05-21,Shimla,equipment_hire,cash,yes,72681
KP-21932,2025-05-22,Jaisalmer,props,upi,no,6535
KP-21933,2025-05-22,Goa,catering,bank_transfer,yes,10035
KP-21934,2025-05-22,Goa,catering,upi,yes,66548
KP-21935,2025-05-22,Kolkata,lodging,bank_transfer,yes,42149
KP-21936,2025-05-22,Shimla,catering,bank_transfer,no,48867
KP-21937,2025-05-22,Varanasi,local_permits,cash,yes,20490
KP-21938,2025-05-22,Munnar,local_permits,card,yes,19455
KP-21939,2025-05-22,Goa,misc,cash,yes,1213
KP-21940,2025-05-22,Kutch,catering,cash,yes,4840
KP-21941,2025-05-22,Hampi,lodging,cash,yes,82723
KP-21942,2025-05-22,Leh,misc,cash,yes,828
KP-21943,2025-05-22,Kutch,equipment_hire,bank_transfer,yes,13004
KP-21944,2025-05-22,Hampi,props,cash,yes,52974
KP-21945,2025-05-22,Munnar,transport,card,yes,6172
KP-21946,2025-05-23,Jaisalmer,catering,upi,yes,23915
KP-21947,2025-05-23,Hampi,transport,cash,yes,6024
KP-21948,2025-05-23,Munnar,transport,bank_transfer,yes,12917
KP-21949,2025-05-23,Leh,transport,upi,yes,27362
KP-21950,2025-05-23,Kolkata,lodging,cash,yes,29773
KP-21951,2025-05-23,Hampi,transport,card,yes,869
KP-21952,2025-05-23,Kolkata,costume,upi,yes,30164
KP-21953,2025-05-23,Kutch,equipment_hire,cash,yes,89043
KP-21954,2025-05-23,Kutch,catering,upi,yes,26784
KP-21955,2025-05-23,Goa,misc,upi,yes,552
KP-21956,2025-05-23,Kolkata,transport,upi,yes,1861
KP-21957,2025-05-23,Kolkata,lodging,cash,no,91776
KP-21958,2025-05-23,Munnar,transport,upi,yes,22581
KP-21959,2025-05-23,Leh,transport,bank_transfer,yes,1780
KP-21960,2025-05-23,Leh,transport,upi,yes,21516
KP-21961,2025-05-23,Varanasi,lodging,cash,yes,368652
KP-21962,2025-05-23,Jaisalmer,catering,upi,yes,14475
KP-21963,2025-05-23,Munnar,local_permits,upi,yes,2589
KP-21964,2025-05-23,Kolkata,misc,upi,yes,2457
KP-21965,2025-05-23,Varanasi,misc,bank_transfer,yes,7161
KP-21966,2025-05-23,Kolkata,costume,card,yes,4865
KP-21967,2025-05-23,Varanasi,catering,upi,yes,29733
KP-21968,2025-05-23,Shimla,catering,upi,yes,20704
KP-21969,2025-05-24,Jaisalmer,catering,cash,yes,7134
KP-21970,2025-05-24,Varanasi,catering,bank_transfer,yes,4777
KP-21971,2025-05-24,Jaisalmer,catering,upi,yes,11440
KP-21972,2025-05-24,Kolkata,equipment_hire,cash,yes,77544
KP-21973,2025-05-24,Goa,lodging,bank_transfer,yes,78081
KP-21974,2025-05-24,Kolkata,costume,card,yes,13763
KP-21975,2025-05-24,Kolkata,transport,upi,yes,6022
KP-21976,2025-05-24,Jaisalmer,props,bank_transfer,yes,1586
KP-21977,2025-05-24,Kutch,catering,upi,yes,36414
KP-21978,2025-05-24,Kolkata,misc,cash,yes,2161
KP-21979,2025-05-24,Kolkata,transport,cash,yes,5785
KP-21980,2025-05-24,Shimla,catering,bank_transfer,yes,25949
KP-21981,2025-05-24,Leh,catering,cash,yes,14022
KP-21982,2025-05-24,Leh,catering,cash,yes,22480
KP-21983,2025-05-24,Jaisalmer,catering,card,yes,160537
KP-21984,2025-05-24,Munnar,catering,upi,yes,11072
KP-21985,2025-05-24,Munnar,misc,upi,yes,445
KP-21986,2025-05-24,Jaisalmer,lodging,bank_transfer,yes,17715
KP-21987,2025-05-25,Leh,lodging,upi,yes,142968
KP-21988,2025-05-25,Varanasi,equipment_hire,upi,yes,235159
KP-21989,2025-05-25,Hampi,costume,upi,yes,7819
KP-21990,2025-05-25,Kolkata,catering,upi,yes,10223
KP-21991,2025-05-25,Kutch,misc,upi,yes,549
KP-21992,2025-05-25,Hampi,transport,card,yes,4677
KP-21993,2025-05-25,Munnar,equipment_hire,upi,yes,181522
KP-21994,2025-05-25,Kolkata,transport,upi,yes,52498
KP-21995,2025-05-25,Shimla,catering,card,yes,11460
KP-21996,2025-05-25,Kolkata,props,upi,yes,12025
KP-21997,2025-05-25,Hampi,props,bank_transfer,no,12061
KP-21998,2025-05-25,Goa,props,upi,no,18129
KP-21999,2025-05-25,Kutch,equipment_hire,upi,yes,63311
KP-22000,2025-05-26,Hampi,transport,cash,yes,8661
KP-22001,2025-05-26,Leh,misc,upi,yes,7036
KP-22002,2025-05-26,Hampi,catering,card,yes,9100
KP-22003,2025-05-26,Hampi,costume,upi,yes,7573
KP-22004,2025-05-26,Jaisalmer,props,cash,no,14632
KP-22005,2025-05-26,Leh,lodging,bank_transfer,yes,75004
KP-22006,2025-05-26,Kolkata,equipment_hire,upi,yes,21749
KP-22007,2025-05-26,Kolkata,props,bank_transfer,yes,10655
KP-22008,2025-05-26,Varanasi,local_permits,bank_transfer,yes,216963
KP-22009,2025-05-26,Varanasi,lodging,cash,no,8432
KP-22010,2025-05-26,Varanasi,misc,bank_transfer,yes,1652
KP-22011,2025-05-26,Shimla,equipment_hire,card,yes,166921
KP-22012,2025-05-26,Kolkata,catering,upi,yes,6330
KP-22013,2025-05-26,Munnar,lodging,cash,yes,14471
KP-22014,2025-05-26,Kolkata,misc,upi,yes,1151
KP-22015,2025-05-26,Varanasi,transport,upi,yes,1061
KP-22016,2025-05-26,Kolkata,costume,cash,yes,9720
KP-22017,2025-05-27,Kolkata,equipment_hire,upi,yes,124583
KP-22018,2025-05-27,Goa,transport,cash,yes,16941
KP-22019,2025-05-27,Kutch,props,upi,no,8744
KP-22020,2025-05-27,Kolkata,lodging,upi,yes,10845
KP-22021,2025-05-27,Shimla,transport,upi,yes,21550
KP-22022,2025-05-27,Kolkata,transport,cash,yes,5767
KP-22023,2025-05-27,Goa,costume,card,yes,6198
KP-22024,2025-05-27,Leh,transport,cash,yes,5646
KP-22025,2025-05-27,Kolkata,catering,upi,yes,10354
KP-22026,2025-05-27,Kolkata,props,bank_transfer,yes,7370
KP-22027,2025-05-27,Kutch,equipment_hire,cash,no,35774
KP-22028,2025-05-27,Munnar,props,bank_transfer,yes,2608
KP-22029,2025-05-27,Hampi,misc,bank_transfer,yes,49959
KP-22030,2025-05-28,Jaisalmer,transport,bank_transfer,yes,19292
KP-22031,2025-05-28,Varanasi,props,bank_transfer,no,3047
KP-22032,2025-05-28,Varanasi,equipment_hire,bank_transfer,yes,192559
KP-22033,2025-05-28,Shimla,lodging,upi,yes,10056
KP-22034,2025-05-28,Kutch,misc,cash,yes,4399
KP-22035,2025-05-28,Shimla,catering,upi,yes,5682
KP-22036,2025-05-28,Varanasi,costume,cash,yes,1873
KP-22037,2025-05-28,Kolkata,misc,card,yes,3313
KP-22038,2025-05-28,Kutch,catering,card,yes,5348
KP-22039,2025-05-28,Hampi,catering,card,no,56444
KP-22040,2025-05-28,Leh,props,upi,yes,1173
KP-22041,2025-05-29,Kutch,props,upi,yes,9385
KP-22042,2025-05-29,Shimla,transport,cash,yes,4613
KP-22043,2025-05-29,Varanasi,misc,card,yes,1162
KP-22044,2025-05-29,Shimla,misc,upi,yes,457
KP-22045,2025-05-29,Hampi,costume,cash,yes,1908
KP-22046,2025-05-29,Shimla,catering,upi,yes,16129
KP-22047,2025-05-29,Munnar,equipment_hire,upi,yes,103261
KP-22048,2025-05-29,Kolkata,equipment_hire,cash,yes,17479
KP-22049,2025-05-29,Hampi,transport,bank_transfer,yes,26705
KP-22050,2025-05-29,Kolkata,catering,cash,yes,10640
KP-22051,2025-05-29,Shimla,lodging,cash,yes,70423
KP-22052,2025-05-29,Shimla,misc,upi,yes,2106
KP-22053,2025-05-29,Jaisalmer,transport,upi,yes,15607
KP-22054,2025-05-29,Varanasi,props,upi,yes,4740
KP-22055,2025-05-29,Shimla,lodging,card,yes,33378
KP-22056,2025-05-29,Munnar,costume,cash,yes,32641
KP-22057,2025-05-29,Munnar,props,cash,yes,2369
KP-22058,2025-05-29,Munnar,misc,cash,yes,413
KP-22059,2025-05-29,Leh,catering,cash,yes,7850
KP-22060,2025-05-29,Kutch,lodging,upi,yes,20461
KP-22061,2025-05-30,Kolkata,equipment_hire,cash,no,110155
KP-22062,2025-05-30,Leh,catering,bank_transfer,yes,18106
KP-22063,2025-05-30,Hampi,props,upi,yes,915
KP-22064,2025-05-30,Kolkata,transport,cash,yes,4827
KP-22065,2025-05-30,Hampi,props,card,yes,3350
KP-22066,2025-05-30,Munnar,catering,cash,yes,56771
KP-22067,2025-05-30,Kutch,costume,card,yes,2343
KP-22068,2025-05-30,Kolkata,catering,upi,yes,49592
KP-22069,2025-05-30,Kutch,equipment_hire,cash,no,44755
KP-22070,2025-05-30,Kolkata,costume,cash,yes,20085
KP-22071,2025-05-30,Shimla,transport,cash,yes,4077
KP-22072,2025-05-30,Varanasi,catering,upi,yes,21526
KP-22073,2025-05-31,Leh,catering,bank_transfer,yes,13041
KP-22074,2025-05-31,Munnar,equipment_hire,upi,yes,59813
KP-22075,2025-05-31,Leh,lodging,bank_transfer,yes,19371
KP-22076,2025-05-31,Leh,catering,card,yes,68088
KP-22077,2025-05-31,Goa,misc,cash,yes,4656
KP-22078,2025-05-31,Kutch,transport,upi,no,63219
KP-22079,2025-05-31,Hampi,lodging,upi,yes,3484
KP-22080,2025-05-31,Leh,lodging,upi,yes,35072
KP-22081,2025-05-31,Leh,lodging,cash,yes,34087
KP-22082,2025-05-31,Hampi,catering,upi,yes,3674
KP-22083,2025-05-31,Varanasi,props,bank_transfer,yes,5743
KP-22084,2025-05-31,Hampi,catering,card,no,2615
KP-22085,2025-05-31,Varanasi,props,card,yes,55226
KP-22086,2025-05-31,Kutch,misc,cash,yes,3299
KP-22087,2025-05-31,Jaisalmer,catering,card,yes,16594
KP-22088,2025-05-31,Varanasi,misc,cash,yes,3219
KP-22089,2025-05-31,Munnar,misc,cash,yes,2398
KP-22090,2025-05-31,Munnar,equipment_hire,bank_transfer,yes,55039
KP-22091,2025-06-01,Munnar,local_permits,card,yes,12016
KP-22092,2025-06-01,Kutch,misc,bank_transfer,no,2653
KP-22093,2025-06-01,Kutch,catering,cash,yes,27146
KP-22094,2025-06-01,Goa,transport,upi,yes,7215
KP-22095,2025-06-01,Varanasi,transport,upi,yes,3064
KP-22096,2025-06-01,Goa,misc,upi,yes,869
KP-22097,2025-06-01,Hampi,costume,upi,yes,8304
KP-22098,2025-06-01,Hampi,props,bank_transfer,yes,5674
KP-22099,2025-06-01,Goa,equipment_hire,upi,yes,10133
KP-22100,2025-06-01,Jaisalmer,misc,card,yes,1451
KP-22101,2025-06-01,Varanasi,misc,cash,yes,1575
KP-22102,2025-06-01,Goa,transport,cash,yes,3120
KP-22103,2025-06-01,Goa,misc,cash,no,1918
KP-22104,2025-06-01,Leh,catering,card,yes,185471
KP-22105,2025-06-01,Goa,catering,cash,yes,24277
KP-22106,2025-06-01,Goa,props,upi,yes,1341
KP-22107,2025-06-02,Jaisalmer,catering,cash,yes,15625
KP-22108,2025-06-02,Jaisalmer,catering,upi,yes,23694
KP-22109,2025-06-02,Munnar,props,card,yes,3134
KP-22110,2025-06-02,Shimla,transport,upi,yes,6908
KP-22111,2025-06-02,Munnar,catering,upi,yes,6029
KP-22112,2025-06-02,Leh,catering,card,yes,9008
KP-22113,2025-06-02,Munnar,props,bank_transfer,yes,44957
KP-22114,2025-06-02,Shimla,lodging,card,yes,34778
KP-22115,2025-06-02,Hampi,costume,card,yes,2759
KP-22116,2025-06-02,Kolkata,transport,card,yes,6657
KP-22117,2025-06-02,Goa,misc,bank_transfer,yes,2328
KP-22118,2025-06-02,Jaisalmer,equipment_hire,upi,yes,26482
KP-22119,2025-06-02,Kutch,catering,upi,yes,5357
KP-22120,2025-06-02,Goa,catering,cash,yes,6354
KP-22121,2025-06-02,Varanasi,transport,cash,yes,8468
KP-22122,2025-06-02,Varanasi,catering,cash,yes,28585
KP-22123,2025-06-02,Varanasi,misc,bank_transfer,yes,1197
KP-22124,2025-06-02,Kutch,costume,upi,no,2401
KP-22125,2025-06-02,Leh,misc,upi,yes,418
KP-22126,2025-06-02,Hampi,equipment_hire,bank_transfer,no,908495
KP-22127,2025-06-03,Kutch,misc,upi,yes,1471
KP-22128,2025-06-03,Kolkata,equipment_hire,cash,yes,41149
KP-22129,2025-06-03,Kutch,transport,bank_transfer,yes,15159
KP-22130,2025-06-03,Kolkata,costume,upi,yes,3854
KP-22131,2025-06-03,Leh,misc,upi,yes,2576
KP-22132,2025-06-03,Hampi,props,cash,no,6543
KP-22133,2025-06-03,Kolkata,catering,bank_transfer,yes,4598
KP-22134,2025-06-03,Munnar,misc,upi,yes,1768
KP-22135,2025-06-03,Varanasi,catering,upi,yes,27655
KP-22136,2025-06-03,Leh,catering,cash,yes,11438
KP-22137,2025-06-04,Munnar,transport,upi,yes,11884
KP-22138,2025-06-04,Munnar,props,upi,yes,5894
KP-22139,2025-06-04,Hampi,catering,upi,yes,4759
KP-22140,2025-06-04,Kolkata,equipment_hire,cash,yes,139244
KP-22141,2025-06-04,Leh,costume,upi,yes,8660
KP-22142,2025-06-04,Jaisalmer,transport,cash,yes,37801
KP-22143,2025-06-04,Kolkata,equipment_hire,card,yes,38111
KP-22144,2025-06-04,Kutch,catering,bank_transfer,yes,6904
KP-22145,2025-06-04,Varanasi,props,upi,yes,4614
KP-22146,2025-06-04,Kolkata,equipment_hire,upi,yes,128976
KP-22147,2025-06-04,Goa,costume,upi,yes,1986
KP-22148,2025-06-04,Shimla,props,cash,yes,11114
KP-22149,2025-06-04,Hampi,transport,upi,yes,8331
KP-22150,2025-06-04,Shimla,catering,upi,yes,3783
KP-22151,2025-06-04,Varanasi,lodging,card,no,11152
KP-22152,2025-06-04,Hampi,catering,upi,yes,50519
KP-22153,2025-06-04,Kutch,lodging,upi,yes,87344
KP-22154,2025-06-04,Kutch,props,card,no,5879
KP-22155,2025-06-04,Kolkata,transport,bank_transfer,yes,15103
KP-22156,2025-06-04,Munnar,catering,cash,no,2226
KP-22157,2025-06-04,Munnar,props,cash,no,10854
KP-22158,2025-06-04,Leh,equipment_hire,card,yes,1866
KP-22159,2025-06-04,Jaisalmer,equipment_hire,cash,yes,49360
