applicant_id,submitted_on,gender,age,residency,undergrad_gpa,department,admitted
ASH-19934,2025-11-20,M,28,domestic,3.36,Physics,1
ASH-91364,2025-12-25,M,29,international,3.79,Physics,1
ASH-83628,2025-10-17,M,24,domestic,3.18,Engineering,1
ASH-33409,2025-11-21,M,25,domestic,3.45,Economics,0
ASH-91186,2025-12-08,M,22,domestic,3.66,Psychology,0
ASH-39550,2025-11-09,F,26,domestic,3.13,English,0
ASH-88240,2025-11-19,M,26,international,3.41,Engineering,1
ASH-77808,2025-10-10,F,26,international,4.0,English,0
ASH-79434,2025-11-17,M,22,domestic,3.99,Engineering,1
ASH-66096,2025-11-01,M,25,domestic,3.72,Psychology,1
ASH-30370,2025-10-18,F,24,domestic,3.71,English,0
ASH-53006,2025-11-25,F,23,domestic,3.31,English,0
ASH-80151,2025-12-09,M,26,international,2.93,Economics,0
ASH-94602,2025-10-09,F,27,domestic,3.62,Biology,0
ASH-72008,2025-11-20,M,23,domestic,3.24,Economics,0
ASH-17226,2025-12-03,M,28,international,3.61,English,0
ASH-26651,2025-12-31,M,25,international,3.58,Engineering,1
ASH-74368,2025-11-18,F,23,international,3.29,English,0
ASH-96283,2025-11-03,M,23,domestic,3.23,Engineering,1
ASH-98917,2025-11-18,M,23,domestic,3.04,Engineering,0
ASH-64709,2025-11-20,F,23,domestic,3.44,Psychology,1
ASH-45677,2025-12-28,M,24,international,3.26,Biology,0
ASH-83772,2025-11-26,M,24,domestic,3.59,Engineering,1
ASH-79276,2025-10-18,M,26,domestic,3.45,English,0
ASH-66505,2025-10-30,F,24,domestic,3.39,English,0
ASH-72767,2025-12-19,F,24,domestic,3.61,Biology,1
ASH-91029,2025-10-02,F,24,domestic,2.8,Engineering,0
ASH-43381,2025-10-16,M,26,domestic,3.3,Engineering,1
ASH-28290,2025-12-15,M,23,domestic,3.62,English,0
ASH-23922,2025-12-12,M,24,domestic,3.81,Biology,1
ASH-85112,2025-11-23,M,24,domestic,3.4,Engineering,0
ASH-59926,2025-12-31,F,25,domestic,3.35,English,0
ASH-90427,2025-12-26,F,25,domestic,2.94,Biology,0
ASH-78815,2025-11-26,F,25,domestic,3.83,Economics,1
ASH-24943,2025-11-04,M,26,domestic,2.97,Engineering,0
ASH-30992,2025-11-03,F,22,domestic,3.26,English,0
ASH-78300,2025-12-08,F,26,international,2.9,Psychology,0
ASH-51760,2025-12-23,M,22,domestic,3.31,Physics,0
ASH-65011,2025-11-13,M,23,international,3.34,Biology,0
ASH-81501,2025-10-29,M,27,domestic,3.23,Biology,0
ASH-70452,2025-11-09,M,24,domestic,3.71,Biology,1
ASH-55932,2025-12-20,F,23,domestic,3.2,Biology,0
ASH-79654,2025-12-21,M,24,domestic,3.58,Engineering,1
ASH-40260,2025-11-02,F,25,domestic,2.89,Psychology,0
ASH-20927,2025-12-18,F,23,international,3.4,Economics,0
ASH-86638,2025-10-11,M,22,domestic,3.35,Physics,1
ASH-16250,2025-12-08,F,33,domestic,3.17,Economics,0
ASH-73046,2025-10-08,M,24,domestic,3.14,Physics,0
ASH-71637,2025-11-19,F,22,domestic,3.42,Economics,0
ASH-60094,2025-12-26,M,24,domestic,3.68,Physics,1
ASH-77468,2025-12-23,F,22,international,2.61,Psychology,0
ASH-53428,2025-10-02,F,24,domestic,3.62,Psychology,1
ASH-23180,2025-11-09,M,23,international,3.21,Biology,0
ASH-18983,2025-12-09,M,23,domestic,3.4,Economics,1
ASH-61079,2025-12-28,F,26,international,3.48,Psychology,0
ASH-68994,2025-11-21,F,24,domestic,3.31,Psychology,0
ASH-49537,2025-10-02,M,24,domestic,3.29,Physics,1
ASH-15560,2025-12-06,M,24,international,3.05,Physics,0
ASH-82819,2025-10-07,F,22,domestic,2.73,English,0
ASH-15163,2025-10-03,F,27,international,3.82,English,0
ASH-96824,2025-11-20,M,26,international,3.65,Engineering,1
ASH-35070,2025-12-03,F,25,international,3.44,Biology,1
ASH-44736,2025-11-28,M,26,domestic,3.55,English,0
ASH-75490,2025-10-08,F,26,domestic,3.22,Psychology,0
ASH-73697,2025-10-10,F,23,international,3.25,Biology,0
ASH-45703,2025-11-30,M,27,international,3.66,Psychology,1
ASH-21169,2025-11-27,M,22,domestic,3.46,Physics,0
ASH-66045,2025-10-06,F,26,international,3.47,Biology,0
ASH-45432,2025-12-29,F,22,international,3.08,English,0
ASH-56137,2025-11-09,F,25,international,2.8,Economics,0
ASH-53317,2025-12-05,F,26,international,3.3,Psychology,0
ASH-98607,2025-11-20,M,25,international,3.4,Physics,1
ASH-17189,2025-10-19,M,23,domestic,3.18,Physics,0
ASH-55896,2025-10-09,M,22,domestic,2.68,Physics,0
ASH-32535,2025-11-23,M,25,domestic,3.02,English,0
ASH-41577,2025-11-14,F,24,domestic,3.2,English,0
ASH-14218,2025-10-19,M,24,domestic,3.44,Engineering,1
ASH-96390,2025-10-23,M,24,international,3.94,Economics,1
ASH-29551,2025-10-21,M,24,domestic,2.34,Engineering,0
ASH-36357,2025-11-25,F,29,domestic,3.82,Biology,0
ASH-30363,2025-10-22,F,24,domestic,3.32,Biology,0
ASH-11900,2025-12-03,M,25,international,3.03,Engineering,0
ASH-40199,2025-11-21,F,25,domestic,3.56,Psychology,0
ASH-11186,2025-10-22,F,24,domestic,2.83,Psychology,0
ASH-69333,2025-11-12,M,23,domestic,3.63,Biology,1
ASH-96009,2025-11-06,M,22,international,3.0,Engineering,0
ASH-25183,2025-12-30,M,23,domestic,3.92,Engineering,1
ASH-25834,2025-10-11,F,24,domestic,2.89,Economics,0
ASH-24341,2025-11-23,F,22,international,3.42,Biology,0
ASH-21192,2025-12-24,F,22,domestic,3.43,Economics,1
ASH-85511,2025-10-29,M,22,domestic,3.56,Psychology,0
ASH-37759,2025-12-16,M,23,domestic,3.37,Biology,0
ASH-60003,2025-11-09,F,25,international,3.9,Economics,1
ASH-82552,2025-12-19,F,25,domestic,3.6,Physics,1
ASH-74714,2025-12-18,F,22,domestic,3.01,Biology,0
ASH-77774,2025-10-12,M,24,domestic,4.0,Engineering,1
ASH-59689,2025-12-13,M,23,international,3.41,Physics,1
ASH-66609,2025-10-29,F,24,domestic,3.68,English,0
ASH-95411,2025-12-03,F,28,domestic,2.59,Economics,0
ASH-76261,2025-11-28,F,22,international,3.21,Psychology,0
ASH-14911,2025-10-29,F,22,domestic,3.33,Economics,0
ASH-62085,2025-12-20,F,25,international,3.18,English,0
ASH-58886,2025-12-01,F,24,international,3.55,Engineering,0
ASH-17277,2025-11-22,M,23,international,3.44,English,0
ASH-50898,2025-10-02,F,22,domestic,3.19,Engineering,0
ASH-31246,2025-12-30,M,30,domestic,3.07,Engineering,0
ASH-46833,2025-12-19,F,25,domestic,2.82,English,0
ASH-45366,2025-10-02,M,23,domestic,3.07,Physics,0
ASH-95398,2025-11-11,M,23,domestic,3.98,Physics,1
ASH-66984,2025-10-27,M,23,domestic,3.17,Engineering,0
ASH-56672,2025-12-03,F,27,domestic,2.91,Economics,0
ASH-19105,2025-11-04,M,25,domestic,3.37,Biology,1
ASH-26172,2025-12-09,F,23,domestic,3.14,Physics,1
ASH-31254,2025-11-23,M,26,domestic,3.36,Engineering,1
ASH-73221,2025-11-04,F,23,domestic,4.0,English,1
ASH-16347,2025-11-23,M,23,domestic,3.69,Engineering,1
ASH-53365,2025-10-18,M,30,international,3.77,Engineering,1
ASH-74389,2025-12-19,M,27,international,3.88,Economics,1
ASH-10337,2025-12-08,M,24,international,3.09,Engineering,1
ASH-80901,2025-11-26,M,24,domestic,4.0,Engineering,1
ASH-80176,2025-10-22,F,24,domestic,2.88,Biology,0
ASH-63077,2025-10-27,M,24,international,3.37,Physics,1
ASH-43549,2025-10-27,M,25,international,3.88,Engineering,1
ASH-25084,2025-12-03,F,25,domestic,2.91,English,0
ASH-30289,2025-11-29,M,24,domestic,2.74,Engineering,0
ASH-57609,2025-12-14,M,27,domestic,3.29,Physics,1
ASH-86017,2025-10-08,M,24,domestic,4.0,Physics,1
ASH-27507,2025-11-12,M,24,domestic,3.28,English,0
ASH-30040,2025-12-15,M,23,international,3.2,Economics,1
ASH-27123,2025-11-04,F,25,domestic,2.97,Economics,0
ASH-85066,2025-12-24,M,26,domestic,3.37,English,0
ASH-18073,2025-12-23,F,22,international,3.24,Biology,0
ASH-71011,2025-10-21,M,24,domestic,2.85,Economics,0
ASH-22189,2025-10-04,F,28,domestic,2.73,English,0
ASH-39074,2025-11-02,F,25,international,3.13,Engineering,1
ASH-49378,2025-10-01,F,23,international,2.81,English,0
ASH-24681,2025-12-10,F,28,domestic,3.33,Psychology,1
ASH-73356,2025-12-17,M,23,domestic,3.36,English,0
ASH-10446,2025-11-10,M,27,domestic,3.42,Engineering,0
ASH-88645,2025-11-26,M,23,international,3.52,Biology,0
ASH-82086,2025-10-05,M,26,domestic,3.6,English,0
ASH-97761,2025-11-27,F,23,domestic,3.48,Psychology,0
ASH-65036,2025-10-29,M,27,international,3.3,Engineering,0
ASH-60233,2025-11-06,M,26,domestic,2.88,Physics,0
ASH-60362,2025-12-22,F,24,international,3.38,Economics,0
ASH-36580,2025-10-18,F,25,international,3.66,Biology,0
ASH-55843,2025-10-10,M,25,domestic,3.31,Engineering,1
ASH-99607,2025-11-09,F,25,international,3.06,Biology,0
ASH-98171,2025-11-28,M,28,international,3.71,Economics,1
ASH-91027,2025-12-19,M,22,domestic,3.48,Biology,0
ASH-59038,2025-12-30,M,23,domestic,3.31,Engineering,0
ASH-80700,2025-12-04,M,23,domestic,3.29,English,0
ASH-47823,2025-10-26,M,26,international,3.66,English,1
ASH-35625,2025-10-28,M,22,international,3.2,Economics,0
ASH-11300,2025-11-24,M,27,domestic,3.08,Engineering,0
ASH-21092,2025-10-02,M,25,domestic,3.0,Engineering,0
ASH-22891,2025-10-25,F,25,domestic,3.13,Psychology,0
ASH-41884,2025-10-20,M,25,domestic,3.77,Biology,1
ASH-93970,2025-12-25,M,22,domestic,3.32,English,0
ASH-77481,2025-12-10,F,23,international,3.19,English,0
ASH-27131,2025-12-21,F,25,domestic,3.4,Psychology,1
ASH-10778,2025-10-20,M,24,domestic,3.83,Physics,1
ASH-61517,2025-10-23,F,24,domestic,2.8,Biology,0
ASH-62551,2025-12-10,M,24,international,3.52,English,0
ASH-77310,2025-10-26,F,23,international,3.52,Engineering,1
ASH-51926,2025-10-14,M,25,domestic,3.06,Engineering,0
ASH-75001,2025-10-03,F,26,domestic,2.98,Psychology,0
ASH-27431,2025-12-22,M,25,international,3.17,Economics,0
ASH-63951,2025-11-25,F,25,international,2.93,Biology,0
ASH-34419,2025-11-12,M,24,domestic,3.14,Engineering,1
ASH-95708,2025-10-29,M,27,domestic,3.08,Economics,0
ASH-54496,2025-11-16,F,25,domestic,3.63,Psychology,0
ASH-16168,2025-10-27,M,24,domestic,3.95,Physics,1
ASH-47258,2025-10-16,M,24,domestic,3.4,Engineering,1
ASH-12319,2025-12-12,F,25,domestic,3.38,English,0
ASH-99406,2025-10-28,M,22,international,2.9,Engineering,0
ASH-60254,2025-11-03,M,23,domestic,3.59,Economics,1
ASH-70081,2025-11-21,M,22,domestic,2.83,Psychology,0
ASH-88747,2025-12-20,M,26,domestic,3.64,Economics,0
ASH-94502,2025-10-26,M,25,domestic,3.55,Biology,0
ASH-25696,2025-11-29,F,23,domestic,3.53,English,0
ASH-75885,2025-11-21,F,25,domestic,3.36,Biology,0
ASH-69801,2025-12-28,F,24,international,3.64,Physics,1
ASH-33616,2025-11-22,M,29,domestic,3.76,Biology,0
ASH-83651,2025-10-19,M,26,domestic,3.34,Engineering,1
ASH-91693,2025-12-13,F,23,domestic,3.46,Economics,1
ASH-92180,2025-10-14,M,24,domestic,3.25,Biology,0
ASH-59453,2025-10-04,M,23,domestic,3.6,Engineering,0
ASH-25091,2025-11-20,M,24,international,3.65,Economics,0
ASH-75935,2025-10-25,M,23,international,2.98,English,0
ASH-33072,2025-12-03,M,23,domestic,3.89,Physics,1
ASH-73736,2025-10-03,F,24,international,3.04,Biology,0
ASH-93337,2025-10-20,F,23,domestic,3.89,English,0
ASH-26164,2025-11-03,M,22,domestic,2.76,Economics,0
ASH-82767,2025-12-07,F,32,domestic,3.55,Psychology,0
ASH-62095,2025-10-01,F,22,domestic,3.14,Psychology,0
ASH-50888,2025-11-20,F,23,international,3.4,English,0
ASH-93473,2025-12-28,M,25,international,2.88,Psychology,0
ASH-50772,2025-11-16,F,24,domestic,2.95,Economics,0
ASH-54612,2025-10-03,M,24,domestic,3.29,Economics,0
ASH-35856,2025-12-01,M,23,international,3.09,Engineering,1
ASH-75203,2025-10-29,M,22,domestic,3.45,Engineering,1
ASH-62147,2025-11-14,M,26,domestic,3.81,Economics,1
ASH-27239,2025-12-12,F,23,domestic,3.65,Biology,0
ASH-10874,2025-12-04,F,26,domestic,3.76,English,1
ASH-89396,2025-10-03,M,23,domestic,3.27,Physics,0
ASH-24611,2025-12-11,F,25,international,4.0,Psychology,1
ASH-38698,2025-12-19,M,22,domestic,3.89,Engineering,1
ASH-63919,2025-11-04,F,24,domestic,3.32,Engineering,1
ASH-98182,2025-12-09,M,22,domestic,3.32,Engineering,0
ASH-62111,2025-10-13,M,24,international,3.12,Engineering,0
ASH-15537,2025-10-22,M,25,international,3.51,Engineering,1
ASH-79899,2025-10-22,M,26,domestic,3.54,Psychology,0
ASH-83792,2025-12-08,M,23,domestic,3.16,Psychology,0
ASH-55325,2025-10-10,F,26,domestic,3.37,Psychology,0
ASH-42302,2025-10-19,M,23,domestic,4.0,Biology,1
ASH-25923,2025-10-06,F,26,domestic,3.01,Psychology,0
ASH-47930,2025-12-22,F,24,domestic,3.95,Engineering,1
ASH-12985,2025-11-09,M,24,international,2.93,Physics,0
ASH-43834,2025-11-16,M,33,domestic,3.66,Physics,1
ASH-43881,2025-10-30,F,28,domestic,2.67,Psychology,0
ASH-47602,2025-11-10,F,26,international,3.95,Psychology,1
ASH-18191,2025-11-10,F,25,domestic,3.25,Economics,0
ASH-65046,2025-11-23,M,23,domestic,3.7,Biology,0
ASH-41733,2025-12-09,M,30,domestic,3.11,Engineering,0
ASH-31841,2025-10-24,M,24,international,3.13,Economics,0
ASH-36923,2025-12-14,M,24,domestic,2.97,Economics,1
ASH-38313,2025-12-22,F,24,international,2.75,Engineering,0
ASH-39348,2025-11-13,M,22,international,3.29,Engineering,1
ASH-36186,2025-11-27,F,22,international,3.58,Psychology,0
ASH-56539,2025-10-02,M,24,international,2.95,Psychology,0
ASH-41290,2025-12-09,F,25,domestic,3.28,Biology,0
ASH-35842,2025-10-15,M,27,international,3.55,Physics,1
ASH-52212,2025-12-02,M,22,domestic,3.1,Physics,1
ASH-89897,2025-12-20,F,24,domestic,3.72,English,0
ASH-19725,2025-12-10,M,30,domestic,2.98,Biology,0
ASH-25919,2025-12-19,M,25,domestic,3.39,Engineering,1
ASH-84218,2025-10-20,M,26,domestic,3.47,Economics,1
ASH-78708,2025-11-25,M,27,domestic,3.3,English,0
ASH-63327,2025-11-27,M,23,domestic,3.04,Engineering,1
ASH-54510,2025-12-17,M,23,domestic,3.81,English,1
ASH-37955,2025-10-31,M,25,domestic,3.04,Economics,0
ASH-94103,2025-12-09,M,24,domestic,3.4,Psychology,0
ASH-52776,2025-12-09,F,23,international,2.84,English,0
ASH-95112,2025-12-09,M,23,domestic,3.28,Physics,0
ASH-13551,2025-10-13,M,25,domestic,3.44,English,0
ASH-39921,2025-10-23,F,23,domestic,3.4,Psychology,0
ASH-57781,2025-11-01,M,24,domestic,2.83,Engineering,0
ASH-33258,2025-10-03,F,24,domestic,3.65,Biology,0
ASH-29201,2025-10-24,F,26,international,3.66,English,0
ASH-44779,2025-10-01,F,29,domestic,3.25,Psychology,0
ASH-33364,2025-12-24,M,30,domestic,3.17,Engineering,1
ASH-26861,2025-12-06,M,22,domestic,3.72,Biology,1
ASH-82644,2025-11-30,M,22,international,3.29,English,0
ASH-40294,2025-10-06,F,24,domestic,3.05,Biology,0
ASH-96385,2025-12-10,M,33,international,3.35,Physics,0
ASH-29512,2025-11-15,F,25,domestic,3.21,Economics,0
ASH-69739,2025-12-29,M,27,domestic,2.99,Physics,0
ASH-47619,2025-12-05,F,22,international,3.34,Psychology,0
ASH-92649,2025-11-21,M,28,international,2.9,Psychology,0
ASH-38182,2025-10-31,F,22,domestic,3.54,Economics,0
ASH-43334,2025-12-28,M,24,domestic,3.44,English,0
ASH-32049,2025-12-26,F,24,international,3.46,Engineering,1
ASH-63594,2025-11-06,F,26,domestic,2.58,Psychology,0
ASH-66387,2025-10-03,M,23,domestic,2.77,Economics,0
ASH-30338,2025-10-23,F,22,international,3.24,Psychology,1
ASH-22512,2025-11-12,F,25,domestic,3.36,Economics,0
ASH-92911,2025-11-19,F,26,domestic,3.48,Economics,1
ASH-40241,2025-11-21,F,23,domestic,3.12,English,0
ASH-50972,2025-10-16,M,25,international,3.33,Engineering,1
ASH-83759,2025-12-09,M,23,domestic,3.07,Engineering,0
ASH-10127,2025-10-12,M,23,international,3.42,Physics,0
ASH-79361,2025-11-09,F,25,domestic,3.2,English,0
ASH-95456,2025-12-10,M,23,domestic,3.22,Biology,0
ASH-45128,2025-12-13,F,31,domestic,3.82,Economics,1
ASH-32352,2025-10-30,M,26,domestic,3.32,Economics,0
ASH-57431,2025-11-19,F,24,international,4.0,English,1
ASH-95188,2025-12-11,M,23,domestic,3.39,Psychology,0
ASH-62011,2025-11-13,F,23,international,3.29,Physics,1
ASH-86833,2025-11-03,F,23,domestic,2.97,Economics,0
ASH-46529,2025-12-18,F,28,international,2.91,English,0
ASH-67085,2025-10-18,F,23,domestic,3.61,Biology,0
ASH-96348,2025-11-09,M,25,domestic,2.68,Economics,0
ASH-10242,2025-11-16,M,26,domestic,3.49,Physics,0
ASH-45704,2025-12-05,M,24,domestic,3.47,Engineering,1
ASH-88631,2025-10-06,M,22,domestic,3.25,Economics,0
ASH-95374,2025-12-23,F,24,domestic,3.07,Psychology,0
ASH-27070,2025-10-31,F,26,domestic,3.38,English,0
ASH-30382,2025-12-30,F,23,domestic,3.76,Economics,1
ASH-12079,2025-12-03,M,29,international,3.36,Engineering,1
ASH-70984,2025-12-18,M,26,domestic,3.26,Biology,0
ASH-10179,2025-10-02,F,25,domestic,3.23,Engineering,1
ASH-55893,2025-12-04,F,23,domestic,3.73,English,1
ASH-72456,2025-12-10,F,24,domestic,3.78,Psychology,0
ASH-27428,2025-12-12,F,23,domestic,3.51,Biology,0
ASH-24881,2025-10-20,M,27,domestic,3.08,Engineering,0
ASH-33467,2025-12-05,M,25,domestic,3.53,Engineering,1
ASH-19028,2025-11-23,F,30,domestic,3.2,Economics,0
ASH-57632,2025-10-29,M,25,domestic,3.04,Psychology,0
ASH-68485,2025-10-09,M,28,domestic,3.34,Engineering,1
ASH-32818,2025-10-12,M,23,international,3.92,English,1
ASH-53145,2025-11-21,F,23,domestic,2.99,Economics,0
ASH-76124,2025-11-26,M,26,international,3.6,English,0
ASH-90572,2025-10-10,F,25,domestic,3.32,English,0
ASH-49643,2025-10-12,F,25,domestic,3.85,Economics,1
ASH-91642,2025-10-26,M,25,domestic,3.01,Engineering,1
ASH-67285,2025-11-13,F,27,domestic,3.56,Biology,1
ASH-21439,2025-10-18,M,27,international,3.14,Physics,0
ASH-38699,2025-10-01,M,25,domestic,3.39,Economics,0
ASH-48254,2025-12-01,M,22,domestic,3.44,Economics,1
ASH-91893,2025-12-12,M,24,domestic,2.72,Engineering,0
ASH-77552,2025-11-01,F,23,domestic,3.38,Economics,1
ASH-51102,2025-10-28,F,24,domestic,3.15,Biology,0
ASH-42065,2025-12-29,M,25,domestic,3.91,Biology,1
ASH-79238,2025-10-07,F,26,international,4.0,English,1
ASH-69530,2025-12-28,F,24,domestic,2.96,Psychology,0
ASH-29077,2025-11-02,M,22,domestic,3.59,Physics,1
ASH-23420,2025-12-05,M,26,domestic,3.6,Physics,1
ASH-12887,2025-12-08,F,25,domestic,3.81,Biology,1
ASH-64965,2025-12-24,M,25,domestic,3.45,Psychology,1
ASH-17747,2025-12-21,M,24,domestic,2.69,Engineering,0
ASH-27553,2025-11-17,F,26,international,3.24,Economics,1
ASH-31440,2025-11-29,M,22,domestic,3.13,Biology,0
ASH-31124,2025-12-31,M,24,international,3.85,Engineering,1
ASH-16566,2025-10-07,M,25,domestic,3.02,Psychology,0
ASH-41415,2025-12-28,F,23,domestic,3.43,Economics,0
ASH-17649,2025-12-26,F,23,domestic,3.51,Engineering,1
ASH-34949,2025-12-18,M,24,domestic,3.6,Engineering,1
ASH-43942,2025-12-22,F,28,domestic,4.0,English,1
ASH-76907,2025-10-13,F,25,domestic,3.16,Economics,0
ASH-86353,2025-10-19,F,27,domestic,3.2,Economics,0
ASH-49386,2025-12-01,F,24,international,3.4,Psychology,0
ASH-22756,2025-12-07,M,28,international,3.54,Physics,0
ASH-95227,2025-12-25,M,24,domestic,2.78,Physics,0
ASH-22805,2025-10-28,M,35,domestic,4.0,English,1
ASH-31598,2025-10-08,F,24,domestic,3.33,Biology,1
ASH-91768,2025-10-19,M,26,domestic,3.65,Biology,0
ASH-69271,2025-10-22,F,26,domestic,3.47,English,0
ASH-31244,2025-10-08,F,22,international,3.85,Engineering,1
ASH-44060,2025-10-17,M,22,international,2.91,Economics,0
ASH-34951,2025-12-14,F,33,domestic,3.76,Engineering,1
ASH-38272,2025-11-28,F,24,international,3.29,English,0
ASH-84253,2025-12-03,F,25,domestic,3.58,English,0
ASH-66882,2025-11-07,M,27,international,3.44,Psychology,0
ASH-29519,2025-12-20,F,23,domestic,3.49,English,0
ASH-76391,2025-11-03,M,25,domestic,3.08,Physics,1
ASH-24356,2025-10-20,M,22,domestic,3.6,Economics,0
ASH-19411,2025-11-30,M,24,domestic,3.21,Biology,0
ASH-68969,2025-11-26,M,25,international,3.47,Engineering,1
ASH-26575,2025-10-20,F,26,domestic,3.48,Economics,1
ASH-65377,2025-11-27,F,27,domestic,3.95,Economics,1
ASH-11711,2025-11-26,F,23,international,3.26,Economics,0
ASH-65215,2025-12-13,F,22,domestic,3.16,Psychology,0
ASH-56886,2025-11-09,M,23,international,3.32,Engineering,0
ASH-10326,2025-11-19,F,25,international,3.39,English,0
ASH-62939,2025-11-19,M,27,domestic,2.56,Engineering,0
ASH-72473,2025-11-08,M,24,domestic,3.59,English,1
ASH-39490,2025-10-14,M,24,domestic,3.29,Biology,0
ASH-94593,2025-11-06,M,31,domestic,3.16,Engineering,1
ASH-52343,2025-12-26,M,22,domestic,3.13,Economics,1
ASH-59297,2025-12-12,F,27,domestic,2.61,Biology,0
ASH-18458,2025-11-28,F,23,domestic,3.18,English,0
ASH-94275,2025-12-13,M,25,domestic,2.88,Physics,0
ASH-37395,2025-10-13,M,24,international,3.1,English,0
ASH-88290,2025-11-25,F,24,international,3.88,Economics,1
ASH-48490,2025-11-30,M,32,domestic,2.66,Physics,0
ASH-66868,2025-12-10,F,27,international,2.78,Psychology,0
ASH-29837,2025-10-03,F,23,domestic,3.19,English,0
ASH-48195,2025-12-05,M,23,domestic,3.26,Engineering,1
ASH-75165,2025-11-08,M,24,domestic,2.56,Engineering,0
ASH-59876,2025-10-31,F,27,international,3.58,Engineering,1
ASH-93620,2025-11-10,M,29,domestic,3.06,Engineering,0
ASH-89769,2025-10-19,M,29,international,3.5,Physics,0
ASH-72665,2025-12-29,M,22,domestic,3.33,Biology,0
ASH-67986,2025-11-24,M,22,domestic,3.29,Biology,0
ASH-12415,2025-12-12,M,23,domestic,3.46,Psychology,0
ASH-17656,2025-12-24,F,22,international,3.8,Biology,1
ASH-82589,2025-10-03,M,26,domestic,2.81,Biology,0
ASH-79726,2025-10-10,M,28,domestic,3.5,Psychology,0
ASH-97278,2025-10-12,F,24,international,3.42,Psychology,0
ASH-68878,2025-12-13,M,24,domestic,3.63,Biology,0
ASH-65325,2025-12-25,M,24,domestic,3.1,Engineering,0
ASH-71796,2025-10-22,F,28,domestic,4.0,Psychology,1
ASH-73084,2025-12-18,M,24,domestic,3.38,English,0
ASH-64249,2025-10-17,M,25,domestic,2.92,Physics,0
ASH-32435,2025-11-22,M,25,domestic,3.32,Engineering,0
ASH-86762,2025-11-01,M,24,domestic,3.39,Economics,0
ASH-39731,2025-11-28,M,26,domestic,3.43,Psychology,1
ASH-30235,2025-11-16,F,23,domestic,3.05,Biology,0
ASH-24486,2025-12-28,M,25,domestic,3.65,Physics,0
ASH-44282,2025-10-23,F,22,international,3.36,Biology,0
ASH-83099,2025-11-08,M,25,domestic,3.4,Engineering,1
ASH-10367,2025-10-25,F,26,domestic,3.92,Biology,1
ASH-24603,2025-12-07,M,23,domestic,2.94,Engineering,1
ASH-34071,2025-12-16,M,24,international,3.84,Biology,1
ASH-26093,2025-11-10,M,25,domestic,2.56,Economics,0
ASH-54161,2025-10-26,M,25,domestic,3.46,Physics,0
ASH-63742,2025-10-26,M,24,international,3.31,Physics,0
ASH-45609,2025-12-01,M,25,domestic,3.71,Physics,1
ASH-32164,2025-10-27,M,24,domestic,3.5,Biology,0
ASH-35944,2025-10-08,M,24,domestic,3.7,Biology,1
ASH-94222,2025-11-02,F,23,domestic,3.2,Biology,0
ASH-49730,2025-12-24,M,24,domestic,3.33,Psychology,0
ASH-61289,2025-11-11,F,31,international,3.78,Economics,1
ASH-40488,2025-12-26,F,22,domestic,3.44,Biology,1
ASH-77024,2025-10-23,F,24,domestic,3.56,Biology,1
ASH-84152,2025-12-23,F,22,domestic,3.1,Physics,1
ASH-27061,2025-12-21,M,26,international,3.28,Engineering,0
ASH-56028,2025-11-27,F,23,domestic,3.51,English,0
ASH-18664,2025-11-24,M,24,domestic,3.31,Psychology,0
ASH-68680,2025-10-07,M,28,domestic,3.09,Engineering,0
ASH-83112,2025-10-28,M,22,international,2.89,Physics,0
ASH-44227,2025-10-21,M,24,domestic,3.24,Engineering,0
ASH-68767,2025-11-18,M,25,international,2.66,Economics,0
ASH-14610,2025-12-16,M,25,international,3.69,Economics,1
ASH-87332,2025-11-06,M,24,international,3.93,Engineering,1
ASH-56500,2025-11-19,M,25,domestic,3.51,Engineering,0
ASH-69678,2025-12-07,F,25,international,3.28,Biology,0
ASH-80445,2025-10-24,M,27,domestic,3.2,Physics,0
ASH-90710,2025-10-20,M,25,domestic,2.71,Biology,1
ASH-75291,2025-12-28,M,23,international,3.18,Psychology,0
ASH-41734,2025-10-02,M,23,domestic,3.98,Economics,1
ASH-19249,2025-12-13,M,24,international,3.3,Psychology,0
ASH-97502,2025-12-10,F,24,domestic,4.0,Economics,1
ASH-62991,2025-10-24,M,25,domestic,3.29,English,0
ASH-58253,2025-12-21,F,28,domestic,3.45,Psychology,1
ASH-28741,2025-12-20,M,24,domestic,3.19,English,0
ASH-27462,2025-12-03,F,25,international,3.29,English,0
ASH-94369,2025-11-17,F,29,international,3.08,English,0
ASH-25936,2025-12-15,M,27,domestic,3.47,Biology,0
ASH-19814,2025-11-12,M,25,international,3.44,Physics,1
ASH-60126,2025-11-16,F,23,domestic,3.71,English,0
ASH-99274,2025-11-29,M,25,domestic,3.81,English,0
ASH-22036,2025-12-07,M,25,domestic,3.33,English,0
ASH-72860,2025-10-04,F,26,international,2.9,Psychology,0
ASH-42801,2025-12-25,M,23,domestic,2.81,English,0
ASH-32802,2025-12-03,F,25,domestic,2.96,English,0
ASH-96692,2025-10-20,F,23,international,3.04,Psychology,0
ASH-42328,2025-11-21,M,23,domestic,2.89,Engineering,0
ASH-85925,2025-11-28,M,23,domestic,3.66,Biology,1
ASH-97926,2025-10-08,F,24,international,3.43,Biology,0
ASH-15112,2025-12-19,F,23,domestic,3.7,Economics,1
ASH-54402,2025-11-06,F,26,domestic,3.83,Engineering,1
ASH-46443,2025-12-31,F,27,domestic,2.82,English,0
ASH-90514,2025-10-16,F,26,domestic,3.84,Engineering,1
ASH-79622,2025-12-25,F,24,international,3.32,Economics,0
ASH-70079,2025-12-14,F,27,domestic,3.94,Psychology,0
ASH-59482,2025-11-18,M,27,international,3.35,English,0
ASH-85345,2025-12-18,M,25,international,4.0,Economics,1
ASH-89424,2025-10-04,F,24,international,3.39,Engineering,1
ASH-22538,2025-10-28,M,23,international,2.92,Biology,0
ASH-53746,2025-12-02,F,27,domestic,2.93,Psychology,0
ASH-64666,2025-12-10,F,22,domestic,3.36,Engineering,0
ASH-46121,2025-11-28,F,25,domestic,2.97,Psychology,0
ASH-98134,2025-11-28,F,24,domestic,3.36,English,0
ASH-59725,2025-10-20,M,24,domestic,3.75,Biology,1
ASH-14594,2025-12-15,M,26,international,3.59,Physics,1
ASH-15031,2025-12-21,M,25,domestic,3.68,Biology,1
ASH-22386,2025-10-30,F,23,domestic,3.2,Psychology,0
ASH-66339,2025-12-23,F,25,domestic,3.67,English,1
ASH-81530,2025-12-16,F,24,domestic,3.5,Engineering,1
ASH-86700,2025-10-20,F,24,domestic,3.57,Economics,0
ASH-32615,2025-11-02,F,25,domestic,3.01,Psychology,0
ASH-55267,2025-10-20,M,22,domestic,3.17,Engineering,1
ASH-86342,2025-11-19,F,24,domestic,3.26,Psychology,0
ASH-84574,2025-10-17,M,22,domestic,3.64,Engineering,1
ASH-93029,2025-11-20,F,34,international,3.39,Psychology,0
ASH-55594,2025-11-08,M,25,domestic,3.93,Physics,1
ASH-55020,2025-12-19,F,25,international,3.28,Economics,1
ASH-34373,2025-12-31,F,23,domestic,3.67,Biology,1
ASH-71826,2025-12-14,M,24,domestic,3.61,Biology,1
ASH-62846,2025-11-18,M,26,international,3.34,Engineering,0
ASH-63288,2025-12-26,M,22,domestic,3.54,Physics,1
ASH-24368,2025-11-13,F,24,domestic,3.46,English,0
ASH-36570,2025-10-23,F,26,domestic,3.91,Psychology,0
ASH-90380,2025-12-15,M,22,domestic,3.61,Physics,1
ASH-58043,2025-11-15,M,29,international,3.33,Physics,1
ASH-87343,2025-12-19,M,24,domestic,3.67,Biology,1
ASH-23805,2025-11-24,M,24,domestic,3.69,Psychology,0
ASH-80979,2025-10-19,M,25,domestic,3.01,Biology,0
ASH-81033,2025-10-18,M,25,domestic,3.27,Economics,1
ASH-95076,2025-11-19,F,24,domestic,3.5,Engineering,1
ASH-78039,2025-10-10,M,31,domestic,3.61,Engineering,1
ASH-72379,2025-11-18,F,24,domestic,3.68,Engineering,1
ASH-91847,2025-12-20,F,22,domestic,3.2,Biology,1
ASH-41503,2025-12-06,M,23,domestic,3.24,Engineering,0
ASH-49945,2025-10-01,M,23,domestic,2.87,English,0
ASH-54999,2025-12-05,M,23,domestic,4.0,Psychology,1
ASH-57099,2025-10-07,M,26,domestic,3.34,Psychology,1
ASH-96105,2025-10-12,F,27,domestic,3.61,Biology,1
ASH-17619,2025-11-10,F,27,international,3.98,Economics,1
ASH-83559,2025-11-21,M,23,international,3.95,Engineering,1
ASH-60296,2025-12-13,M,26,domestic,3.1,Engineering,1
ASH-71037,2025-10-28,F,23,domestic,3.15,Economics,0
ASH-78394,2025-11-05,F,30,international,3.05,English,0
ASH-87191,2025-11-06,M,29,international,3.4,Physics,0
ASH-49080,2025-12-18,F,26,domestic,3.18,Economics,0
ASH-87834,2025-11-03,F,24,domestic,3.16,Economics,0
ASH-58383,2025-10-31,F,28,domestic,2.95,Psychology,0
ASH-13200,2025-12-24,F,23,domestic,3.04,Economics,0
ASH-67819,2025-12-08,M,31,international,3.44,Physics,0
ASH-89077,2025-12-24,F,25,international,3.27,Engineering,0
ASH-16113,2025-11-10,F,24,domestic,3.04,English,0
ASH-26935,2025-12-08,M,27,international,3.24,Physics,1
ASH-76057,2025-11-10,M,25,international,3.46,Engineering,1
ASH-75167,2025-12-06,M,25,domestic,3.09,Physics,1
ASH-88387,2025-10-26,F,22,domestic,2.69,Psychology,0
ASH-61552,2025-11-21,F,25,domestic,3.54,English,0
ASH-61191,2025-11-16,M,24,international,3.48,Engineering,1
ASH-26643,2025-11-15,F,25,international,3.45,English,0
ASH-11030,2025-10-27,M,23,international,3.35,Physics,0
ASH-36970,2025-11-29,F,24,international,3.0,Biology,0
ASH-20338,2025-10-06,F,22,international,3.45,Psychology,0
ASH-98711,2025-10-27,M,25,domestic,3.23,Engineering,1
ASH-99477,2025-11-19,M,26,international,3.23,Engineering,0
ASH-41465,2025-12-21,F,29,domestic,3.11,English,0
ASH-46869,2025-11-04,M,26,domestic,3.39,English,0
ASH-54581,2025-10-05,M,24,domestic,3.16,Biology,0
ASH-61725,2025-11-22,M,23,international,2.68,Biology,0
ASH-35019,2025-10-07,F,22,domestic,3.82,Economics,1
ASH-63770,2025-11-28,M,23,international,3.47,English,0
ASH-19555,2025-10-03,F,24,domestic,3.57,Psychology,0
ASH-24798,2025-11-16,M,23,domestic,2.87,Psychology,0
ASH-12863,2025-12-20,M,25,international,3.01,Biology,0
ASH-11608,2025-11-14,M,23,international,3.48,Economics,1
ASH-82164,2025-10-17,M,30,domestic,2.77,Engineering,0
ASH-27999,2025-12-08,F,26,domestic,3.2,Economics,0
ASH-17614,2025-10-15,F,26,international,3.49,Economics,0
ASH-49316,2025-11-30,F,24,domestic,3.35,Psychology,0
ASH-91990,2025-11-02,M,26,international,3.34,Biology,0
ASH-95354,2025-12-10,M,22,international,3.57,Physics,0
ASH-34106,2025-10-06,M,22,international,3.19,Engineering,1
ASH-63318,2025-11-14,F,26,international,3.41,Economics,0
ASH-47490,2025-12-13,M,24,domestic,3.34,English,0
ASH-14333,2025-12-01,M,23,domestic,3.3,Biology,1
ASH-31997,2025-11-19,M,24,domestic,3.25,Economics,0
ASH-75308,2025-12-23,M,23,domestic,3.14,Engineering,1
ASH-61316,2025-12-31,F,24,international,3.4,Biology,1
ASH-83716,2025-10-31,F,27,domestic,3.68,Biology,1
ASH-40612,2025-12-29,F,25,domestic,3.83,Psychology,0
ASH-19250,2025-12-17,M,24,domestic,3.79,Physics,1
ASH-93600,2025-10-28,M,22,domestic,3.63,Economics,1
ASH-14403,2025-10-09,M,24,international,2.98,Economics,0
ASH-57989,2025-12-18,F,25,domestic,3.6,Economics,1
ASH-78114,2025-12-13,F,26,international,3.85,English,0
ASH-89568,2025-11-18,M,25,domestic,3.53,Engineering,0
ASH-87891,2025-11-01,M,24,international,3.59,Engineering,0
ASH-86530,2025-11-07,M,23,domestic,2.94,Physics,0
ASH-22835,2025-10-13,M,24,international,3.8,Engineering,1
ASH-28802,2025-12-19,F,25,domestic,2.52,Biology,0
ASH-83145,2025-10-05,M,22,domestic,3.42,Physics,1
ASH-24994,2025-11-17,F,24,domestic,3.37,Engineering,1
ASH-76438,2025-11-02,F,24,domestic,3.57,Economics,0
ASH-64185,2025-12-28,F,22,domestic,3.69,English,0
ASH-64342,2025-10-22,M,27,domestic,3.55,Physics,1
ASH-62036,2025-12-24,M,25,domestic,3.64,Economics,0
ASH-11982,2025-11-12,M,25,domestic,3.34,Physics,0
ASH-21739,2025-12-21,M,24,domestic,2.98,Economics,0
ASH-68810,2025-11-07,M,22,domestic,2.85,Biology,0
ASH-17345,2025-11-19,F,23,domestic,2.98,Economics,0
ASH-74072,2025-12-24,M,23,international,3.4,Economics,0
ASH-16007,2025-12-20,F,24,international,2.83,Psychology,0
ASH-56968,2025-12-24,M,24,international,3.7,Psychology,0
ASH-70895,2025-12-06,F,24,international,3.02,Biology,0
ASH-48231,2025-10-31,M,30,domestic,3.22,English,0
ASH-16206,2025-11-11,M,24,domestic,3.15,Engineering,0
ASH-81905,2025-11-20,F,24,international,3.24,English,0
ASH-46229,2025-12-07,F,25,international,3.59,English,0
ASH-84877,2025-10-25,F,24,international,2.83,English,0
ASH-17840,2025-12-15,M,28,international,3.28,Engineering,0
ASH-78823,2025-10-09,F,25,domestic,3.4,Engineering,1
ASH-65573,2025-10-19,F,23,domestic,3.37,English,0
ASH-36682,2025-11-08,F,23,domestic,3.13,English,0
ASH-25695,2025-11-19,F,29,domestic,3.65,Biology,1
ASH-83229,2025-10-11,M,28,domestic,3.08,Engineering,0
ASH-25889,2025-10-31,M,24,domestic,3.32,Biology,0
ASH-51604,2025-10-07,M,22,domestic,3.6,Economics,0
ASH-34575,2025-12-15,F,27,domestic,3.2,Economics,1
ASH-96584,2025-12-22,M,24,domestic,3.6,Engineering,1
ASH-29646,2025-10-17,M,24,international,2.65,Physics,0
ASH-38368,2025-11-18,M,25,domestic,2.88,Physics,1
ASH-59229,2025-10-17,M,24,domestic,3.28,English,0
ASH-79596,2025-12-21,M,24,domestic,2.97,Economics,0
ASH-81525,2025-10-03,M,23,international,3.77,Engineering,1
ASH-42886,2025-10-02,F,23,domestic,3.36,Physics,0
ASH-80663,2025-11-29,F,22,domestic,3.5,English,0
ASH-34721,2025-12-26,F,24,international,3.13,Economics,0
ASH-61106,2025-11-14,M,23,domestic,3.21,Biology,0
ASH-17254,2025-10-24,F,22,domestic,3.25,Psychology,0
ASH-19138,2025-12-09,F,23,domestic,3.64,English,0
ASH-72669,2025-10-05,M,25,international,3.61,Economics,0
ASH-91862,2025-11-04,M,26,domestic,3.49,Physics,1
ASH-67101,2025-12-15,F,23,domestic,3.24,Biology,0
ASH-83616,2025-12-15,M,27,domestic,4.0,Physics,1
ASH-34858,2025-10-20,F,26,international,3.44,Engineering,0
ASH-46250,2025-12-10,M,23,domestic,3.27,Engineering,0
ASH-70518,2025-11-09,M,24,domestic,2.98,Physics,0
ASH-88860,2025-10-15,F,31,international,3.22,Biology,0
ASH-13637,2025-11-04,F,24,domestic,3.55,English,0
ASH-28389,2025-10-18,M,25,international,4.0,Engineering,1
ASH-66955,2025-10-23,M,23,domestic,3.48,Psychology,0
ASH-21232,2025-11-05,F,22,international,3.56,Psychology,0
ASH-41578,2025-10-17,M,25,international,3.06,Physics,0
ASH-22053,2025-12-30,F,26,domestic,3.0,Engineering,0
ASH-29827,2025-10-09,M,28,domestic,3.52,Economics,1
ASH-22132,2025-12-10,M,25,international,3.57,Biology,0
ASH-88739,2025-10-25,M,23,domestic,3.54,Physics,0
ASH-65557,2025-10-15,M,23,domestic,3.46,Engineering,1
ASH-22071,2025-10-25,M,23,domestic,3.79,Economics,1
ASH-12303,2025-12-27,M,23,domestic,2.95,Biology,0
ASH-87420,2025-12-18,F,23,domestic,3.16,English,0
ASH-25502,2025-10-27,F,29,domestic,3.55,English,0
ASH-63979,2025-12-01,M,27,domestic,3.27,Physics,1
ASH-82606,2025-12-28,F,23,international,3.34,Biology,0
ASH-56820,2025-11-12,M,26,domestic,2.98,Economics,0
ASH-97974,2025-12-17,M,24,international,3.25,Engineering,1
ASH-69723,2025-12-22,M,25,domestic,3.7,English,0
ASH-14738,2025-10-16,M,23,domestic,3.73,Economics,1
ASH-19928,2025-12-06,M,25,domestic,3.25,English,0
ASH-44439,2025-12-04,M,26,domestic,3.63,Engineering,0
ASH-32972,2025-11-04,F,23,domestic,3.44,Psychology,0
ASH-66417,2025-10-30,M,29,domestic,3.23,Psychology,0
ASH-25431,2025-10-19,M,25,international,3.36,Biology,0
ASH-62852,2025-12-18,M,28,domestic,2.61,Engineering,0
ASH-45988,2025-12-01,F,25,domestic,3.73,Biology,1
ASH-13660,2025-12-17,M,24,domestic,3.16,Physics,1
ASH-20102,2025-11-09,M,26,domestic,3.55,Engineering,1
ASH-25828,2025-11-03,F,25,domestic,3.52,Economics,1
ASH-94334,2025-10-04,M,25,domestic,3.0,Physics,1
ASH-67185,2025-12-18,M,29,domestic,3.08,Engineering,0
ASH-44329,2025-12-11,F,24,domestic,4.0,Psychology,1
ASH-54048,2025-12-23,F,24,domestic,3.1,Biology,0
ASH-44781,2025-10-07,F,24,domestic,2.86,Psychology,0
ASH-91205,2025-11-07,M,24,domestic,3.06,Engineering,1
ASH-66299,2025-11-15,F,28,domestic,3.65,English,1
ASH-81625,2025-11-22,M,28,international,2.92,Engineering,0
ASH-37758,2025-11-14,F,26,domestic,3.54,Economics,1
ASH-34892,2025-12-24,F,22,domestic,4.0,Psychology,1
ASH-75033,2025-11-12,F,23,international,3.81,Psychology,1
ASH-18970,2025-11-30,F,24,domestic,2.88,English,0
ASH-34446,2025-10-01,M,23,domestic,3.7,Engineering,1
ASH-96015,2025-10-06,M,23,international,3.29,Economics,0
ASH-90779,2025-10-23,M,24,domestic,3.85,Psychology,1
ASH-98419,2025-10-08,M,23,domestic,3.73,Economics,1
ASH-59349,2025-10-19,M,23,international,3.2,Engineering,0
ASH-49256,2025-12-29,M,22,international,3.5,Engineering,1
ASH-92299,2025-10-25,F,24,domestic,2.81,Economics,0
ASH-41272,2025-10-09,F,24,international,3.38,Economics,0
ASH-65584,2025-10-15,M,24,domestic,3.63,Biology,1
ASH-64219,2025-10-22,M,34,domestic,2.8,Physics,1
ASH-26098,2025-11-19,M,23,domestic,3.36,Biology,1
ASH-76971,2025-10-16,F,22,domestic,3.56,Psychology,0
ASH-46312,2025-11-15,M,24,domestic,3.0,Engineering,0
ASH-34752,2025-10-22,M,22,domestic,3.29,Engineering,1
ASH-76237,2025-11-09,M,25,domestic,3.57,English,0
ASH-18710,2025-11-29,M,22,domestic,3.06,Physics,0
ASH-43601,2025-10-30,F,24,domestic,3.19,Biology,0
ASH-37907,2025-12-13,F,30,domestic,3.27,English,0
ASH-25847,2025-10-02,F,23,international,3.47,English,0
ASH-85577,2025-11-23,F,27,domestic,3.68,Biology,0
ASH-40638,2025-11-10,F,24,domestic,2.66,Economics,0
ASH-74271,2025-10-02,F,26,domestic,3.33,English,0
ASH-18296,2025-12-07,M,27,domestic,3.86,Economics,1
ASH-17572,2025-12-15,F,23,domestic,3.53,Psychology,0
ASH-30695,2025-12-06,F,25,domestic,3.07,Biology,0
ASH-72579,2025-11-19,M,29,domestic,3.03,Engineering,0
ASH-87135,2025-11-30,M,25,international,2.98,Engineering,0
ASH-36430,2025-12-16,F,25,international,3.19,English,0
ASH-16307,2025-10-10,M,22,domestic,3.45,Physics,1
ASH-13564,2025-12-10,F,23,domestic,2.96,Biology,0
ASH-38140,2025-12-26,F,25,domestic,3.33,Economics,0
ASH-35915,2025-12-30,M,25,domestic,3.15,Biology,0
ASH-80692,2025-12-23,F,23,domestic,3.43,Psychology,0
ASH-79132,2025-10-25,F,26,domestic,3.69,Biology,0
ASH-39301,2025-11-22,F,23,international,2.76,Biology,0
ASH-66305,2025-10-22,F,27,international,3.51,English,0
ASH-63578,2025-11-03,F,26,international,3.57,Engineering,0
ASH-47148,2025-11-26,M,26,international,3.45,Physics,1
ASH-38117,2025-10-02,F,26,international,3.42,Psychology,0
ASH-39990,2025-10-26,M,23,domestic,3.51,Economics,0
ASH-78180,2025-11-19,M,29,domestic,3.63,Biology,1
ASH-50066,2025-11-26,F,22,domestic,3.62,English,0
ASH-78385,2025-12-31,M,24,domestic,3.5,Engineering,1
ASH-26053,2025-11-06,M,28,domestic,3.33,Engineering,1
ASH-99783,2025-10-09,F,23,domestic,4.0,Economics,1
ASH-66124,2025-10-05,M,23,domestic,3.73,English,0
ASH-92633,2025-11-27,F,27,domestic,3.59,English,0
ASH-46013,2025-12-22,F,24,international,3.42,Engineering,1
ASH-55004,2025-12-01,F,24,domestic,3.22,Psychology,0
ASH-75574,2025-12-30,F,22,international,3.17,Engineering,1
ASH-90529,2025-11-25,F,26,domestic,3.45,Biology,1
ASH-15070,2025-11-25,F,24,domestic,3.38,Psychology,1
ASH-27496,2025-12-01,F,24,international,4.0,English,0
ASH-65981,2025-10-31,M,23,international,3.58,Psychology,1
ASH-17754,2025-10-01,M,27,international,4.0,Biology,0
ASH-45454,2025-11-19,M,28,domestic,3.28,English,0
ASH-79543,2025-12-20,F,22,domestic,3.33,Psychology,0
ASH-86961,2025-10-07,M,25,domestic,2.87,Biology,0
ASH-31615,2025-11-18,M,22,international,3.59,Economics,0
ASH-36915,2025-12-05,F,26,domestic,2.84,Economics,0
ASH-98425,2025-10-10,M,27,domestic,3.42,Physics,0
ASH-53675,2025-12-20,M,24,domestic,3.36,Physics,1
ASH-14637,2025-12-19,M,25,international,3.28,Biology,0
ASH-60157,2025-10-09,M,28,international,3.61,Engineering,1
ASH-63417,2025-12-17,M,27,international,3.15,Economics,0
ASH-41109,2025-12-13,M,26,international,3.3,Physics,1
ASH-78054,2025-11-10,F,25,domestic,2.99,Engineering,1
ASH-65677,2025-11-27,F,34,domestic,3.75,Biology,1
ASH-55573,2025-11-23,M,23,domestic,3.32,Physics,1
ASH-53599,2025-11-25,M,23,international,3.19,Engineering,1
ASH-46919,2025-10-30,F,28,international,2.96,Psychology,0
ASH-50640,2025-10-27,M,28,international,4.0,Psychology,1
ASH-26253,2025-10-07,M,25,domestic,3.03,Economics,1
ASH-91240,2025-10-11,M,26,domestic,3.65,Engineering,1
ASH-65904,2025-11-28,M,22,international,3.82,Physics,1
ASH-89257,2025-11-29,F,23,international,3.43,Psychology,1
ASH-52863,2025-11-09,F,22,domestic,3.48,Psychology,0
ASH-62755,2025-12-06,F,24,domestic,2.91,Economics,0
ASH-73343,2025-10-05,F,26,domestic,3.3,Economics,1
ASH-41351,2025-12-12,M,26,domestic,2.91,Engineering,0
ASH-92681,2025-11-01,F,26,domestic,2.79,Psychology,0
ASH-53964,2025-11-04,F,24,international,3.1,Biology,0
ASH-18857,2025-12-07,F,26,domestic,3.74,Biology,1
ASH-16291,2025-12-29,M,26,domestic,3.46,Engineering,1
ASH-25068,2025-12-24,F,23,domestic,3.12,Economics,0
ASH-39872,2025-12-06,M,27,international,3.36,Engineering,0
ASH-36352,2025-11-27,F,22,international,3.54,English,0
ASH-31788,2025-12-30,M,23,international,3.18,Engineering,1
ASH-33381,2025-11-30,M,24,international,2.93,English,0
ASH-96910,2025-10-27,M,27,domestic,3.25,Economics,0
ASH-73644,2025-11-26,M,23,domestic,3.7,Physics,1
ASH-23581,2025-11-01,M,22,domestic,3.05,Physics,0
ASH-29087,2025-11-09,F,24,domestic,3.59,English,1
ASH-70616,2025-10-19,M,26,domestic,3.19,English,0
ASH-33107,2025-10-20,F,22,domestic,3.58,Psychology,0
ASH-28689,2025-11-10,M,29,domestic,3.83,Physics,1
ASH-50227,2025-11-05,M,26,domestic,3.81,Physics,1
ASH-43051,2025-12-07,M,23,domestic,2.98,Psychology,0
ASH-32027,2025-11-01,F,24,domestic,3.58,Psychology,1
ASH-64553,2025-11-08,M,22,international,3.65,Engineering,1
ASH-56374,2025-12-17,F,23,international,3.4,English,0
ASH-95892,2025-10-18,F,26,domestic,3.42,Biology,1
ASH-62811,2025-10-30,M,25,domestic,4.0,Engineering,1
ASH-37112,2025-11-27,F,25,domestic,3.85,English,1
ASH-87756,2025-11-27,F,24,domestic,3.8,Psychology,1
ASH-82466,2025-12-18,M,25,domestic,2.95,Economics,0
ASH-10115,2025-11-13,F,26,domestic,3.15,English,0
ASH-55387,2025-10-19,M,24,international,3.72,Engineering,1
ASH-32650,2025-11-07,M,24,domestic,3.88,Psychology,1
ASH-71749,2025-12-11,F,24,domestic,3.17,Psychology,0
ASH-37586,2025-12-04,M,25,international,3.73,Biology,1
ASH-78609,2025-11-18,F,22,international,3.59,Biology,1
ASH-61242,2025-11-11,F,22,domestic,3.17,Biology,0
ASH-36317,2025-11-21,M,26,domestic,2.91,Psychology,1
ASH-67093,2025-12-30,F,26,domestic,2.8,Biology,0
ASH-85405,2025-12-29,F,25,domestic,3.44,Biology,1
ASH-42500,2025-11-24,M,26,international,3.66,Engineering,1
ASH-74607,2025-11-12,M,22,domestic,3.69,English,1
ASH-77660,2025-11-02,M,25,domestic,3.37,Physics,1
ASH-80886,2025-11-10,M,23,domestic,3.38,Psychology,0
ASH-93709,2025-11-14,M,26,domestic,2.93,Economics,0
ASH-85686,2025-12-26,M,24,domestic,3.05,Engineering,1
ASH-65653,2025-12-11,M,23,domestic,3.72,Psychology,0
ASH-87859,2025-12-12,F,27,international,3.77,Economics,1
ASH-27626,2025-12-27,M,23,domestic,3.85,Physics,1
ASH-81396,2025-12-15,M,23,domestic,2.96,Engineering,0
ASH-50400,2025-10-28,M,23,domestic,2.83,English,0
ASH-38640,2025-12-12,M,23,domestic,3.04,Economics,0
ASH-69859,2025-10-27,F,25,domestic,3.26,Biology,0
ASH-29070,2025-10-26,F,23,domestic,4.0,English,1
ASH-29021,2025-11-24,M,23,domestic,3.28,Biology,0
ASH-55459,2025-12-02,F,22,domestic,3.82,Psychology,1
ASH-21021,2025-11-08,M,25,international,3.29,Engineering,0
ASH-87499,2025-12-07,F,24,international,3.43,Economics,1
ASH-73513,2025-10-16,M,23,domestic,3.23,Physics,0
ASH-24934,2025-11-18,F,29,domestic,2.94,Psychology,0
ASH-44594,2025-10-27,M,26,domestic,3.1,English,0
ASH-93767,2025-12-16,M,23,domestic,3.25,Biology,0
ASH-18193,2025-10-31,M,22,domestic,3.35,Psychology,0
ASH-96017,2025-12-23,F,22,domestic,3.49,Economics,0
ASH-15873,2025-10-10,M,24,domestic,3.85,Economics,1
ASH-80996,2025-11-28,F,26,domestic,2.47,Economics,0
ASH-59365,2025-10-04,M,23,domestic,3.08,Physics,0
ASH-39298,2025-11-27,F,30,domestic,3.06,Engineering,0
ASH-25257,2025-11-28,F,24,domestic,3.49,Psychology,1
ASH-34686,2025-12-26,F,27,domestic,2.89,Physics,0
ASH-99631,2025-10-10,F,25,domestic,3.87,Engineering,1
ASH-30757,2025-10-08,M,26,domestic,3.41,Psychology,0
ASH-73434,2025-11-09,M,25,domestic,3.08,Engineering,0
ASH-77361,2025-10-30,M,28,domestic,3.41,Biology,1
ASH-20700,2025-12-16,F,24,domestic,3.35,Psychology,0
ASH-32698,2025-10-14,M,26,domestic,3.29,Biology,1
ASH-97028,2025-11-02,M,26,domestic,3.45,English,1
ASH-37611,2025-12-01,F,30,domestic,3.68,Psychology,1
ASH-52891,2025-10-31,M,24,international,3.4,Economics,1
ASH-98511,2025-11-15,M,24,international,3.01,Economics,0
ASH-48984,2025-11-15,M,24,domestic,3.59,Physics,1
ASH-96405,2025-12-29,M,23,international,3.46,Psychology,1
ASH-70731,2025-10-16,M,26,domestic,3.18,Psychology,0
ASH-92117,2025-10-09,M,24,domestic,3.61,Biology,1
ASH-62962,2025-10-02,M,28,international,3.12,Economics,0
ASH-28966,2025-11-24,F,27,international,3.25,Economics,1
ASH-37378,2025-10-06,F,22,international,2.43,Economics,0
ASH-51612,2025-12-16,M,24,domestic,3.02,Engineering,0
ASH-12217,2025-11-12,M,23,international,3.55,Physics,1
ASH-56070,2025-11-11,M,24,international,3.0,Engineering,0
ASH-63561,2025-10-13,M,26,international,3.4,Physics,0
ASH-25214,2025-11-26,M,27,domestic,3.44,Psychology,1
ASH-96505,2025-10-30,M,23,domestic,2.93,Engineering,0
ASH-65441,2025-12-23,M,24,domestic,3.44,Engineering,1
ASH-50250,2025-12-31,M,22,domestic,3.73,Physics,1
ASH-31836,2025-12-07,F,29,domestic,2.81,Biology,0
ASH-76934,2025-11-02,M,22,international,3.49,Physics,1
ASH-99587,2025-11-01,M,24,domestic,3.13,Engineering,0
ASH-58698,2025-11-10,M,23,domestic,4.0,Engineering,1
ASH-41381,2025-11-25,M,28,domestic,3.35,Economics,1
ASH-88779,2025-12-22,F,23,domestic,3.55,Economics,0
ASH-11210,2025-11-11,F,22,domestic,3.35,English,0
ASH-45843,2025-10-24,F,24,domestic,3.18,English,0
ASH-91849,2025-12-04,M,23,domestic,3.21,Psychology,0
ASH-89965,2025-10-16,M,23,domestic,2.97,Engineering,0
ASH-29951,2025-11-11,M,23,domestic,3.57,Economics,1
ASH-33070,2025-12-19,F,22,international,3.15,English,0
ASH-70861,2025-12-23,M,23,international,3.22,Engineering,1
ASH-64554,2025-10-23,F,24,domestic,3.45,Biology,1
ASH-86486,2025-11-19,M,28,domestic,2.91,Economics,1
ASH-86866,2025-12-13,F,25,domestic,3.39,Psychology,0
ASH-41205,2025-11-24,M,24,international,3.71,Engineering,1
ASH-18466,2025-10-04,F,25,international,3.27,Economics,0
ASH-80469,2025-10-22,M,25,international,3.67,Biology,1
ASH-89451,2025-10-11,F,23,domestic,2.87,English,0
ASH-16073,2025-12-17,M,24,domestic,3.6,Economics,1
ASH-77632,2025-12-12,M,28,domestic,3.51,Psychology,0
ASH-62397,2025-10-05,F,26,domestic,3.9,Economics,1
ASH-14081,2025-11-02,F,23,domestic,3.62,Biology,1
ASH-15264,2025-10-06,M,23,domestic,3.23,Biology,0
ASH-42586,2025-10-14,M,26,domestic,3.88,Engineering,1
ASH-64491,2025-12-07,F,24,international,3.72,Psychology,1
ASH-21499,2025-12-10,M,24,domestic,3.54,Engineering,0
ASH-57214,2025-11-08,M,23,domestic,3.34,Physics,1
ASH-29159,2025-12-26,F,22,domestic,3.33,Economics,0
ASH-32894,2025-12-15,M,26,domestic,3.41,English,0
ASH-91363,2025-11-05,F,24,domestic,3.51,Economics,1
ASH-30232,2025-11-23,M,24,international,3.56,Psychology,0
ASH-65097,2025-11-03,M,23,domestic,2.56,English,0
ASH-84616,2025-11-14,M,27,domestic,3.53,Engineering,1
ASH-67903,2025-10-16,F,26,domestic,3.0,English,0
ASH-36424,2025-12-26,F,23,domestic,3.66,Psychology,0
ASH-69159,2025-11-14,M,26,domestic,3.12,Psychology,0
ASH-85840,2025-12-19,M,23,domestic,3.06,Physics,0
ASH-76217,2025-12-06,F,24,international,4.0,Psychology,1
ASH-68217,2025-11-20,F,24,international,3.09,Economics,0
ASH-20100,2025-10-14,M,26,domestic,2.69,Engineering,1
ASH-55591,2025-11-25,F,23,domestic,3.38,Economics,0
ASH-24845,2025-10-28,M,26,international,3.04,English,0
ASH-36475,2025-10-31,F,23,domestic,3.64,Psychology,0
ASH-48619,2025-12-16,M,27,international,3.51,Physics,1
ASH-78545,2025-12-25,M,30,domestic,3.18,Physics,0
ASH-76679,2025-12-04,M,24,domestic,3.42,Engineering,1
ASH-60923,2025-11-22,M,22,international,3.37,Biology,0
ASH-71917,2025-12-27,F,23,domestic,3.45,Biology,1
ASH-50589,2025-12-24,M,27,international,3.23,Biology,0
ASH-18688,2025-12-30,M,25,domestic,3.52,English,0
ASH-54739,2025-12-15,M,23,domestic,3.69,Physics,1
ASH-40100,2025-10-10,F,28,domestic,3.02,Physics,0
ASH-72861,2025-12-26,M,23,international,3.38,Biology,0
ASH-67254,2025-10-13,M,25,domestic,2.89,Physics,1
ASH-60079,2025-12-18,F,25,domestic,3.4,English,0
ASH-31520,2025-11-18,F,29,domestic,2.66,English,0
ASH-71620,2025-12-17,F,24,domestic,3.36,English,0
ASH-86190,2025-10-13,F,25,domestic,3.33,Psychology,0
ASH-55507,2025-12-17,M,25,domestic,3.75,Engineering,1
ASH-14968,2025-11-22,F,22,domestic,3.75,Psychology,0
ASH-14376,2025-12-23,M,29,international,3.57,Engineering,0
ASH-58479,2025-10-05,F,25,domestic,3.37,Psychology,1
ASH-96947,2025-10-17,M,24,domestic,3.4,Economics,0
ASH-48162,2025-10-14,M,24,domestic,3.34,Biology,1
ASH-75194,2025-10-27,F,22,domestic,3.3,Physics,1
ASH-74345,2025-12-12,M,29,international,3.04,English,0
ASH-84689,2025-11-12,M,23,domestic,3.05,Physics,0
ASH-59350,2025-10-21,F,23,domestic,3.21,Biology,0
ASH-44787,2025-10-20,F,26,domestic,3.03,Psychology,0
ASH-19727,2025-12-16,F,24,domestic,3.39,Economics,0
ASH-78872,2025-11-14,F,22,international,3.65,Psychology,1
ASH-56712,2025-10-17,M,25,international,3.09,Engineering,0
ASH-87819,2025-12-24,M,22,international,3.97,Psychology,1
ASH-60202,2025-11-20,M,24,domestic,2.77,Engineering,0
ASH-29547,2025-12-02,M,23,domestic,2.88,Psychology,0
ASH-89790,2025-11-12,M,24,domestic,3.09,Biology,0
ASH-75766,2025-12-18,M,26,domestic,3.49,Engineering,0
ASH-31326,2025-12-25,M,27,domestic,3.02,Engineering,0
ASH-19282,2025-12-18,F,25,domestic,2.56,English,0
ASH-24823,2025-12-22,F,24,domestic,3.57,Engineering,1
ASH-76866,2025-12-27,M,24,domestic,3.42,Physics,1
ASH-29406,2025-11-17,F,23,domestic,3.31,English,0
ASH-26156,2025-12-02,M,25,domestic,3.52,English,0
ASH-53968,2025-12-10,F,25,international,3.52,Biology,0
ASH-11941,2025-12-26,M,27,domestic,3.12,Engineering,1
ASH-89925,2025-11-27,F,27,domestic,3.28,Physics,0
ASH-35105,2025-12-06,M,22,domestic,3.52,Engineering,1
ASH-63350,2025-11-17,F,24,domestic,3.51,Biology,1
ASH-24383,2025-10-06,F,24,domestic,4.0,Psychology,0
ASH-43215,2025-11-12,M,24,domestic,3.42,Engineering,1
ASH-20646,2025-10-18,M,22,domestic,3.08,Engineering,1
ASH-58645,2025-12-30,F,25,domestic,3.02,Biology,0
ASH-79623,2025-11-16,M,23,domestic,3.26,Economics,0
ASH-86959,2025-10-03,M,26,domestic,3.42,Engineering,1
ASH-66146,2025-12-20,M,22,international,3.06,Engineering,0
ASH-87613,2025-12-27,M,23,domestic,3.31,Engineering,1
ASH-21185,2025-11-30,M,23,domestic,3.39,Physics,1
ASH-81681,2025-11-19,M,23,international,3.51,Physics,1
ASH-23790,2025-11-12,F,25,international,3.17,Biology,0
ASH-67193,2025-12-11,M,23,domestic,3.34,English,0
ASH-94478,2025-12-09,M,27,domestic,3.65,Economics,0
ASH-62323,2025-11-11,M,28,domestic,3.18,Engineering,1
ASH-21060,2025-10-17,M,29,domestic,3.3,Physics,1
ASH-30144,2025-12-07,M,23,domestic,3.22,Economics,1
ASH-35963,2025-11-10,M,26,domestic,3.26,Physics,0
ASH-57043,2025-10-22,M,28,international,3.38,Engineering,0
ASH-87199,2025-11-29,M,26,international,3.7,Biology,1
ASH-76503,2025-10-15,M,25,domestic,2.89,English,0
ASH-96738,2025-12-22,F,22,domestic,2.83,Biology,0
ASH-81692,2025-12-03,F,25,international,3.28,English,0
ASH-65327,2025-10-30,M,23,domestic,3.39,Biology,1
ASH-59960,2025-10-05,F,23,domestic,2.92,Economics,0
ASH-71759,2025-10-14,M,23,domestic,2.97,Physics,0
ASH-15714,2025-11-18,M,25,domestic,3.28,Biology,1
ASH-57114,2025-11-27,M,24,international,2.76,Physics,0
ASH-64082,2025-10-02,F,22,international,3.02,English,0
ASH-90007,2025-11-13,M,22,international,3.65,Economics,0
ASH-40373,2025-10-22,M,29,domestic,3.92,Engineering,1
ASH-32773,2025-10-14,M,22,international,3.86,Physics,1
ASH-75371,2025-11-26,M,22,domestic,3.76,Engineering,1
ASH-33604,2025-10-18,F,23,domestic,3.43,Economics,0
ASH-25897,2025-12-05,M,31,domestic,3.2,Physics,1
ASH-92105,2025-11-24,M,23,domestic,3.83,Physics,1
ASH-45706,2025-12-20,F,23,domestic,2.91,Economics,0
ASH-36144,2025-11-18,F,25,domestic,2.86,Economics,0
ASH-37697,2025-10-04,M,24,domestic,2.95,Economics,0
ASH-14739,2025-11-20,M,27,domestic,3.64,Engineering,1
ASH-61863,2025-12-20,F,25,international,3.03,Psychology,0
ASH-67080,2025-12-17,F,23,domestic,3.88,Psychology,1
ASH-31112,2025-11-08,F,25,domestic,3.72,Engineering,0
ASH-73687,2025-11-28,M,23,domestic,3.95,Engineering,1
ASH-69499,2025-11-09,F,29,domestic,3.84,English,0
ASH-97011,2025-10-28,M,26,domestic,3.63,English,0
ASH-13142,2025-11-30,M,34,domestic,3.48,Biology,1
ASH-31152,2025-11-25,M,23,international,3.59,Biology,0
ASH-14746,2025-10-16,M,24,international,2.51,Engineering,0
ASH-31079,2025-10-10,F,23,domestic,3.47,Psychology,0
ASH-39530,2025-12-05,M,23,international,2.9,Physics,1
ASH-43498,2025-12-18,M,26,domestic,3.14,English,0
ASH-28557,2025-10-27,F,25,domestic,3.5,English,0
ASH-87478,2025-11-01,M,34,international,3.1,Psychology,0
ASH-81489,2025-11-06,F,24,domestic,2.96,Economics,0
ASH-55441,2025-11-24,M,28,domestic,2.42,Engineering,0
ASH-18025,2025-11-09,M,24,international,3.35,Physics,1
ASH-53135,2025-12-08,M,23,domestic,2.87,Physics,0
ASH-69227,2025-11-02,F,25,domestic,3.58,Psychology,1
ASH-32816,2025-10-13,F,23,domestic,3.43,Biology,0
ASH-44981,2025-10-04,M,23,domestic,3.28,Physics,0
ASH-48285,2025-12-06,F,24,domestic,3.61,Psychology,1
ASH-60378,2025-10-31,M,24,international,3.7,Biology,1
ASH-13816,2025-11-23,M,22,domestic,3.81,Physics,1
ASH-68937,2025-11-19,M,23,international,3.13,Physics,1
ASH-29318,2025-11-19,M,23,domestic,3.05,English,0
ASH-27264,2025-12-01,F,28,domestic,2.85,English,0
ASH-74540,2025-10-21,M,25,domestic,3.56,Psychology,1
ASH-70423,2025-10-06,F,25,international,3.77,Economics,1
ASH-78583,2025-11-28,F,26,domestic,2.95,Biology,0
ASH-58396,2025-12-07,F,25,domestic,3.27,English,0
ASH-45415,2025-11-03,F,23,international,3.51,Economics,1
ASH-84780,2025-11-18,M,24,domestic,3.04,Physics,0
ASH-98315,2025-10-29,M,22,international,3.1,Biology,0
ASH-16313,2025-11-22,M,29,domestic,3.82,Engineering,1
ASH-84238,2025-11-27,M,27,international,3.18,Economics,0
ASH-95465,2025-11-18,M,23,domestic,3.52,Engineering,1
ASH-35724,2025-11-26,M,26,domestic,3.56,Economics,0
ASH-67131,2025-12-28,M,25,domestic,3.54,Physics,1
ASH-91662,2025-12-19,M,26,domestic,3.21,Physics,1
ASH-85567,2025-10-07,F,25,domestic,3.59,Economics,1
ASH-24824,2025-12-03,M,26,domestic,3.03,Biology,0
ASH-58726,2025-10-28,M,27,international,2.79,Engineering,1
ASH-67235,2025-11-16,M,23,domestic,3.18,Engineering,0
ASH-30258,2025-10-27,M,22,international,3.28,Engineering,1
ASH-35371,2025-10-31,M,23,international,3.42,Biology,1
ASH-87855,2025-10-28,F,27,domestic,3.33,Psychology,0
ASH-14850,2025-12-24,F,24,domestic,3.58,Biology,1
ASH-55581,2025-10-25,F,29,domestic,3.24,Psychology,0
ASH-60919,2025-12-02,M,22,international,2.92,Engineering,0
ASH-97176,2025-11-22,F,23,domestic,3.15,Economics,1
ASH-62593,2025-11-19,M,23,domestic,3.88,English,1
ASH-78998,2025-10-29,M,22,international,3.97,Engineering,0
ASH-48840,2025-12-10,M,23,domestic,3.45,Psychology,1
ASH-80838,2025-12-13,F,24,domestic,3.28,Biology,0
ASH-70532,2025-12-30,M,26,domestic,3.41,Engineering,1
ASH-29902,2025-12-31,F,25,domestic,3.45,Economics,1
ASH-77956,2025-11-22,M,23,domestic,3.24,Economics,0
ASH-60939,2025-10-16,F,25,international,3.04,Economics,0
ASH-86937,2025-11-30,F,26,domestic,3.42,Economics,0
ASH-46372,2025-12-08,M,29,domestic,3.44,Biology,1
ASH-30933,2025-12-06,M,25,international,3.59,Physics,1
ASH-66386,2025-10-31,M,23,international,3.43,Engineering,1
ASH-43187,2025-12-31,M,25,international,2.86,Biology,0
ASH-90389,2025-12-05,F,25,international,3.83,Psychology,1
ASH-67471,2025-11-10,M,22,domestic,3.15,English,0
ASH-10900,2025-10-23,F,23,international,3.67,Physics,1
ASH-98483,2025-11-14,M,27,domestic,3.85,Economics,1
ASH-25648,2025-12-01,M,22,domestic,3.07,Engineering,0
ASH-87587,2025-10-19,M,23,domestic,3.32,Economics,0
ASH-27595,2025-11-02,F,26,domestic,3.09,English,0
ASH-15584,2025-10-13,F,28,international,3.4,Psychology,0
ASH-96330,2025-12-11,F,24,domestic,3.27,English,0
ASH-79290,2025-10-20,F,24,international,3.52,Biology,1
ASH-80202,2025-10-16,M,23,domestic,3.41,Engineering,1
ASH-10000,2025-11-22,M,23,domestic,3.5,Engineering,0
ASH-68895,2025-11-20,F,24,international,3.06,English,0
ASH-83892,2025-12-17,F,25,domestic,3.32,Biology,0
ASH-49720,2025-10-07,M,24,domestic,3.58,Engineering,1
ASH-25384,2025-12-10,F,24,domestic,3.45,Psychology,1
ASH-40968,2025-10-20,M,25,international,3.03,Physics,0
ASH-26100,2025-11-04,M,32,domestic,3.44,Physics,1
ASH-47259,2025-12-19,M,22,international,3.43,Economics,0
ASH-13400,2025-12-28,M,22,domestic,3.03,Engineering,0
ASH-82917,2025-10-04,M,22,international,3.85,Economics,1
ASH-73395,2025-11-15,M,29,international,3.38,Biology,0
ASH-31665,2025-12-24,M,25,domestic,3.48,English,0
ASH-73827,2025-10-18,M,24,international,3.27,Engineering,0
ASH-90425,2025-10-10,M,24,international,3.67,Economics,1
ASH-43321,2025-12-02,M,23,domestic,3.06,Biology,0
ASH-86058,2025-11-28,F,22,international,3.23,English,0
ASH-23082,2025-11-11,F,27,international,3.49,Economics,0
ASH-89639,2025-11-23,M,25,domestic,2.8,Physics,1
ASH-64121,2025-11-21,M,23,international,3.34,Physics,1
ASH-31626,2025-10-19,M,25,domestic,3.34,Engineering,0
ASH-30426,2025-12-04,M,24,domestic,3.73,Psychology,1
ASH-37055,2025-12-24,F,23,international,3.49,English,0
ASH-47770,2025-12-11,M,22,domestic,3.8,Engineering,1
ASH-51773,2025-11-03,F,34,domestic,3.35,Psychology,1
ASH-18278,2025-10-31,F,24,domestic,3.46,English,0
ASH-19852,2025-10-21,F,24,domestic,3.27,Physics,0
ASH-79665,2025-11-21,M,25,international,3.32,Biology,1
ASH-38247,2025-12-27,F,24,international,3.89,Psychology,1
ASH-55290,2025-11-23,M,24,domestic,3.29,Physics,1
ASH-83845,2025-10-30,M,23,international,2.62,Engineering,0
ASH-16328,2025-10-02,M,23,domestic,3.55,Engineering,1
ASH-47895,2025-12-31,F,29,domestic,3.86,English,1
ASH-42972,2025-11-21,F,22,domestic,3.07,Economics,0
ASH-89131,2025-10-10,F,26,international,3.19,English,0
ASH-53567,2025-10-14,F,22,domestic,3.22,English,0
ASH-69573,2025-12-30,F,23,international,3.23,English,0
ASH-48384,2025-10-29,M,30,domestic,3.48,Physics,1
ASH-69219,2025-12-21,M,25,domestic,3.35,Psychology,1
ASH-80995,2025-11-30,M,24,domestic,3.36,Engineering,1
ASH-68109,2025-12-22,M,25,domestic,2.84,Physics,0
ASH-15361,2025-12-06,M,23,international,3.32,Physics,0
ASH-13988,2025-10-14,F,23,international,3.18,Biology,0
ASH-83058,2025-11-11,M,25,domestic,3.72,Biology,0
ASH-18372,2025-10-06,F,22,domestic,3.67,Economics,0
ASH-90110,2025-11-20,F,28,domestic,3.59,Economics,0
ASH-30710,2025-10-17,F,23,domestic,2.94,Biology,0
ASH-77653,2025-12-26,F,22,international,3.33,Psychology,0
ASH-49136,2025-11-28,M,24,domestic,3.48,Engineering,1
ASH-97682,2025-10-04,F,26,international,3.53,English,0
ASH-57052,2025-11-22,M,25,domestic,3.35,English,0
ASH-74799,2025-10-10,M,23,domestic,3.56,Economics,0
ASH-68021,2025-12-17,F,23,domestic,3.43,Biology,1
ASH-78414,2025-12-29,M,24,domestic,3.48,English,0
ASH-16520,2025-12-07,M,24,domestic,3.14,Physics,0
ASH-43470,2025-10-27,M,22,international,3.23,Biology,0
ASH-95198,2025-10-26,M,26,domestic,3.1,Physics,1
ASH-59806,2025-10-10,F,25,international,3.13,Economics,0
ASH-92827,2025-12-07,M,25,domestic,3.32,Physics,0
ASH-90933,2025-10-16,M,26,international,3.08,Engineering,0
ASH-92196,2025-11-17,F,24,domestic,3.62,Physics,1
ASH-49814,2025-10-05,F,23,domestic,3.58,Psychology,0
ASH-99185,2025-12-31,M,24,domestic,3.5,English,0
ASH-34021,2025-10-15,M,23,international,2.92,Biology,0
ASH-95500,2025-10-07,F,24,international,3.06,Psychology,0
ASH-88041,2025-11-21,M,26,international,2.99,Economics,0
ASH-71251,2025-10-21,M,30,domestic,3.65,Psychology,0
ASH-61457,2025-11-05,F,26,domestic,3.61,Psychology,1
ASH-98309,2025-11-27,M,24,domestic,3.01,Psychology,0
ASH-44864,2025-12-26,M,22,international,3.74,Economics,0
ASH-88953,2025-11-08,M,23,domestic,3.15,Engineering,1
ASH-15841,2025-11-13,M,26,international,3.59,Biology,0
ASH-66701,2025-12-24,F,28,domestic,3.21,English,0
ASH-56270,2025-10-14,M,23,international,3.26,Physics,1
ASH-66139,2025-12-02,M,24,international,3.22,Physics,1
ASH-38743,2025-12-22,M,23,international,2.77,Economics,0
ASH-25379,2025-10-07,M,28,international,3.68,Physics,1
ASH-57143,2025-10-28,F,25,domestic,3.35,Economics,1
ASH-50820,2025-11-06,F,22,domestic,3.35,English,0
ASH-93883,2025-11-15,F,23,domestic,3.22,Biology,0
ASH-24255,2025-12-10,M,23,international,3.79,English,0
ASH-38938,2025-11-11,F,26,international,3.61,Economics,1
ASH-63001,2025-10-03,F,26,domestic,3.21,Physics,0
ASH-71618,2025-12-27,F,24,domestic,3.33,Economics,0
ASH-71530,2025-12-18,M,24,international,3.27,Engineering,0
ASH-52830,2025-11-29,F,23,domestic,3.52,Psychology,1
ASH-46088,2025-12-06,M,26,domestic,3.6,English,1
ASH-72478,2025-10-26,F,23,international,3.04,Psychology,0
ASH-79223,2025-12-17,M,24,international,3.1,Physics,0
ASH-72073,2025-12-05,M,23,domestic,3.11,Engineering,1
ASH-14263,2025-10-31,M,27,international,3.45,Psychology,0
ASH-50623,2025-10-14,F,23,international,3.94,Economics,1
ASH-51384,2025-11-04,M,25,domestic,3.25,Engineering,1
ASH-41837,2025-10-04,M,24,domestic,3.29,English,0
ASH-39760,2025-11-07,M,24,domestic,3.24,Engineering,0
ASH-57187,2025-10-15,M,23,domestic,2.22,Economics,0
ASH-49150,2025-12-11,F,22,domestic,3.01,English,0
ASH-49373,2025-12-18,F,29,international,3.16,Biology,0
ASH-90292,2025-10-15,M,24,international,2.91,Economics,0
ASH-74089,2025-10-27,M,27,domestic,3.2,Psychology,0
ASH-56252,2025-11-02,M,25,domestic,3.31,Physics,1
ASH-81039,2025-11-06,M,22,international,2.99,English,0
ASH-68631,2025-12-03,F,23,international,3.36,Economics,0
ASH-28955,2025-10-13,M,24,international,3.63,Engineering,1
ASH-16982,2025-11-01,M,24,domestic,3.68,Physics,1
ASH-93255,2025-12-29,M,22,domestic,3.19,Engineering,1
ASH-84532,2025-11-10,F,23,domestic,3.26,Economics,0
ASH-81413,2025-10-17,M,27,domestic,3.41,Economics,0
ASH-16786,2025-12-09,M,25,international,3.19,Biology,0
ASH-73915,2025-10-25,F,23,domestic,3.39,Psychology,0
ASH-27508,2025-12-05,M,27,international,2.95,Economics,0
ASH-18353,2025-12-11,M,25,domestic,3.26,Engineering,1
ASH-37007,2025-12-19,M,23,domestic,3.55,Engineering,1
ASH-10746,2025-10-18,M,24,domestic,3.17,Engineering,1
ASH-93095,2025-10-11,F,23,domestic,3.05,English,0
ASH-30524,2025-12-02,F,24,domestic,2.56,Psychology,0
ASH-35200,2025-10-03,M,25,domestic,3.39,Economics,0
ASH-77339,2025-11-28,F,24,domestic,3.22,Economics,0
ASH-93041,2025-10-17,F,22,domestic,3.24,Biology,0
ASH-91979,2025-10-13,F,24,international,3.8,English,0
ASH-72394,2025-11-08,F,26,domestic,3.49,English,1
ASH-30139,2025-12-17,M,24,international,3.14,Physics,1
ASH-21489,2025-11-01,F,23,international,3.59,Economics,1
ASH-15152,2025-10-26,M,24,international,2.95,English,0
ASH-76002,2025-11-24,M,23,domestic,3.6,Biology,0
ASH-46320,2025-10-10,M,25,domestic,3.24,Biology,0
ASH-92891,2025-11-26,M,22,domestic,3.42,Engineering,1
ASH-97032,2025-11-13,F,24,domestic,3.17,English,0
ASH-92336,2025-12-21,M,23,domestic,3.15,Economics,0
ASH-85523,2025-10-08,M,26,domestic,3.18,Physics,1
ASH-94609,2025-12-23,M,23,domestic,3.17,Biology,0
ASH-10285,2025-12-27,M,23,domestic,3.93,Physics,1
ASH-36565,2025-12-01,F,28,international,3.17,Biology,0
ASH-47710,2025-10-05,F,26,international,3.42,English,0
ASH-39754,2025-10-15,M,22,domestic,3.21,Engineering,1
ASH-34982,2025-11-23,M,29,domestic,3.62,Biology,1
ASH-35059,2025-11-02,M,23,international,3.5,Economics,0
ASH-76197,2025-10-21,M,23,international,3.7,Engineering,1
ASH-55174,2025-10-14,M,23,international,3.23,Biology,0
ASH-62963,2025-11-24,M,22,domestic,3.13,English,0
ASH-36503,2025-12-11,F,23,domestic,3.41,Biology,0
ASH-10530,2025-10-21,M,26,domestic,3.62,English,0
ASH-80677,2025-10-26,F,24,domestic,3.07,Biology,0
ASH-87181,2025-11-14,F,22,domestic,3.42,Biology,0
ASH-94056,2025-10-20,M,28,domestic,2.94,English,0
ASH-37956,2025-10-17,M,25,international,2.76,Physics,0
ASH-57764,2025-11-02,M,23,domestic,3.16,Engineering,1
ASH-78706,2025-12-08,F,29,domestic,2.91,Physics,1
ASH-19451,2025-10-14,M,24,international,3.09,Engineering,1
ASH-93326,2025-11-28,F,24,international,3.26,Biology,0
ASH-47782,2025-12-21,F,23,domestic,3.49,Psychology,1
ASH-56194,2025-10-05,M,24,domestic,3.06,Engineering,1
ASH-81292,2025-12-26,M,26,domestic,3.54,Physics,1
ASH-45111,2025-12-31,F,23,domestic,3.42,English,0
ASH-60038,2025-12-01,M,27,international,3.65,Physics,1
ASH-46716,2025-11-28,M,30,domestic,3.13,Economics,0
ASH-53126,2025-10-18,M,27,international,3.34,Biology,1
ASH-68539,2025-10-04,M,28,international,3.06,English,0
ASH-46447,2025-12-16,M,24,domestic,3.46,Engineering,1
ASH-41279,2025-11-16,F,24,domestic,3.55,Psychology,0
ASH-79632,2025-10-24,M,23,domestic,3.08,Psychology,0
ASH-97108,2025-12-14,F,26,domestic,3.6,Psychology,0
ASH-73279,2025-10-18,M,28,domestic,3.53,Economics,0
ASH-95265,2025-11-01,F,25,domestic,2.99,Economics,0
ASH-57967,2025-10-02,M,24,domestic,3.22,Physics,0
ASH-71292,2025-12-30,F,22,domestic,4.0,Economics,1
ASH-49934,2025-12-25,M,22,domestic,2.83,Physics,0
ASH-83517,2025-11-17,F,23,international,3.68,Engineering,1
ASH-94160,2025-12-22,M,27,domestic,2.95,Economics,0
ASH-92750,2025-12-30,M,24,international,3.38,Biology,0
ASH-85243,2025-12-14,F,24,domestic,3.88,English,1
ASH-42203,2025-10-28,M,23,domestic,3.08,Engineering,0
ASH-15416,2025-12-20,M,24,domestic,3.48,Economics,1
ASH-15635,2025-11-20,M,26,domestic,3.46,English,0
ASH-85494,2025-11-21,F,24,domestic,3.7,Economics,1
ASH-82970,2025-12-01,M,24,domestic,3.41,Engineering,1
ASH-79567,2025-11-01,F,25,domestic,3.84,Biology,1
ASH-13022,2025-12-10,F,31,international,3.4,English,0
ASH-81671,2025-10-25,F,23,domestic,3.06,Economics,0
ASH-73611,2025-12-28,F,24,domestic,3.31,Psychology,0
ASH-40810,2025-10-17,M,24,domestic,3.37,Engineering,1
ASH-57264,2025-10-27,F,23,domestic,3.46,Psychology,0
ASH-19079,2025-10-10,M,27,international,2.99,Engineering,0
ASH-27788,2025-12-15,F,22,domestic,3.35,Psychology,0
ASH-55188,2025-11-03,F,22,domestic,3.51,English,0
ASH-39196,2025-12-03,M,22,domestic,3.76,Engineering,0
ASH-63422,2025-12-29,M,25,domestic,3.92,English,1
ASH-68873,2025-11-17,M,27,domestic,3.55,English,0
ASH-87283,2025-10-16,F,24,domestic,3.52,English,0
ASH-29887,2025-11-29,F,23,international,2.91,Economics,0
ASH-32583,2025-11-14,M,22,international,3.23,English,0
ASH-87230,2025-12-23,M,23,international,3.43,Engineering,1
ASH-93851,2025-11-06,M,27,domestic,3.44,Physics,1
ASH-18480,2025-12-14,F,25,domestic,3.5,Economics,1
ASH-96807,2025-12-13,F,22,domestic,3.0,Physics,1
ASH-16624,2025-10-26,F,23,domestic,3.05,English,0
ASH-15025,2025-10-15,F,23,international,3.26,Biology,0
ASH-41777,2025-10-11,F,24,domestic,3.49,English,0
ASH-73003,2025-10-27,M,23,international,3.09,Engineering,1
ASH-15409,2025-11-25,M,23,domestic,3.51,English,1
ASH-15994,2025-10-28,F,22,international,3.53,Economics,1
ASH-46917,2025-12-29,M,25,domestic,3.59,Engineering,0
ASH-71847,2025-12-10,F,23,international,3.85,Biology,1
ASH-53483,2025-10-11,F,23,domestic,3.41,Economics,0
ASH-56029,2025-10-14,M,24,domestic,3.33,Biology,0
ASH-37728,2025-10-28,M,25,domestic,3.45,Engineering,0
ASH-33580,2025-11-05,M,27,domestic,3.47,Psychology,0
ASH-26532,2025-10-08,F,24,international,3.07,Economics,0
ASH-76110,2025-11-07,M,23,international,3.37,Physics,1
ASH-79809,2025-12-31,F,24,domestic,3.49,English,0
ASH-62563,2025-11-02,M,23,domestic,3.08,Biology,0
ASH-63361,2025-11-09,F,24,domestic,3.76,Economics,1
ASH-16108,2025-11-23,M,26,domestic,3.43,Engineering,0
ASH-61909,2025-10-20,M,24,domestic,3.48,Engineering,1
ASH-30635,2025-12-21,M,24,domestic,4.0,Economics,0
ASH-44364,2025-10-07,M,30,domestic,3.66,English,0
ASH-95244,2025-11-05,F,23,domestic,3.43,Engineering,0
ASH-44590,2025-12-21,F,29,domestic,2.93,Psychology,0
ASH-94297,2025-11-21,M,24,domestic,3.86,Physics,1
ASH-23739,2025-12-25,M,22,domestic,2.8,Engineering,0
ASH-38154,2025-12-30,F,23,domestic,3.32,Biology,0
ASH-52067,2025-12-05,M,25,international,3.27,Engineering,1
ASH-35658,2025-12-15,M,36,international,3.34,Physics,1
ASH-79752,2025-10-16,M,28,international,3.43,Psychology,0
ASH-85564,2025-10-08,F,28,domestic,3.82,Engineering,1
ASH-80680,2025-10-21,M,22,international,2.96,Economics,0
ASH-53619,2025-12-12,F,24,international,3.23,Economics,0
ASH-16532,2025-10-08,M,23,domestic,3.47,Engineering,1
ASH-20427,2025-12-30,F,23,domestic,3.28,English,0
ASH-34772,2025-12-03,M,27,domestic,3.7,Physics,1
ASH-90932,2025-10-23,F,28,domestic,3.81,Economics,1
ASH-86964,2025-11-27,M,25,domestic,3.51,Psychology,0
ASH-14475,2025-11-24,F,24,domestic,3.69,Economics,1
ASH-90773,2025-10-25,M,24,domestic,3.25,English,0
ASH-65115,2025-10-25,F,23,international,4.0,Biology,1
ASH-33909,2025-12-20,M,22,international,3.89,Engineering,1
ASH-36363,2025-10-30,M,27,domestic,3.82,Engineering,0
ASH-96004,2025-11-24,F,26,international,3.27,English,0
ASH-60973,2025-11-11,M,26,international,3.37,Engineering,0
ASH-23645,2025-10-14,F,22,international,2.95,English,0
ASH-43188,2025-10-02,M,26,domestic,2.83,Economics,0
ASH-36367,2025-10-23,M,22,domestic,3.11,Engineering,0
ASH-26913,2025-10-05,F,26,domestic,2.95,Economics,0
ASH-41534,2025-10-26,F,24,international,3.15,English,0
ASH-92619,2025-11-23,F,24,domestic,3.33,Economics,1
ASH-25567,2025-11-20,F,23,domestic,3.23,Psychology,0
ASH-69223,2025-11-22,M,24,domestic,3.25,Biology,0
ASH-31660,2025-12-16,M,26,domestic,3.89,Physics,1
ASH-36402,2025-11-03,F,25,international,3.45,Economics,0
ASH-87569,2025-10-04,M,26,international,3.49,Physics,1
ASH-99991,2025-12-20,F,22,domestic,2.93,English,0
ASH-29305,2025-11-18,F,23,domestic,3.87,Psychology,1
ASH-27572,2025-12-15,M,26,domestic,3.18,English,0
ASH-35743,2025-12-26,M,24,domestic,3.21,English,0
ASH-88122,2025-10-14,M,23,domestic,3.6,Biology,1
ASH-86460,2025-12-11,M,22,domestic,3.31,Physics,1
ASH-94734,2025-12-23,M,28,domestic,2.71,Engineering,0
ASH-17034,2025-11-10,M,26,domestic,3.2,Engineering,1
ASH-29288,2025-11-23,M,25,domestic,3.44,English,0
ASH-12218,2025-11-17,F,27,domestic,3.66,Psychology,0
ASH-93046,2025-11-25,M,25,domestic,2.7,Engineering,0
ASH-72507,2025-11-23,M,23,domestic,3.76,Engineering,1
ASH-28776,2025-12-12,F,23,domestic,3.43,Biology,1
ASH-87665,2025-12-24,M,26,domestic,3.27,Engineering,0
ASH-66364,2025-12-17,M,25,domestic,3.04,English,0
ASH-34308,2025-11-05,M,27,domestic,2.97,Biology,0
ASH-88745,2025-10-31,F,24,domestic,3.43,Economics,0
ASH-20889,2025-10-11,M,29,domestic,2.83,Economics,0
ASH-36965,2025-11-28,F,23,domestic,3.87,Psychology,1
ASH-50140,2025-10-19,F,23,international,3.1,Psychology,0
ASH-21986,2025-10-06,M,22,domestic,2.71,Engineering,0
ASH-86251,2025-11-07,M,22,domestic,4.0,Economics,1
ASH-54436,2025-12-31,F,24,domestic,3.41,English,0
ASH-54792,2025-12-21,F,23,domestic,2.84,Biology,0
ASH-67058,2025-10-25,M,27,domestic,2.87,Economics,0
ASH-73732,2025-10-15,F,26,domestic,2.92,Economics,0
ASH-22004,2025-11-09,F,25,international,3.26,English,0
ASH-73288,2025-11-27,M,27,domestic,3.11,Economics,0
ASH-27405,2025-10-24,M,25,domestic,3.2,Psychology,0
ASH-81801,2025-12-22,F,25,domestic,3.62,Psychology,0
ASH-48613,2025-10-06,M,23,domestic,3.4,Biology,0
ASH-57186,2025-10-05,M,25,international,2.99,Physics,0
ASH-32653,2025-12-20,M,26,international,3.0,Engineering,0
ASH-22676,2025-11-27,F,23,domestic,3.94,Biology,1
ASH-16761,2025-10-19,M,26,domestic,3.55,Engineering,1
ASH-86884,2025-10-18,M,26,international,4.0,Engineering,1
ASH-11050,2025-11-02,F,22,domestic,3.55,Psychology,0
ASH-11065,2025-10-01,F,26,domestic,2.73,Economics,0
ASH-18426,2025-10-05,M,25,international,3.41,English,0
ASH-14521,2025-12-03,M,23,international,3.53,Physics,1
ASH-14561,2025-11-14,M,24,domestic,3.18,Engineering,1
ASH-34075,2025-11-09,M,22,domestic,3.56,Physics,0
ASH-69715,2025-10-29,F,22,domestic,3.82,Economics,0
ASH-56951,2025-10-11,M,24,domestic,3.2,English,0
ASH-14293,2025-10-22,F,23,international,3.16,Economics,0
ASH-62107,2025-11-04,F,23,domestic,3.73,Psychology,0
ASH-37536,2025-10-22,M,23,domestic,3.37,Engineering,1
ASH-89795,2025-11-28,F,28,domestic,3.77,English,1
ASH-66407,2025-11-14,F,24,international,3.38,English,0
ASH-45390,2025-11-15,M,24,international,3.4,Physics,1
ASH-47771,2025-12-19,F,30,domestic,3.08,Psychology,0
ASH-71721,2025-12-27,F,24,domestic,2.56,Biology,1
ASH-73130,2025-10-28,M,24,domestic,3.75,Physics,1
ASH-41266,2025-12-31,F,22,domestic,3.1,Biology,0
ASH-47283,2025-12-31,M,24,domestic,2.91,Economics,0
ASH-32078,2025-10-20,M,27,domestic,3.46,Biology,1
ASH-80635,2025-12-05,M,25,domestic,3.31,English,0
ASH-90798,2025-11-18,M,24,international,3.81,Physics,0
ASH-80273,2025-12-15,M,34,international,2.51,Psychology,0
ASH-82085,2025-11-06,M,23,domestic,3.3,Engineering,1
ASH-33245,2025-10-13,M,23,domestic,4.0,Psychology,1
ASH-52886,2025-11-28,M,25,domestic,3.08,Physics,0
ASH-22478,2025-11-24,F,28,domestic,2.7,Engineering,0
ASH-40969,2025-12-20,M,22,international,3.73,Engineering,1
ASH-72858,2025-12-21,M,27,international,3.98,Physics,1
ASH-89507,2025-11-02,F,24,domestic,3.43,Psychology,0
ASH-15691,2025-10-05,M,27,domestic,3.39,Biology,0
ASH-93793,2025-12-06,M,24,domestic,3.73,Psychology,1
ASH-39130,2025-10-10,M,25,international,3.05,Physics,1
ASH-33846,2025-12-23,F,26,international,2.87,Biology,0
ASH-16439,2025-10-24,M,23,domestic,2.92,Biology,0
ASH-85838,2025-10-18,M,24,domestic,3.14,Economics,0
ASH-31699,2025-11-19,M,25,domestic,4.0,English,0
ASH-14596,2025-12-12,M,23,international,3.17,English,0
ASH-45065,2025-11-02,F,27,international,3.33,Psychology,0
ASH-24987,2025-12-18,M,26,domestic,3.25,Biology,0
ASH-72685,2025-12-24,M,28,domestic,3.51,Psychology,0
ASH-86472,2025-10-11,M,27,international,3.22,Psychology,0
ASH-56359,2025-10-24,F,28,domestic,3.54,Psychology,0
ASH-12882,2025-12-15,F,25,international,2.94,Psychology,0
ASH-33786,2025-12-04,M,24,international,3.71,Economics,0
ASH-78344,2025-11-29,M,28,domestic,3.08,English,0
ASH-98458,2025-10-24,F,26,international,3.41,Economics,1
ASH-42802,2025-12-09,F,24,international,3.6,Economics,0
ASH-96516,2025-10-05,M,23,domestic,3.61,Physics,1
ASH-73071,2025-11-25,M,22,domestic,3.06,Economics,0
ASH-91081,2025-12-20,M,25,domestic,3.03,Biology,0
ASH-90608,2025-12-24,M,26,domestic,3.56,Engineering,1
ASH-60074,2025-12-27,M,22,international,3.57,Engineering,1
ASH-34132,2025-11-14,M,25,domestic,3.03,Engineering,0
ASH-80970,2025-11-17,M,27,domestic,3.44,Engineering,1
ASH-25772,2025-12-30,M,26,domestic,3.55,Economics,1
ASH-73405,2025-11-28,M,24,domestic,3.98,Biology,1
ASH-81087,2025-12-30,M,23,domestic,3.54,Psychology,0
ASH-77402,2025-11-11,F,23,domestic,3.26,Psychology,1
ASH-26426,2025-12-02,M,29,international,3.9,Biology,1
ASH-54878,2025-11-03,M,24,domestic,3.35,Physics,0
ASH-49756,2025-10-21,M,23,international,3.43,Engineering,0
ASH-42610,2025-10-13,M,22,international,2.98,Psychology,0
ASH-14539,2025-12-23,F,23,domestic,3.83,Biology,1
ASH-52396,2025-10-21,M,22,domestic,3.71,English,0
ASH-61934,2025-12-30,M,25,international,3.7,Engineering,1
ASH-80385,2025-10-13,F,25,domestic,3.26,Economics,1
ASH-41570,2025-12-05,F,24,international,2.77,Psychology,0
ASH-82702,2025-12-23,M,22,domestic,3.46,Biology,0
ASH-32828,2025-12-04,M,26,domestic,3.6,Biology,0
ASH-85298,2025-12-31,F,29,domestic,3.14,English,0
ASH-41728,2025-11-04,M,26,international,3.98,Economics,1
ASH-60950,2025-12-04,F,26,international,3.31,Economics,0
ASH-35117,2025-12-19,F,22,domestic,3.73,Psychology,0
ASH-14989,2025-10-19,M,23,domestic,2.94,Engineering,0
ASH-10415,2025-12-05,M,22,domestic,3.13,Biology,0
ASH-83170,2025-12-06,M,27,international,3.5,Engineering,1
ASH-49009,2025-12-22,M,24,international,3.64,Biology,1
ASH-14562,2025-10-06,M,26,domestic,3.82,Engineering,1
ASH-71808,2025-11-03,F,26,domestic,3.5,English,0
ASH-18858,2025-10-18,M,27,domestic,3.17,Engineering,0
ASH-35139,2025-11-08,M,26,domestic,3.3,Economics,0
ASH-18978,2025-10-19,M,29,domestic,4.0,Physics,1
ASH-81088,2025-11-11,M,33,international,3.88,Engineering,1
ASH-83636,2025-12-04,F,23,international,2.94,Economics,0
ASH-79952,2025-10-05,M,24,domestic,3.32,Psychology,0
ASH-24755,2025-10-11,M,22,domestic,3.97,Economics,1
ASH-50194,2025-12-27,F,25,international,3.55,Economics,1
ASH-28438,2025-10-24,F,23,domestic,3.62,Physics,1
ASH-82677,2025-10-19,F,23,international,4.0,Psychology,1
ASH-38936,2025-10-03,F,22,domestic,3.35,Biology,1
ASH-53278,2025-11-25,F,24,domestic,3.56,Psychology,1
ASH-50202,2025-11-01,M,24,domestic,3.47,Physics,1
ASH-67150,2025-12-29,F,25,international,3.44,Economics,1
ASH-39866,2025-12-15,M,22,international,3.59,Biology,1
ASH-80173,2025-12-25,F,23,domestic,3.02,Biology,0
ASH-81532,2025-10-16,M,25,domestic,3.37,Engineering,1
ASH-87310,2025-12-19,F,26,international,3.36,Psychology,1
ASH-94566,2025-11-12,F,24,domestic,3.21,English,0
ASH-35942,2025-12-01,F,26,international,3.03,Economics,0
ASH-43742,2025-12-10,M,27,domestic,2.99,Physics,1
ASH-22656,2025-12-19,F,25,domestic,3.06,Biology,0
ASH-95316,2025-10-10,F,25,domestic,3.82,Psychology,1
ASH-52476,2025-10-01,F,23,domestic,3.38,Economics,1
ASH-46830,2025-11-10,F,22,domestic,3.72,English,0
ASH-89687,2025-11-18,M,25,domestic,2.99,Engineering,0
ASH-51734,2025-10-28,M,26,domestic,2.83,Engineering,0
ASH-73840,2025-11-11,F,23,domestic,3.23,Economics,1
ASH-20851,2025-11-04,F,22,domestic,3.42,Biology,0
ASH-31654,2025-12-22,M,30,domestic,3.35,Economics,0
ASH-86425,2025-12-31,M,27,domestic,3.41,Physics,1
ASH-85423,2025-12-20,F,24,domestic,3.54,Economics,1
ASH-76324,2025-10-09,F,22,international,2.9,Physics,0
ASH-75277,2025-11-08,M,25,international,3.6,Engineering,1
ASH-38753,2025-11-01,M,26,domestic,3.32,Economics,0
ASH-26529,2025-11-03,M,24,international,3.55,Engineering,0
ASH-68172,2025-10-31,M,28,international,3.0,Engineering,0
ASH-72097,2025-10-04,F,25,international,3.18,Economics,0
ASH-59293,2025-12-15,M,26,domestic,3.44,Economics,1
ASH-46388,2025-10-13,F,22,international,3.11,Psychology,0
ASH-43093,2025-11-08,M,27,domestic,2.88,Psychology,0
ASH-64229,2025-12-26,F,27,domestic,3.04,Biology,0
ASH-71744,2025-11-04,M,28,international,3.47,Economics,0
ASH-17691,2025-12-03,M,22,international,3.02,Economics,0
ASH-28341,2025-11-13,F,24,domestic,3.58,Engineering,1
ASH-23818,2025-10-26,F,23,domestic,3.38,English,0
ASH-35332,2025-11-14,M,23,international,3.6,Engineering,1
ASH-18298,2025-10-08,F,28,domestic,3.28,English,0
ASH-49038,2025-12-02,M,25,international,2.89,Engineering,0
ASH-38641,2025-12-12,F,26,international,3.43,Biology,0
ASH-17498,2025-10-03,F,24,domestic,3.55,English,0
ASH-48026,2025-12-22,F,23,international,3.12,Economics,0
ASH-56625,2025-12-10,M,24,domestic,3.37,English,0
ASH-81917,2025-11-04,F,23,international,3.6,Economics,0
ASH-89197,2025-11-13,F,23,international,3.18,English,0
ASH-26768,2025-10-30,M,23,domestic,3.42,Engineering,1
ASH-75253,2025-11-15,F,25,domestic,3.28,Biology,0
ASH-55107,2025-11-01,M,23,international,2.84,Physics,0
ASH-56546,2025-11-02,F,25,international,3.58,Physics,0
ASH-64632,2025-12-09,M,28,domestic,3.33,Psychology,1
ASH-66653,2025-10-28,M,23,international,3.07,Engineering,0
ASH-88362,2025-11-05,M,24,domestic,3.35,Biology,0
ASH-40191,2025-12-27,M,26,domestic,3.79,Biology,0
ASH-65113,2025-11-21,M,25,domestic,2.61,Physics,0
ASH-16938,2025-11-09,M,22,domestic,3.17,Engineering,1
ASH-51255,2025-10-11,M,24,domestic,2.92,Biology,0
ASH-54292,2025-10-20,M,25,international,3.2,Engineering,1
ASH-99173,2025-11-06,F,29,domestic,3.23,Engineering,0
ASH-95211,2025-10-23,M,26,domestic,4.0,Biology,1
ASH-31343,2025-11-24,F,29,domestic,3.78,Psychology,1
ASH-19524,2025-10-01,F,24,international,3.19,Psychology,0
ASH-60092,2025-10-07,F,22,domestic,3.66,Engineering,1
ASH-48503,2025-10-04,M,26,international,3.8,Physics,1
ASH-48552,2025-10-29,F,27,international,3.7,English,0
ASH-14230,2025-11-02,F,23,international,3.36,Engineering,1
ASH-41037,2025-12-09,M,22,international,4.0,Psychology,0
ASH-81711,2025-10-14,M,25,domestic,3.07,Engineering,0
ASH-24331,2025-10-09,F,24,domestic,3.57,Physics,1
ASH-43635,2025-12-14,F,25,domestic,3.98,Economics,1
ASH-61033,2025-11-25,F,26,international,2.64,Biology,0
ASH-87529,2025-10-10,M,24,domestic,3.53,Economics,1
ASH-42131,2025-11-23,F,25,domestic,3.98,Psychology,1
ASH-50519,2025-12-22,F,25,domestic,3.29,Biology,0
ASH-50104,2025-11-06,M,28,domestic,3.14,English,0
ASH-26046,2025-10-17,F,24,international,3.42,Biology,1
ASH-38021,2025-10-29,F,26,domestic,3.61,English,0
ASH-61993,2025-10-08,F,32,international,3.61,Economics,0
ASH-95569,2025-10-25,F,24,domestic,3.14,English,0
ASH-95698,2025-12-08,M,22,domestic,3.18,English,0
ASH-80781,2025-12-11,M,22,domestic,3.1,Engineering,0
ASH-94180,2025-11-29,F,27,domestic,3.48,Psychology,0
ASH-29367,2025-12-01,F,23,international,3.52,Economics,1
ASH-59848,2025-10-05,F,23,domestic,3.02,Economics,1
ASH-94318,2025-10-05,F,26,domestic,3.43,Psychology,0
ASH-10875,2025-10-01,F,22,domestic,2.85,Psychology,0
ASH-19438,2025-11-10,M,29,domestic,3.33,Physics,0
ASH-71902,2025-10-02,F,28,international,3.81,Economics,1
ASH-12840,2025-12-21,M,27,international,2.8,Economics,0
ASH-89473,2025-12-21,M,36,domestic,3.08,Biology,0
ASH-92588,2025-12-02,M,26,domestic,3.38,Physics,1
ASH-20824,2025-10-24,M,32,international,3.2,Engineering,1
ASH-63372,2025-10-12,M,25,domestic,3.6,Biology,1
ASH-16782,2025-10-19,M,26,domestic,2.96,English,0
ASH-86917,2025-10-12,M,22,international,2.72,Physics,1
ASH-82978,2025-12-06,F,25,international,2.92,English,0
ASH-86125,2025-11-21,F,23,domestic,4.0,Economics,1
ASH-34323,2025-11-03,F,27,domestic,3.46,Biology,0
ASH-39061,2025-12-24,M,24,domestic,3.37,Engineering,1
ASH-23214,2025-12-26,M,24,domestic,3.16,Biology,0
ASH-83750,2025-10-27,F,26,international,3.21,Psychology,1
ASH-14048,2025-11-07,F,27,domestic,3.08,Psychology,0
ASH-58769,2025-10-21,F,24,international,3.56,English,0
ASH-78431,2025-11-21,M,23,international,3.59,Economics,1
ASH-46061,2025-10-20,M,24,international,3.42,Economics,0
ASH-50021,2025-10-05,M,23,domestic,3.5,Economics,0
ASH-81804,2025-12-22,M,27,domestic,3.31,Psychology,0
ASH-23692,2025-12-22,M,27,domestic,3.18,Physics,0
ASH-31194,2025-12-31,M,24,domestic,3.0,Engineering,0
ASH-23389,2025-10-26,M,23,international,3.74,Physics,1
ASH-56367,2025-12-07,F,24,international,3.37,English,0
ASH-71690,2025-12-30,F,24,domestic,3.28,Biology,1
ASH-52034,2025-11-07,M,24,domestic,3.86,Economics,0
ASH-41087,2025-10-03,M,24,domestic,3.18,Engineering,1
ASH-35064,2025-11-09,M,24,international,3.09,Engineering,0
ASH-56673,2025-12-19,F,32,international,3.54,English,1
ASH-77978,2025-11-19,F,26,international,3.47,Psychology,1
ASH-67813,2025-11-05,F,24,domestic,3.35,Psychology,1
ASH-62642,2025-12-25,M,23,international,3.54,Physics,0
ASH-96044,2025-10-17,F,23,international,3.14,English,0
ASH-42373,2025-12-18,M,27,domestic,3.26,Physics,0
ASH-97193,2025-10-22,M,24,domestic,3.48,Biology,0
ASH-66388,2025-11-30,M,25,international,3.4,Engineering,1
ASH-49615,2025-11-29,M,25,international,3.11,Engineering,0
ASH-73625,2025-10-04,F,24,domestic,3.57,Biology,1
ASH-11347,2025-10-29,M,24,domestic,3.8,Biology,1
ASH-26512,2025-10-11,F,23,international,3.38,Economics,1
ASH-74247,2025-12-20,M,25,domestic,3.73,Engineering,1
ASH-18387,2025-12-08,F,24,domestic,3.37,Biology,0
ASH-83508,2025-11-02,F,25,international,3.03,Biology,0
ASH-49161,2025-10-08,F,24,international,3.43,Economics,0
ASH-99827,2025-11-13,F,23,domestic,3.54,Engineering,1
ASH-97669,2025-12-13,F,24,domestic,2.8,Psychology,0
ASH-67404,2025-12-11,M,31,international,3.88,Biology,1
ASH-60070,2025-10-25,M,23,international,2.98,Engineering,0
ASH-72256,2025-11-30,M,27,international,3.28,English,0
ASH-64552,2025-11-26,M,27,domestic,2.92,Psychology,0
ASH-24329,2025-11-24,F,22,domestic,2.92,Engineering,0
ASH-57005,2025-12-09,M,26,international,3.14,Economics,0
ASH-82092,2025-12-08,F,24,domestic,3.17,Economics,0
ASH-40730,2025-12-05,M,27,international,4.0,Physics,1
ASH-90532,2025-10-20,M,24,domestic,2.48,Engineering,0
ASH-92459,2025-11-27,M,26,domestic,3.49,Economics,1
ASH-33334,2025-12-17,M,23,international,3.15,Biology,0
ASH-68938,2025-12-15,F,25,domestic,3.02,English,0
ASH-34498,2025-12-06,F,22,domestic,3.06,Economics,0
ASH-42871,2025-11-14,F,24,domestic,2.78,Psychology,0
ASH-54189,2025-12-07,M,29,domestic,3.2,English,0
ASH-33432,2025-11-08,M,25,international,3.08,Engineering,0
ASH-84770,2025-11-22,M,27,domestic,3.03,Engineering,0
ASH-37954,2025-11-08,M,24,international,2.66,Economics,0
ASH-77654,2025-10-12,F,24,international,4.0,Biology,1
ASH-40304,2025-10-02,F,23,international,3.8,Biology,1
ASH-45820,2025-12-21,F,24,domestic,3.77,Biology,1
ASH-80200,2025-10-30,M,25,domestic,3.25,Biology,0
ASH-64088,2025-12-02,F,22,international,3.24,English,0
ASH-54656,2025-11-14,M,26,international,3.15,Physics,0
ASH-40823,2025-10-19,M,24,international,3.58,Biology,1
ASH-34877,2025-12-09,M,23,international,3.61,Engineering,1
ASH-56599,2025-12-06,M,27,domestic,3.16,English,0
ASH-11553,2025-11-08,M,25,international,2.95,Economics,0
ASH-17233,2025-12-08,F,27,domestic,3.33,English,0
ASH-89966,2025-11-14,F,25,domestic,3.58,Engineering,1
ASH-55855,2025-10-18,M,24,international,3.62,Physics,1
ASH-89422,2025-10-30,M,23,international,3.47,Engineering,1
ASH-23647,2025-11-11,M,23,domestic,3.15,English,0
ASH-88918,2025-11-06,F,24,domestic,3.38,Economics,1
ASH-22422,2025-11-24,F,27,international,3.1,English,0
ASH-15310,2025-10-07,F,22,international,3.27,English,0
ASH-18617,2025-11-10,M,23,domestic,3.32,English,0
ASH-71452,2025-10-24,F,24,domestic,2.94,Psychology,0
ASH-15301,2025-10-07,M,23,domestic,3.46,Physics,1
ASH-93208,2025-12-11,M,23,domestic,3.24,Economics,0
ASH-45583,2025-10-12,M,23,international,3.2,Engineering,0
ASH-78808,2025-12-05,M,22,international,3.32,Biology,0
ASH-22484,2025-11-02,M,23,domestic,3.54,Biology,0
ASH-39002,2025-10-04,M,23,domestic,3.55,Physics,1
ASH-24904,2025-10-17,F,23,international,3.38,Psychology,0
ASH-30961,2025-10-03,M,23,domestic,3.66,Physics,1
ASH-78684,2025-11-14,M,24,international,3.04,Engineering,0
ASH-67339,2025-12-15,F,23,domestic,3.33,English,0
ASH-31080,2025-10-25,F,23,domestic,2.89,English,0
ASH-17371,2025-11-20,F,33,international,2.98,Economics,0
ASH-68319,2025-12-07,M,23,international,3.84,Engineering,1
ASH-41565,2025-12-22,M,25,domestic,3.46,Psychology,0
ASH-83954,2025-11-18,F,24,international,3.17,Economics,0
ASH-43707,2025-11-02,F,22,domestic,2.89,Economics,0
ASH-40830,2025-10-23,M,25,domestic,3.59,Engineering,1
ASH-12167,2025-10-15,F,22,domestic,3.7,Psychology,0
ASH-77380,2025-12-21,M,22,domestic,3.42,Engineering,1
ASH-42457,2025-12-15,F,23,domestic,3.2,Psychology,0
ASH-87626,2025-11-27,M,27,domestic,3.21,English,0
ASH-59558,2025-10-18,M,24,international,3.14,Engineering,0
ASH-64442,2025-11-07,F,24,domestic,3.48,Biology,0
ASH-16079,2025-11-16,M,26,international,3.08,English,0
ASH-54198,2025-11-16,F,27,domestic,3.27,Biology,0
ASH-40307,2025-10-07,M,22,international,3.29,Physics,1
ASH-62388,2025-10-21,M,22,international,2.58,English,0
ASH-25778,2025-11-25,M,24,domestic,3.49,Economics,0
ASH-63777,2025-11-21,M,24,domestic,3.26,Engineering,1
ASH-39358,2025-10-27,M,26,domestic,2.78,Economics,0
ASH-25748,2025-10-15,M,27,domestic,3.2,Psychology,0
ASH-85193,2025-10-29,F,25,domestic,3.35,Psychology,0
ASH-24022,2025-12-21,F,23,international,3.54,English,1
ASH-63354,2025-12-24,F,28,domestic,3.52,Physics,1
ASH-66456,2025-11-13,F,23,domestic,3.32,Psychology,1
ASH-78449,2025-10-06,F,25,international,2.98,Economics,0
ASH-77118,2025-11-21,M,35,international,3.76,Economics,1
ASH-10771,2025-11-24,M,25,international,3.54,Biology,0
ASH-66398,2025-11-20,F,24,domestic,3.19,Engineering,1
ASH-31804,2025-11-09,F,29,domestic,3.26,Psychology,0
ASH-28169,2025-11-09,M,24,international,3.19,Physics,0
ASH-89829,2025-11-03,M,22,domestic,3.78,Engineering,1
ASH-38701,2025-12-24,F,27,domestic,3.4,English,0
ASH-51272,2025-10-08,M,25,international,3.8,Engineering,1
ASH-65983,2025-10-17,F,25,domestic,3.54,Biology,1
ASH-59060,2025-10-20,M,26,domestic,3.48,Biology,1
ASH-54752,2025-10-23,M,22,domestic,3.14,Economics,1
ASH-42734,2025-10-18,M,24,international,3.19,Engineering,0
ASH-78381,2025-12-20,F,25,domestic,3.05,Physics,0
ASH-24057,2025-12-26,M,29,domestic,3.2,Engineering,0
ASH-47033,2025-10-28,F,27,international,4.0,Economics,1
ASH-46212,2025-11-23,F,24,international,3.19,Psychology,0
ASH-22704,2025-10-24,M,24,international,3.33,Engineering,1
ASH-81463,2025-11-15,F,25,domestic,3.06,English,0
ASH-12126,2025-10-28,M,23,domestic,3.67,Engineering,1
ASH-50139,2025-10-26,M,23,domestic,3.7,Engineering,1
ASH-37413,2025-10-11,F,22,international,3.28,Psychology,0
ASH-66836,2025-12-24,F,23,international,3.43,Engineering,1
ASH-66648,2025-12-22,F,24,international,3.28,English,0
ASH-57714,2025-12-28,F,22,domestic,3.63,English,1
ASH-38295,2025-12-21,F,24,domestic,3.71,English,0
ASH-51415,2025-10-03,M,23,domestic,3.47,Engineering,1
ASH-36622,2025-12-15,M,24,domestic,3.72,Biology,1
ASH-50961,2025-11-26,F,24,domestic,4.0,Biology,1
ASH-31245,2025-11-25,M,26,international,3.2,Economics,0
ASH-56142,2025-10-05,F,22,domestic,3.32,Biology,1
ASH-57003,2025-10-11,M,23,international,3.74,Physics,0
ASH-22400,2025-12-07,M,25,domestic,3.04,Biology,0
ASH-82433,2025-10-31,M,23,international,2.87,Physics,0
ASH-22329,2025-11-07,F,26,domestic,2.82,English,0
ASH-91107,2025-11-28,F,25,domestic,3.0,Economics,0
ASH-71368,2025-10-30,M,30,domestic,2.9,Economics,0
ASH-81120,2025-10-29,M,23,domestic,3.29,Engineering,1
ASH-37425,2025-10-02,F,22,domestic,3.34,Psychology,0
ASH-26137,2025-11-04,F,23,domestic,3.29,Engineering,1
ASH-12517,2025-10-10,M,24,international,3.28,Biology,0
ASH-68608,2025-11-08,F,28,domestic,3.47,Psychology,0
ASH-14507,2025-11-24,M,25,domestic,2.81,Physics,0
ASH-78308,2025-10-31,M,25,domestic,3.57,Engineering,1
ASH-88614,2025-11-13,F,25,domestic,3.09,Economics,0
ASH-78140,2025-10-10,M,22,domestic,3.37,Engineering,0
ASH-31984,2025-10-18,M,23,domestic,3.28,English,0
ASH-48333,2025-10-25,F,25,international,3.35,Economics,0
ASH-49482,2025-11-23,F,26,international,3.69,Economics,1
ASH-40320,2025-10-03,M,22,domestic,3.52,Physics,1
ASH-46296,2025-10-30,F,22,domestic,3.46,Biology,0
ASH-49723,2025-12-30,M,28,international,3.39,Engineering,0
ASH-14579,2025-10-10,F,24,domestic,3.18,Biology,0
ASH-66306,2025-10-03,M,23,domestic,3.09,Physics,0
ASH-33804,2025-10-08,F,24,international,3.69,English,0
ASH-15869,2025-11-22,F,26,domestic,3.18,English,0
ASH-21898,2025-12-31,F,26,domestic,3.48,Biology,0
ASH-38805,2025-11-08,F,25,domestic,2.71,Economics,0
ASH-51535,2025-11-30,F,29,domestic,3.27,Biology,0
ASH-44658,2025-10-08,F,22,domestic,3.18,Biology,0
ASH-10373,2025-12-12,M,23,domestic,3.94,Biology,1
ASH-86642,2025-12-29,M,26,domestic,3.47,Engineering,0
ASH-37752,2025-11-23,F,23,international,3.62,Economics,0
ASH-56582,2025-11-16,M,26,domestic,3.3,Biology,1
ASH-94527,2025-10-12,M,22,domestic,3.7,Psychology,1
ASH-18529,2025-11-11,M,24,international,3.07,Psychology,0
ASH-54697,2025-12-21,F,27,international,3.52,English,0
ASH-35037,2025-10-11,M,23,international,3.3,Engineering,1
ASH-74731,2025-10-06,M,25,domestic,3.57,Engineering,1
ASH-90666,2025-10-12,M,24,international,3.17,Engineering,0
ASH-10967,2025-10-20,F,22,domestic,3.45,Engineering,1
ASH-20711,2025-12-18,F,23,international,3.4,Economics,1
ASH-25636,2025-12-04,F,23,international,2.79,Economics,1
ASH-94398,2025-12-28,F,28,international,3.48,Economics,0
ASH-90523,2025-11-14,F,23,domestic,3.91,Physics,1
ASH-60800,2025-12-03,M,25,international,3.66,Engineering,1
ASH-35249,2025-11-27,M,29,international,3.56,Physics,1
ASH-57846,2025-12-18,M,22,domestic,3.34,Physics,1
ASH-60595,2025-11-25,M,25,domestic,3.42,Economics,1
ASH-70551,2025-10-05,F,23,domestic,3.24,English,0
ASH-42396,2025-11-13,F,24,domestic,3.68,English,0
ASH-52475,2025-12-24,F,27,domestic,3.08,Psychology,0
ASH-58453,2025-11-05,F,23,domestic,3.13,Psychology,0
ASH-48060,2025-10-18,M,22,international,2.81,Physics,0
ASH-16167,2025-10-17,M,24,domestic,3.34,Physics,1
ASH-96110,2025-11-28,M,22,international,3.13,Economics,1
ASH-74143,2025-11-10,F,30,international,3.55,English,0
ASH-13170,2025-10-31,M,27,international,3.4,Engineering,0
ASH-36115,2025-10-07,F,26,domestic,3.65,Biology,0
ASH-79736,2025-10-21,F,23,domestic,3.69,Physics,1
ASH-32995,2025-10-25,M,27,domestic,3.57,Engineering,1
ASH-81447,2025-11-14,F,25,international,3.4,English,0
ASH-76589,2025-11-11,F,23,domestic,3.68,Biology,0
ASH-65522,2025-10-07,F,24,international,3.68,Biology,1
ASH-44895,2025-11-09,F,26,domestic,3.81,Biology,1
ASH-11260,2025-11-01,F,27,international,3.6,Biology,1
ASH-63143,2025-11-17,M,22,domestic,3.15,Engineering,1
ASH-57437,2025-12-21,F,28,domestic,3.34,Biology,0
ASH-84735,2025-12-25,M,22,international,3.27,Physics,1
ASH-23323,2025-10-27,F,23,domestic,2.94,Psychology,0
ASH-94685,2025-11-09,M,24,international,3.06,Economics,0
ASH-49162,2025-11-17,M,22,domestic,3.84,Economics,1
ASH-41260,2025-12-01,F,26,international,3.65,Economics,0
ASH-67647,2025-12-25,M,28,international,3.5,Engineering,1
ASH-47708,2025-11-30,M,26,domestic,3.07,Economics,0
ASH-17763,2025-12-15,M,27,domestic,3.22,English,0
ASH-29782,2025-10-15,F,24,domestic,3.57,Biology,1
ASH-29710,2025-11-30,F,28,international,3.6,Economics,0
ASH-54812,2025-10-04,F,25,domestic,3.22,Economics,0
ASH-24025,2025-12-22,M,24,domestic,3.49,Engineering,1
ASH-90915,2025-12-17,F,26,domestic,3.16,English,0
ASH-95546,2025-11-02,F,32,domestic,3.44,Psychology,0
ASH-96593,2025-12-08,M,24,international,3.31,Psychology,0
ASH-79049,2025-11-19,F,23,international,2.74,Biology,0
ASH-71795,2025-11-28,F,23,domestic,3.79,Engineering,1
ASH-29488,2025-12-27,F,22,domestic,3.96,Biology,1
ASH-70510,2025-11-21,M,23,domestic,3.26,Engineering,0
ASH-58931,2025-10-20,F,30,domestic,3.74,Economics,1
ASH-32471,2025-11-29,M,23,domestic,2.68,Psychology,0
ASH-60087,2025-12-09,F,24,domestic,3.39,English,0
ASH-96382,2025-12-08,F,26,domestic,3.5,Biology,1
ASH-80221,2025-10-28,M,25,domestic,3.39,Economics,1
ASH-77929,2025-11-21,M,23,domestic,3.28,Engineering,0
ASH-21066,2025-11-21,M,22,domestic,3.34,Psychology,0
ASH-22932,2025-12-11,M,24,international,3.23,Engineering,1
ASH-67025,2025-10-30,F,23,international,3.09,Biology,0
ASH-20040,2025-10-26,F,22,international,3.64,Biology,1
ASH-12550,2025-10-28,F,23,domestic,3.28,Physics,0
ASH-66325,2025-12-14,M,22,international,3.05,Engineering,1
ASH-27828,2025-12-11,F,23,domestic,3.93,English,0
ASH-17548,2025-10-27,M,23,international,3.46,Physics,1
ASH-97158,2025-12-25,F,22,domestic,3.57,Biology,1
ASH-54521,2025-10-26,F,23,domestic,3.25,English,0
ASH-97911,2025-11-15,M,23,domestic,3.32,Physics,0
ASH-69359,2025-11-30,F,23,international,3.55,Economics,1
ASH-63889,2025-12-05,M,25,domestic,3.58,Physics,1
ASH-29287,2025-12-26,M,24,domestic,3.04,Engineering,0
ASH-69365,2025-10-12,M,25,domestic,3.46,Physics,0
ASH-28242,2025-12-25,F,29,domestic,3.3,Engineering,0
ASH-57786,2025-12-03,M,25,domestic,3.58,Economics,1
ASH-57911,2025-10-18,M,23,international,3.54,Physics,0
ASH-39807,2025-11-09,M,27,domestic,2.98,Physics,0
ASH-51556,2025-12-22,M,25,international,3.84,Engineering,1
ASH-41222,2025-12-05,F,25,domestic,3.26,Biology,0
ASH-12323,2025-10-05,F,25,domestic,3.59,Economics,0
ASH-86138,2025-12-10,F,26,domestic,3.01,Economics,0
ASH-16889,2025-12-22,M,22,domestic,3.04,Physics,0
ASH-83807,2025-10-23,M,26,domestic,3.37,Engineering,1
ASH-93637,2025-10-15,M,25,international,3.42,Biology,0
ASH-62581,2025-10-14,F,25,international,3.21,Biology,0
ASH-67767,2025-12-24,F,23,domestic,3.28,Engineering,1
ASH-44063,2025-10-23,M,24,international,3.31,Physics,0
ASH-30841,2025-10-20,F,30,international,3.46,English,0
ASH-34457,2025-12-21,M,24,domestic,3.77,English,0
ASH-94740,2025-12-15,M,23,domestic,3.64,Engineering,1
ASH-47630,2025-12-24,F,25,domestic,3.49,Engineering,0
ASH-59593,2025-10-30,M,23,domestic,3.3,Physics,1
ASH-25798,2025-11-09,M,23,domestic,3.21,Physics,1
ASH-27615,2025-11-11,F,23,international,3.22,Biology,1
ASH-27436,2025-12-31,F,24,international,3.94,Psychology,0
ASH-17216,2025-10-10,M,28,domestic,3.47,Physics,0
ASH-69954,2025-12-18,F,29,domestic,3.3,English,0
ASH-95442,2025-12-27,F,26,domestic,3.63,English,0
ASH-56458,2025-10-10,M,24,international,3.36,Engineering,1
ASH-59404,2025-11-08,M,23,domestic,3.48,Physics,1
ASH-19906,2025-10-11,M,24,domestic,2.98,Economics,0
ASH-84627,2025-10-15,M,23,domestic,3.95,Engineering,1
ASH-45288,2025-10-02,M,28,domestic,3.82,Engineering,1
ASH-25515,2025-12-16,M,23,domestic,3.41,Biology,0
ASH-93932,2025-11-18,M,26,domestic,2.94,Physics,1
ASH-29528,2025-12-11,F,24,domestic,3.73,Economics,0
ASH-19379,2025-12-13,F,23,domestic,3.82,Economics,0
ASH-97423,2025-11-06,F,25,domestic,3.72,English,0
ASH-88326,2025-11-24,F,23,international,3.38,English,0
ASH-54713,2025-12-08,M,22,domestic,3.2,Biology,0
ASH-17168,2025-10-25,F,26,domestic,3.72,Biology,1
ASH-33568,2025-11-08,M,23,domestic,3.04,Biology,0
ASH-62717,2025-11-04,M,28,domestic,3.78,Engineering,0
ASH-20157,2025-12-14,M,23,international,3.43,Psychology,0
ASH-50847,2025-12-17,M,23,international,3.21,Biology,0
ASH-45484,2025-11-03,M,27,domestic,3.58,Engineering,1
ASH-68342,2025-12-09,M,25,domestic,3.27,Biology,1
ASH-46913,2025-12-28,F,24,domestic,3.57,Biology,0
ASH-78743,2025-11-12,F,23,domestic,2.93,Physics,1
ASH-26957,2025-10-18,F,24,domestic,3.3,Economics,0
ASH-80832,2025-12-01,F,25,international,3.77,Psychology,0
ASH-47557,2025-10-04,M,25,domestic,3.43,Psychology,0
ASH-49523,2025-12-15,M,26,domestic,3.21,Physics,0
ASH-98417,2025-10-15,M,23,domestic,3.46,Psychology,0
ASH-73850,2025-12-01,F,24,international,3.36,Biology,0
ASH-77443,2025-12-15,M,23,domestic,2.87,Engineering,0
ASH-59489,2025-10-13,F,22,domestic,4.0,Psychology,0
ASH-72514,2025-10-15,M,43,domestic,3.13,Economics,0
ASH-63991,2025-10-10,F,22,domestic,2.95,Psychology,0
ASH-58478,2025-12-18,M,25,domestic,3.02,Psychology,0
ASH-89489,2025-11-26,M,24,domestic,3.26,Physics,1
ASH-23780,2025-10-13,F,26,domestic,3.29,Psychology,0
ASH-86559,2025-12-03,F,26,domestic,2.64,English,0
ASH-22669,2025-12-07,M,22,domestic,3.5,Psychology,0
ASH-98847,2025-10-21,M,22,domestic,3.38,Engineering,0
ASH-31568,2025-12-03,F,26,international,3.47,Economics,1
ASH-29763,2025-12-09,M,27,domestic,3.38,English,0
ASH-71616,2025-10-07,M,22,domestic,3.09,Biology,0
ASH-68929,2025-12-28,F,25,international,3.19,Psychology,0
ASH-71236,2025-10-10,F,29,domestic,3.31,Biology,1
ASH-56040,2025-12-27,M,23,domestic,3.08,Engineering,1
ASH-16341,2025-11-26,F,23,domestic,3.65,Economics,1
ASH-93427,2025-12-16,M,24,domestic,3.69,Biology,1
ASH-10483,2025-10-18,M,24,domestic,3.32,English,0
ASH-51355,2025-11-24,M,23,international,2.86,Engineering,0
ASH-58121,2025-11-14,F,23,international,3.66,Biology,1
ASH-13483,2025-12-05,F,30,domestic,3.79,Economics,1
ASH-67376,2025-11-26,F,23,domestic,3.52,Economics,0
ASH-59400,2025-12-16,F,28,international,3.19,Biology,0
ASH-58846,2025-12-01,M,25,international,3.17,Physics,0
ASH-76104,2025-12-15,M,22,international,3.22,Biology,0
ASH-15737,2025-11-06,M,24,domestic,3.91,Economics,1
ASH-14465,2025-10-21,M,22,domestic,2.98,Physics,0
ASH-81796,2025-11-25,F,24,domestic,3.52,English,0
ASH-62840,2025-10-14,F,25,domestic,3.64,Psychology,1
ASH-10972,2025-10-08,M,26,domestic,3.13,English,0
ASH-71506,2025-10-05,M,25,international,2.8,Engineering,0
ASH-62881,2025-11-21,M,25,domestic,3.28,Biology,0
ASH-47474,2025-10-31,F,27,domestic,3.34,Economics,0
ASH-24031,2025-10-25,M,24,domestic,3.67,Engineering,1
ASH-69883,2025-10-08,M,26,international,3.85,English,0
ASH-63945,2025-10-10,M,23,domestic,3.76,Biology,1
ASH-31644,2025-11-24,M,22,domestic,3.0,Economics,0
ASH-96351,2025-11-01,F,22,domestic,3.49,Economics,1
ASH-15454,2025-10-24,F,25,domestic,3.5,Economics,0
ASH-17515,2025-10-05,F,23,domestic,3.62,Psychology,1
ASH-99061,2025-10-10,M,24,domestic,3.42,Engineering,1
ASH-46982,2025-11-08,F,26,international,3.39,Economics,1
ASH-20763,2025-10-15,F,26,domestic,2.8,Psychology,0
ASH-36162,2025-11-30,M,24,international,2.9,Engineering,0
ASH-39585,2025-10-06,F,23,domestic,3.21,Engineering,1
ASH-92286,2025-10-16,F,23,domestic,3.18,Economics,0
ASH-23751,2025-11-30,M,25,international,3.56,Physics,1
ASH-45633,2025-10-03,M,26,domestic,3.5,Engineering,1
ASH-24015,2025-10-26,M,26,domestic,3.02,Economics,1
ASH-20629,2025-11-14,M,24,domestic,3.29,Physics,0
ASH-89357,2025-12-22,M,24,international,3.61,Engineering,0
ASH-14153,2025-11-04,F,23,domestic,3.87,Psychology,1
ASH-24023,2025-11-22,F,30,international,3.76,Engineering,1
ASH-46112,2025-12-15,M,27,international,3.43,Engineering,1
ASH-69522,2025-11-20,F,23,domestic,3.27,Biology,0
ASH-27322,2025-10-20,M,26,international,3.56,Economics,0
ASH-71122,2025-12-14,M,24,international,2.97,Economics,0
ASH-22859,2025-12-03,M,25,domestic,3.15,Economics,0
ASH-67828,2025-10-02,F,22,domestic,3.42,Psychology,0
ASH-30806,2025-11-25,F,25,domestic,3.09,English,0
ASH-84962,2025-10-10,M,23,domestic,3.52,Physics,1
ASH-24159,2025-11-07,F,30,domestic,2.75,English,0
ASH-29465,2025-10-21,F,23,international,3.71,Biology,1
ASH-13308,2025-11-19,F,22,domestic,3.35,Psychology,0
ASH-17173,2025-10-26,M,26,international,3.48,Engineering,1
ASH-28746,2025-10-05,M,29,domestic,3.06,Physics,0
ASH-18373,2025-11-17,F,26,domestic,3.72,Economics,0
ASH-95717,2025-12-20,F,24,international,2.88,Psychology,0
ASH-25047,2025-12-02,F,24,international,3.42,Biology,0
ASH-50413,2025-10-19,M,23,international,2.94,Physics,0
ASH-80403,2025-11-15,M,25,domestic,3.67,Engineering,1
ASH-66445,2025-10-10,M,23,domestic,3.74,Physics,1
ASH-22994,2025-10-25,F,22,international,3.12,Biology,0
ASH-35047,2025-10-04,M,31,international,4.0,Physics,1
ASH-56271,2025-10-12,M,22,domestic,3.54,Economics,1
ASH-93678,2025-11-05,M,23,domestic,3.52,Physics,1
ASH-95703,2025-10-26,M,26,domestic,4.0,Physics,1
ASH-44111,2025-11-01,M,23,international,3.52,Economics,1
ASH-68665,2025-12-15,M,22,domestic,3.12,Economics,0
ASH-94062,2025-11-24,M,24,domestic,3.55,English,0
ASH-80006,2025-10-31,M,25,domestic,3.2,Biology,0
ASH-43300,2025-12-29,F,22,domestic,3.4,English,0
ASH-98536,2025-12-24,F,30,domestic,3.79,English,0
ASH-40045,2025-10-02,F,26,domestic,3.41,English,0
ASH-14163,2025-11-18,M,24,domestic,3.52,Economics,1
ASH-88789,2025-12-09,F,23,international,3.33,Economics,1
ASH-95811,2025-11-24,M,23,domestic,3.19,Biology,0
ASH-30402,2025-12-24,F,24,domestic,3.29,Economics,0
ASH-65893,2025-10-28,F,23,international,3.04,Economics,0
ASH-42161,2025-10-19,M,23,domestic,2.95,Engineering,1
ASH-15611,2025-10-04,F,24,domestic,3.35,Psychology,0
ASH-86702,2025-12-07,F,22,domestic,2.81,Psychology,0
ASH-46367,2025-11-10,M,23,domestic,2.94,Physics,0
ASH-65778,2025-11-11,M,25,domestic,3.47,Engineering,1
ASH-32769,2025-10-09,M,23,domestic,3.04,Engineering,0
ASH-86385,2025-11-06,F,27,international,3.34,English,0
ASH-66120,2025-10-05,M,24,international,3.57,Engineering,1
ASH-29823,2025-11-21,M,23,domestic,3.13,Engineering,0
ASH-47968,2025-10-13,M,25,international,3.58,Physics,1
ASH-44469,2025-12-28,F,26,domestic,3.41,Engineering,1
ASH-23782,2025-11-16,M,25,domestic,3.48,Economics,1
ASH-83306,2025-11-21,F,28,international,3.79,Biology,1
ASH-38571,2025-11-19,F,22,domestic,3.09,Biology,0
ASH-88876,2025-11-13,M,32,international,3.21,Physics,0
ASH-49932,2025-11-07,M,23,domestic,3.41,Biology,0
ASH-78903,2025-12-30,F,25,international,3.11,Psychology,0
ASH-84583,2025-11-06,M,25,domestic,3.3,Biology,0
ASH-69312,2025-12-09,F,25,domestic,3.49,Psychology,0
ASH-95212,2025-10-04,F,31,domestic,3.48,Engineering,1
ASH-31029,2025-12-21,M,25,domestic,3.7,Economics,0
ASH-96937,2025-11-18,F,24,domestic,3.73,Economics,1
ASH-64991,2025-10-27,M,24,domestic,2.98,Engineering,0
ASH-33524,2025-12-30,F,29,international,3.56,Economics,0
ASH-95929,2025-12-12,M,23,domestic,3.38,Physics,0
ASH-32395,2025-11-15,F,23,domestic,3.39,Psychology,1
ASH-45106,2025-11-19,F,24,international,2.9,English,0
ASH-78701,2025-10-14,M,25,domestic,3.57,Physics,1
ASH-23372,2025-10-26,F,24,domestic,3.22,English,0
ASH-21268,2025-12-06,F,22,domestic,3.15,Biology,1
ASH-49812,2025-12-13,M,24,international,3.59,Economics,1
ASH-75028,2025-10-30,M,34,domestic,3.18,Psychology,0
ASH-81362,2025-11-12,M,24,domestic,3.18,Biology,0
ASH-95490,2025-10-21,M,25,domestic,3.26,Physics,1
ASH-56915,2025-12-13,M,23,international,3.42,Economics,0
ASH-70617,2025-11-10,M,23,international,3.13,Engineering,1
ASH-18895,2025-11-27,F,26,domestic,3.75,Engineering,1
ASH-22796,2025-12-17,M,26,international,3.96,Engineering,1
ASH-51079,2025-11-08,F,23,domestic,2.77,English,0
ASH-99422,2025-12-08,M,26,domestic,3.47,Engineering,0
ASH-70702,2025-11-16,M,25,international,3.1,Engineering,1
ASH-51057,2025-12-20,F,25,domestic,3.4,Economics,0
ASH-31931,2025-10-08,M,27,domestic,3.71,Physics,1
ASH-97653,2025-12-25,M,24,domestic,3.2,Engineering,1
ASH-88796,2025-10-05,F,23,domestic,2.99,Psychology,0
ASH-94532,2025-12-14,M,23,domestic,3.2,Economics,0
ASH-32487,2025-12-13,M,22,domestic,3.0,Biology,0
ASH-32978,2025-11-03,F,23,international,3.25,Psychology,1
ASH-60037,2025-11-25,M,24,domestic,2.98,Psychology,0
ASH-82987,2025-10-21,F,25,international,3.75,English,0
ASH-98913,2025-10-09,M,25,international,3.03,Psychology,0
ASH-12651,2025-10-15,M,22,domestic,3.41,English,0
ASH-48950,2025-10-16,F,26,domestic,2.95,English,0
ASH-93984,2025-12-28,M,24,domestic,3.2,English,0
ASH-39260,2025-10-12,F,23,international,2.76,Biology,0
ASH-21104,2025-10-29,F,27,international,2.87,Economics,0
ASH-28000,2025-10-08,F,24,international,3.75,English,0
ASH-23052,2025-10-01,F,26,international,3.52,Economics,0
ASH-85334,2025-10-01,M,22,international,3.27,Physics,0
ASH-59871,2025-10-18,M,24,international,3.4,Biology,1
ASH-95793,2025-12-10,F,24,domestic,3.24,Psychology,0
ASH-37127,2025-12-01,M,34,domestic,3.29,Biology,0
ASH-39682,2025-10-16,F,22,domestic,2.61,Psychology,0
ASH-22721,2025-10-03,M,24,international,3.25,Physics,1
ASH-13882,2025-10-26,F,32,domestic,3.38,Psychology,0
ASH-98506,2025-10-25,M,29,domestic,3.36,Engineering,1
ASH-93567,2025-11-18,F,23,domestic,3.08,Psychology,0
ASH-39434,2025-11-21,F,23,international,3.4,Economics,1
ASH-88221,2025-10-21,F,23,international,3.62,Engineering,1
ASH-35900,2025-12-02,F,25,domestic,3.61,Economics,1
ASH-70715,2025-10-04,M,24,domestic,3.85,Physics,1
ASH-28121,2025-12-27,M,22,domestic,3.18,English,0
ASH-38681,2025-12-16,F,25,domestic,3.2,English,0
ASH-41213,2025-10-14,M,23,domestic,3.07,Psychology,0
ASH-38989,2025-12-03,M,24,domestic,3.5,Physics,1
ASH-99694,2025-10-07,F,23,international,3.61,Biology,0
ASH-66748,2025-11-04,M,22,domestic,3.13,Physics,1
ASH-23261,2025-12-28,M,22,domestic,3.71,Physics,1
ASH-38063,2025-10-01,F,23,domestic,3.46,Psychology,0
ASH-27487,2025-11-13,M,23,domestic,3.32,English,0
ASH-35825,2025-10-15,F,28,domestic,3.43,Biology,0
ASH-40555,2025-10-06,M,22,domestic,3.3,Engineering,1
ASH-36516,2025-11-03,M,27,international,3.52,Biology,0
ASH-84065,2025-11-17,M,27,international,3.25,Engineering,0
ASH-49391,2025-10-02,M,27,international,3.39,Biology,1
ASH-42519,2025-10-30,F,29,international,2.86,Biology,0
ASH-71966,2025-10-01,M,23,international,3.08,Physics,0
ASH-43719,2025-12-25,M,25,domestic,3.26,Biology,0
ASH-28838,2025-11-23,M,24,international,3.23,Engineering,1
ASH-47187,2025-11-30,F,23,domestic,3.59,English,0
ASH-71378,2025-12-04,M,25,international,3.27,Biology,0
ASH-78148,2025-10-17,M,24,domestic,3.33,Biology,1
ASH-21176,2025-11-09,M,24,international,3.13,Physics,1
ASH-39351,2025-12-26,M,24,domestic,3.51,Engineering,1
ASH-32808,2025-10-04,F,25,domestic,3.25,Psychology,0
ASH-11697,2025-10-24,M,24,domestic,3.51,Engineering,1
ASH-69409,2025-11-22,M,24,domestic,3.12,Physics,1
ASH-62780,2025-12-01,F,23,domestic,3.4,English,0
ASH-98318,2025-11-19,M,27,domestic,2.87,Engineering,0
ASH-15765,2025-12-29,F,24,domestic,3.28,English,0
ASH-23811,2025-11-24,M,26,domestic,3.61,Physics,0
ASH-21897,2025-11-19,F,26,international,3.36,Psychology,1
ASH-19119,2025-12-02,M,23,international,3.75,Biology,1
ASH-19372,2025-12-03,F,26,international,3.39,Biology,0
ASH-62300,2025-10-10,F,24,domestic,3.31,Psychology,0
ASH-39416,2025-12-29,M,27,international,3.24,Engineering,1
ASH-44381,2025-10-05,F,25,domestic,3.33,Biology,0
ASH-64537,2025-10-07,F,24,international,3.24,Biology,0
ASH-68438,2025-10-15,M,27,international,4.0,Engineering,1
ASH-53412,2025-11-03,F,24,domestic,2.79,Psychology,0
ASH-21006,2025-11-03,F,25,international,3.64,English,0
ASH-97237,2025-10-07,F,26,domestic,3.69,Economics,1
ASH-27924,2025-12-16,M,23,domestic,2.85,Engineering,0
ASH-68398,2025-11-02,M,28,international,3.07,Economics,0
ASH-92685,2025-12-19,F,34,domestic,3.13,Economics,0
ASH-70388,2025-11-12,M,23,domestic,2.93,Physics,0
ASH-68802,2025-12-01,M,25,domestic,3.51,Biology,1
ASH-84704,2025-10-06,F,22,domestic,3.47,Economics,1
ASH-25976,2025-12-04,M,25,domestic,3.6,Psychology,0
ASH-34657,2025-10-13,M,23,international,3.43,Physics,0
ASH-10529,2025-10-18,M,25,domestic,3.07,Economics,0
ASH-89107,2025-12-06,M,27,domestic,3.58,Psychology,1
ASH-97943,2025-10-18,F,24,domestic,3.6,Biology,0
ASH-79220,2025-11-29,M,22,domestic,3.2,Biology,0
ASH-32051,2025-12-16,F,22,domestic,3.46,English,0
ASH-56934,2025-11-07,M,26,domestic,3.84,Psychology,1
ASH-51380,2025-10-15,F,23,international,3.24,Economics,0
ASH-44169,2025-10-01,M,23,domestic,3.3,Physics,1
ASH-44812,2025-11-08,M,23,domestic,3.29,Engineering,1
ASH-33475,2025-10-14,F,22,international,3.49,Biology,0
ASH-34055,2025-11-15,F,22,domestic,3.48,English,0
ASH-10630,2025-12-19,M,23,domestic,2.82,Engineering,0
ASH-24531,2025-10-06,M,25,domestic,3.59,Economics,1
ASH-71754,2025-11-19,M,26,domestic,3.18,Physics,0
ASH-62967,2025-11-12,M,24,domestic,2.97,English,0
ASH-79557,2025-11-10,M,23,international,3.38,Engineering,1
ASH-45411,2025-11-12,F,24,domestic,3.38,English,0
ASH-97527,2025-11-24,M,22,domestic,2.77,Physics,0
ASH-22130,2025-12-09,M,32,domestic,3.74,Engineering,1
ASH-57207,2025-11-24,M,23,international,3.14,Biology,0
ASH-33818,2025-10-24,M,27,international,3.29,Biology,0
ASH-69981,2025-11-23,M,25,domestic,3.8,Physics,0
ASH-23374,2025-12-17,M,24,international,3.55,Engineering,0
ASH-38300,2025-12-26,M,30,domestic,3.43,Engineering,1
ASH-36971,2025-12-25,M,24,domestic,3.42,Engineering,1
ASH-30507,2025-12-01,M,25,international,3.21,English,0
ASH-93586,2025-12-30,M,25,domestic,3.39,Biology,0
ASH-77494,2025-12-18,F,22,international,3.73,Engineering,1
ASH-33996,2025-10-26,F,24,domestic,2.84,Biology,0
ASH-89853,2025-11-24,M,31,domestic,3.28,Physics,0
ASH-19871,2025-12-04,F,25,domestic,3.71,Economics,1
ASH-44646,2025-11-22,M,24,domestic,3.53,Engineering,1
ASH-47134,2025-12-12,F,23,domestic,3.57,Psychology,0
ASH-59274,2025-10-28,M,25,domestic,3.97,Physics,1
ASH-20713,2025-11-27,M,23,domestic,3.14,Physics,0
ASH-40269,2025-12-05,M,26,international,3.39,Engineering,1
ASH-52219,2025-12-26,M,24,domestic,3.26,Biology,0
ASH-12154,2025-12-01,F,24,domestic,3.13,Economics,1
ASH-69676,2025-12-08,M,24,domestic,3.25,Economics,0
ASH-35102,2025-12-12,F,26,domestic,3.45,Economics,0
ASH-84699,2025-10-08,F,26,domestic,2.89,Economics,0
ASH-98629,2025-12-16,M,25,domestic,3.23,English,0
ASH-17148,2025-10-22,M,23,international,3.59,Engineering,1
ASH-42344,2025-11-29,M,24,international,3.81,English,0
ASH-85475,2025-12-14,F,23,domestic,3.63,Economics,0
ASH-87994,2025-11-14,F,25,international,3.85,Physics,1
ASH-14811,2025-10-03,F,24,domestic,3.26,Economics,1
ASH-80771,2025-12-12,M,22,domestic,3.55,Engineering,1
ASH-17700,2025-11-04,M,27,international,3.4,Economics,0
ASH-54441,2025-12-31,F,25,domestic,3.34,Biology,0
ASH-26171,2025-12-09,M,22,domestic,3.31,Engineering,0
ASH-93292,2025-10-25,M,24,domestic,3.71,Physics,1
ASH-80479,2025-10-30,M,25,domestic,2.56,Engineering,0
ASH-64625,2025-12-17,M,24,international,3.43,Engineering,1
ASH-76642,2025-10-31,F,29,international,4.0,Engineering,0
ASH-57667,2025-11-18,M,23,domestic,2.84,Psychology,0
ASH-14752,2025-11-18,F,24,domestic,3.33,Psychology,0
ASH-22178,2025-10-01,M,22,domestic,4.0,Biology,1
ASH-73928,2025-11-04,F,22,domestic,3.45,Biology,1
ASH-58443,2025-10-10,M,23,domestic,4.0,Physics,1
ASH-56244,2025-12-08,M,28,international,3.5,Biology,0
ASH-22875,2025-10-04,F,23,domestic,3.45,Economics,1
ASH-37287,2025-11-05,M,23,domestic,3.73,Physics,0
ASH-49035,2025-11-12,F,23,domestic,3.43,English,0
ASH-15326,2025-11-19,F,27,domestic,3.72,Engineering,0
ASH-42726,2025-11-09,M,24,domestic,3.64,English,0
ASH-48349,2025-11-22,M,23,domestic,3.34,English,0
ASH-29040,2025-11-26,M,25,domestic,2.78,English,0
ASH-82031,2025-11-30,M,28,domestic,3.26,Biology,1
ASH-18665,2025-11-24,M,22,domestic,3.03,Engineering,0
ASH-12699,2025-10-28,M,28,international,3.11,English,0
ASH-82237,2025-11-03,F,23,domestic,3.06,Biology,0
ASH-18119,2025-12-03,M,22,international,3.12,Biology,0
ASH-33197,2025-10-19,M,29,domestic,3.54,Engineering,1
ASH-99884,2025-12-08,M,26,domestic,3.42,Biology,0
ASH-23842,2025-10-11,M,24,domestic,3.55,Economics,1
ASH-98782,2025-10-07,M,22,international,3.36,English,0
ASH-48434,2025-10-16,F,23,international,3.29,English,0
ASH-38164,2025-12-11,M,28,domestic,3.35,Economics,1
ASH-13454,2025-10-02,F,24,international,3.32,English,0
ASH-89071,2025-10-11,M,22,domestic,3.66,Economics,1
ASH-80858,2025-12-08,F,24,domestic,2.68,English,0
ASH-20253,2025-10-12,M,25,domestic,3.46,Engineering,1
ASH-94957,2025-10-24,M,23,domestic,2.92,Physics,0
ASH-37602,2025-12-16,F,23,international,3.94,Economics,1
ASH-45626,2025-12-08,M,24,international,3.15,Engineering,1
ASH-23612,2025-12-08,M,24,domestic,3.7,Engineering,1
ASH-63999,2025-11-20,M,25,international,3.12,Engineering,1
ASH-20319,2025-10-27,M,25,domestic,3.34,Biology,0
ASH-58212,2025-11-28,M,27,domestic,3.13,Engineering,0
ASH-64643,2025-11-02,F,26,domestic,2.88,Psychology,0
ASH-82848,2025-10-18,F,25,domestic,3.29,English,0
ASH-79822,2025-11-28,F,25,international,3.0,Economics,0
ASH-29773,2025-11-02,M,23,domestic,3.4,English,0
ASH-33328,2025-10-29,F,25,domestic,3.2,Biology,0
ASH-54691,2025-12-08,M,28,domestic,3.07,Biology,0
ASH-13474,2025-11-07,M,22,domestic,3.79,Engineering,1
ASH-16898,2025-12-29,M,23,international,2.92,Economics,0
ASH-64288,2025-10-10,M,28,international,3.61,Biology,1
ASH-85744,2025-10-07,F,23,domestic,3.73,Psychology,1
ASH-11444,2025-10-08,M,28,international,3.32,Engineering,0
ASH-66350,2025-11-20,M,28,domestic,3.81,Economics,1
ASH-49733,2025-12-28,F,23,domestic,3.47,Economics,0
ASH-26801,2025-11-16,F,24,domestic,3.84,Biology,1
ASH-48211,2025-11-18,M,25,international,3.28,Engineering,1
ASH-45554,2025-12-22,F,30,domestic,2.92,Psychology,0
ASH-53327,2025-10-08,M,23,international,3.38,Economics,0
ASH-93062,2025-12-23,F,30,domestic,3.48,Psychology,0
ASH-11724,2025-10-06,M,22,domestic,3.58,Physics,1
ASH-86040,2025-12-21,F,31,domestic,3.85,English,1
ASH-92208,2025-12-02,M,33,domestic,2.72,Physics,0
ASH-55907,2025-11-27,M,23,domestic,3.12,Physics,1
ASH-21009,2025-11-01,M,25,international,3.24,Economics,0
ASH-50566,2025-12-15,M,24,domestic,3.81,English,0
ASH-86616,2025-10-09,M,23,international,3.57,Biology,1
ASH-54411,2025-12-25,M,25,domestic,3.55,Economics,1
ASH-21381,2025-12-24,M,23,international,3.81,Biology,1
ASH-34311,2025-10-31,M,31,international,3.97,Engineering,1
ASH-82539,2025-11-12,M,23,domestic,3.55,Biology,1
ASH-57984,2025-11-24,M,26,domestic,2.8,Physics,0
ASH-13336,2025-10-09,M,23,domestic,3.17,Economics,0
ASH-76894,2025-10-27,F,27,domestic,3.38,English,0
ASH-28028,2025-11-15,F,25,international,3.79,English,0
ASH-35353,2025-12-26,F,24,domestic,3.21,Psychology,0
ASH-52310,2025-10-05,F,27,domestic,3.75,Biology,1
ASH-89661,2025-12-28,M,24,international,3.01,Physics,0
ASH-17336,2025-11-28,F,26,domestic,3.13,Economics,1
ASH-34573,2025-12-10,F,22,domestic,2.48,Biology,0
ASH-63322,2025-10-04,M,23,domestic,3.23,Psychology,0
ASH-46586,2025-12-28,M,26,domestic,3.42,Economics,0
ASH-62170,2025-10-13,F,24,domestic,2.44,Economics,0
ASH-68237,2025-11-26,F,23,domestic,2.69,English,0
ASH-95088,2025-11-02,F,24,domestic,3.23,Psychology,0
ASH-68396,2025-12-18,F,22,domestic,2.84,English,0
ASH-53158,2025-12-18,M,25,domestic,3.66,Engineering,0
ASH-31894,2025-11-12,F,23,domestic,3.32,Psychology,0
ASH-19501,2025-12-25,F,27,domestic,3.43,Biology,1
ASH-49788,2025-10-16,F,22,domestic,3.76,Engineering,1
ASH-82808,2025-10-01,M,22,domestic,3.32,Engineering,1
ASH-23017,2025-11-19,F,22,international,2.92,Psychology,0
ASH-61905,2025-12-26,F,22,domestic,3.47,Economics,1
ASH-75482,2025-10-02,F,22,domestic,3.33,Economics,0
ASH-11786,2025-11-11,M,24,domestic,3.49,English,0
ASH-47517,2025-10-10,F,24,international,2.62,Biology,0
ASH-24628,2025-10-14,F,22,domestic,2.83,Biology,0
ASH-67299,2025-10-25,M,25,domestic,3.34,Physics,0
ASH-69482,2025-10-24,M,24,domestic,3.46,English,0
ASH-73722,2025-11-06,F,23,domestic,3.52,Psychology,0
ASH-37493,2025-11-29,F,23,domestic,3.42,Engineering,1
ASH-21938,2025-11-22,F,23,domestic,2.97,Psychology,0
ASH-49220,2025-11-14,M,23,domestic,3.19,Physics,0
ASH-63212,2025-12-18,F,24,international,3.0,Economics,0
ASH-61751,2025-12-06,F,25,international,4.0,Physics,1
ASH-89466,2025-11-01,F,24,domestic,2.61,English,0
ASH-59330,2025-11-28,M,23,domestic,2.77,Biology,0
ASH-47344,2025-12-05,F,22,international,3.14,Biology,0
ASH-69150,2025-11-14,M,23,domestic,3.09,Psychology,0
ASH-36463,2025-11-26,F,23,international,3.44,Biology,0
ASH-41944,2025-11-21,F,24,domestic,3.68,Physics,0
ASH-75394,2025-10-07,M,24,domestic,3.12,Physics,1
ASH-45587,2025-11-24,M,27,domestic,3.31,English,0
ASH-71214,2025-12-07,F,23,international,3.04,Economics,0
ASH-74614,2025-10-08,F,24,domestic,3.27,Biology,0
ASH-72649,2025-12-07,M,27,domestic,2.9,Engineering,0
ASH-25805,2025-10-31,F,23,international,3.22,Psychology,1
ASH-66549,2025-11-14,M,26,international,3.58,Economics,0
ASH-32637,2025-12-21,M,25,international,3.23,Physics,1
ASH-10694,2025-11-02,M,24,domestic,3.11,Physics,0
ASH-62336,2025-12-15,M,27,domestic,2.93,Physics,0
ASH-25400,2025-11-06,M,23,domestic,3.96,Psychology,0
ASH-29382,2025-12-04,F,23,international,3.19,Psychology,0
ASH-36639,2025-12-21,M,24,domestic,3.21,English,0
ASH-75598,2025-12-15,M,25,domestic,2.78,Physics,0
ASH-48111,2025-11-26,M,23,domestic,3.8,Psychology,1
ASH-98943,2025-12-06,F,22,domestic,2.79,Economics,0
ASH-30150,2025-12-22,F,24,domestic,3.15,Economics,0
ASH-73410,2025-11-27,M,22,domestic,3.65,Engineering,1
ASH-34070,2025-12-26,M,24,domestic,3.45,Engineering,1
ASH-59860,2025-10-09,M,25,domestic,3.35,Biology,0
ASH-21847,2025-10-29,F,23,domestic,3.4,English,0
ASH-39051,2025-10-14,F,25,domestic,3.81,English,1
ASH-33383,2025-12-31,M,27,domestic,2.94,Engineering,0
ASH-63226,2025-10-18,M,23,international,4.0,Engineering,1
ASH-72877,2025-10-23,M,24,international,4.0,Engineering,1
ASH-51561,2025-11-23,M,22,domestic,3.69,Psychology,1
ASH-41520,2025-11-16,M,23,international,3.84,Engineering,1
ASH-45944,2025-11-16,M,26,domestic,2.94,Economics,0
ASH-90173,2025-12-15,F,22,domestic,2.87,Economics,0
ASH-89775,2025-10-09,F,26,international,3.96,Biology,1
ASH-22199,2025-12-05,M,23,international,3.31,Engineering,0
ASH-17806,2025-12-10,F,29,domestic,2.74,Psychology,0
ASH-84816,2025-12-05,M,22,international,3.85,Economics,1
ASH-72137,2025-10-02,M,25,international,3.46,English,0
ASH-49484,2025-11-06,F,30,domestic,3.17,Engineering,0
ASH-22385,2025-10-27,M,23,domestic,3.78,Engineering,1
ASH-47982,2025-10-06,M,24,international,3.54,Psychology,1
ASH-22027,2025-11-23,M,25,domestic,3.08,English,0
ASH-59090,2025-10-29,M,27,domestic,3.06,Engineering,1
ASH-36981,2025-11-05,M,22,international,2.78,Economics,0
ASH-18083,2025-10-14,F,24,domestic,2.8,Economics,0
ASH-19508,2025-10-14,M,22,international,3.09,Economics,0
ASH-97777,2025-11-26,M,25,domestic,3.75,Physics,1
ASH-80432,2025-12-20,F,24,international,3.53,Psychology,0
ASH-47355,2025-11-25,M,24,domestic,3.38,Engineering,1
ASH-45732,2025-11-06,F,23,domestic,3.24,Psychology,0
ASH-13348,2025-12-11,M,24,international,3.18,Engineering,1
ASH-37223,2025-12-08,F,24,international,3.9,Engineering,1
ASH-69740,2025-10-01,F,22,domestic,4.0,Biology,1
ASH-55728,2025-12-25,M,23,domestic,3.57,Psychology,0
ASH-62678,2025-10-22,M,22,domestic,3.11,Economics,0
ASH-47785,2025-10-31,F,23,domestic,2.97,Psychology,0
ASH-12455,2025-11-23,F,23,domestic,3.71,Biology,1
ASH-64369,2025-12-09,F,27,international,3.59,Biology,1
ASH-18128,2025-11-24,M,25,domestic,3.82,Engineering,1
ASH-44095,2025-12-22,M,24,domestic,3.56,Biology,0
ASH-49289,2025-11-17,F,29,international,3.02,Economics,0
ASH-32817,2025-12-17,M,28,domestic,3.11,Engineering,0
ASH-83343,2025-10-10,M,25,domestic,3.53,English,0
ASH-25920,2025-10-17,M,24,domestic,3.19,Engineering,1
ASH-86750,2025-10-13,M,28,domestic,3.21,Physics,1
ASH-34555,2025-11-29,F,34,domestic,3.48,Engineering,1
ASH-52460,2025-10-18,F,24,international,3.1,Biology,0
ASH-70253,2025-10-20,F,23,international,3.7,English,1
ASH-20388,2025-10-05,M,28,domestic,3.83,Biology,1
ASH-39608,2025-12-11,F,24,international,2.88,Physics,0
ASH-54657,2025-10-26,M,31,domestic,3.75,English,0
ASH-49408,2025-10-07,M,27,international,3.4,Physics,1
ASH-76125,2025-11-15,M,24,international,3.46,Biology,0
ASH-86081,2025-10-23,M,22,domestic,3.26,Economics,0
ASH-81888,2025-11-10,F,25,international,3.65,Psychology,1
ASH-72717,2025-10-03,M,24,domestic,3.6,Physics,1
ASH-24529,2025-11-24,F,26,domestic,3.58,Psychology,0
ASH-84139,2025-12-16,M,25,international,3.3,English,0
ASH-26648,2025-11-21,F,24,domestic,3.43,Economics,0
ASH-98828,2025-10-01,M,26,international,3.49,Physics,0
ASH-98604,2025-12-04,M,22,domestic,3.28,Engineering,1
ASH-11051,2025-11-14,F,24,international,3.54,Psychology,0
ASH-36053,2025-12-31,M,25,domestic,3.36,English,0
ASH-78305,2025-10-23,M,28,international,3.61,Psychology,1
ASH-19813,2025-11-22,M,25,domestic,3.7,Biology,1
ASH-68296,2025-12-01,F,26,domestic,3.22,Engineering,1
ASH-15425,2025-11-05,F,25,domestic,3.51,English,0
ASH-24111,2025-10-10,M,25,international,3.83,Physics,1
ASH-92554,2025-10-14,M,24,domestic,3.41,Engineering,1
ASH-86789,2025-11-17,M,29,domestic,2.84,Biology,0
ASH-75020,2025-10-09,F,23,domestic,3.05,Economics,0
ASH-76994,2025-12-25,M,26,domestic,3.45,Engineering,1
ASH-92704,2025-12-16,M,27,domestic,2.77,Engineering,0
ASH-35926,2025-10-26,M,23,domestic,3.81,Biology,1
ASH-29820,2025-10-16,M,22,domestic,3.33,Engineering,0
ASH-56237,2025-10-22,F,23,domestic,3.6,Economics,0
ASH-57237,2025-12-15,F,26,domestic,3.41,Biology,0
ASH-46254,2025-11-21,F,23,domestic,2.76,English,0
ASH-62489,2025-11-25,M,25,international,4.0,Economics,1
ASH-29298,2025-11-04,M,26,domestic,3.4,Biology,1
ASH-21378,2025-12-01,F,24,domestic,3.35,Psychology,0
ASH-40016,2025-10-02,M,23,domestic,3.27,Psychology,0
ASH-14677,2025-12-04,M,24,domestic,3.53,Engineering,1
ASH-90549,2025-10-21,M,26,international,3.57,Economics,1
ASH-78511,2025-10-02,M,30,international,3.45,Engineering,0
ASH-88190,2025-12-18,M,24,domestic,3.11,Engineering,0
ASH-97770,2025-12-13,M,26,domestic,3.66,Biology,0
ASH-10341,2025-12-30,M,22,domestic,3.45,Engineering,1
ASH-94829,2025-11-02,M,23,domestic,3.54,Engineering,1
ASH-49044,2025-11-08,F,22,domestic,3.08,Psychology,0
ASH-72450,2025-12-05,M,22,international,3.86,Physics,1
ASH-18444,2025-11-02,F,22,domestic,2.98,Psychology,0
ASH-65439,2025-11-08,F,25,domestic,4.0,Economics,1
ASH-10690,2025-10-24,M,22,domestic,3.59,Engineering,1
ASH-38643,2025-12-31,F,23,domestic,3.12,Biology,1
ASH-62474,2025-10-09,M,22,international,3.14,Biology,0
ASH-91624,2025-10-19,F,24,domestic,3.08,English,0
ASH-13982,2025-11-06,M,26,domestic,3.67,Economics,1
ASH-65922,2025-11-16,M,25,international,3.68,Physics,1
ASH-83078,2025-12-05,F,23,international,3.61,Psychology,0
ASH-98980,2025-11-27,F,22,international,3.48,English,0
ASH-51335,2025-11-24,F,24,international,3.46,Economics,1
ASH-86281,2025-11-09,F,25,domestic,3.24,Psychology,0
ASH-86985,2025-11-15,M,33,international,3.32,Biology,0
ASH-48923,2025-10-16,F,23,domestic,3.18,Psychology,0
ASH-55407,2025-10-19,F,24,domestic,3.42,Biology,1
ASH-60499,2025-10-14,M,27,domestic,3.23,Biology,0
ASH-25768,2025-11-09,M,26,domestic,3.66,Engineering,1
ASH-21084,2025-12-11,M,23,domestic,3.23,Economics,0
ASH-85776,2025-12-28,F,23,domestic,3.53,English,0
ASH-14265,2025-11-06,M,26,domestic,3.33,Biology,1
ASH-46396,2025-12-17,M,27,domestic,3.14,Engineering,1
ASH-34714,2025-12-01,F,23,domestic,3.26,English,0
ASH-67111,2025-10-12,M,23,domestic,3.32,English,0
ASH-19113,2025-10-19,F,26,domestic,3.6,Biology,0
ASH-60379,2025-11-24,F,23,domestic,3.47,Biology,1
ASH-67960,2025-12-03,M,26,domestic,3.59,English,0
ASH-19041,2025-12-13,F,28,international,2.98,Biology,0
ASH-29050,2025-10-30,F,27,international,3.62,Economics,0
ASH-66125,2025-12-13,F,22,international,3.22,English,0
ASH-69372,2025-10-14,F,28,domestic,3.56,Psychology,1
ASH-55656,2025-11-05,F,23,domestic,3.23,English,0
ASH-72634,2025-10-26,M,36,international,3.45,Engineering,0
ASH-32166,2025-10-06,F,30,domestic,3.1,Economics,0
ASH-86652,2025-11-16,F,24,domestic,3.14,Engineering,0
ASH-55158,2025-10-26,F,24,domestic,3.37,English,0
ASH-28791,2025-10-21,F,26,domestic,4.0,Economics,1
ASH-24901,2025-11-19,F,23,domestic,2.91,Economics,0
ASH-35907,2025-12-29,M,25,domestic,3.26,Engineering,1
ASH-21668,2025-12-12,M,22,domestic,3.25,Economics,0
ASH-87142,2025-12-13,M,28,domestic,3.16,Engineering,1
ASH-23061,2025-12-25,F,23,international,3.9,Economics,0
ASH-27864,2025-11-17,F,30,domestic,3.25,Psychology,0
ASH-52204,2025-11-15,F,26,international,3.21,English,0
ASH-43757,2025-12-28,F,25,domestic,2.96,English,0
ASH-84053,2025-10-21,M,24,domestic,3.23,English,0
ASH-19704,2025-11-10,M,22,international,4.0,Engineering,1
ASH-64049,2025-11-03,F,24,domestic,3.52,Psychology,0
ASH-96579,2025-11-03,M,25,domestic,3.33,English,0
ASH-19398,2025-11-07,F,24,domestic,3.43,Economics,1
ASH-22587,2025-12-26,F,24,domestic,3.25,Physics,1
ASH-35302,2025-12-07,F,23,international,3.51,Economics,0
ASH-82346,2025-12-20,M,24,domestic,3.58,Economics,0
ASH-36618,2025-10-21,M,31,domestic,3.17,Economics,0
ASH-61631,2025-12-18,M,23,domestic,3.05,Economics,0
ASH-98987,2025-10-04,F,22,international,2.95,Economics,0
ASH-40972,2025-11-11,M,25,international,3.09,Engineering,0
ASH-66976,2025-11-25,F,22,international,2.98,Psychology,0
ASH-40071,2025-10-29,F,26,domestic,3.34,Psychology,1
ASH-53277,2025-10-29,F,23,international,3.47,Biology,0
ASH-41494,2025-12-25,F,22,domestic,3.59,Biology,0
ASH-63250,2025-12-04,M,27,international,2.92,Engineering,0
ASH-57315,2025-10-21,F,25,international,3.11,Economics,1
ASH-24573,2025-11-06,F,24,domestic,3.36,English,0
ASH-51395,2025-10-26,F,23,domestic,2.69,Economics,0
ASH-67079,2025-11-15,M,23,domestic,3.7,Engineering,1
ASH-77488,2025-12-19,M,28,domestic,3.07,Physics,0
ASH-68818,2025-11-03,M,23,domestic,4.0,Engineering,1
ASH-10270,2025-10-11,M,26,domestic,3.82,Biology,1
ASH-59903,2025-12-04,F,27,international,3.2,English,0
ASH-58595,2025-10-02,M,25,domestic,3.18,Biology,0
ASH-72401,2025-10-19,F,24,domestic,2.94,Physics,1
ASH-96734,2025-12-10,M,26,domestic,3.68,Engineering,1
ASH-76302,2025-11-26,F,25,domestic,3.1,Psychology,0
ASH-14103,2025-12-27,M,25,international,3.68,English,0
ASH-79723,2025-10-11,F,27,domestic,3.0,English,0
ASH-42141,2025-11-11,F,32,domestic,3.27,English,0
ASH-30528,2025-11-19,M,22,domestic,3.53,Engineering,1
ASH-24476,2025-12-26,F,26,domestic,2.68,Economics,0
ASH-81812,2025-10-30,F,25,international,3.68,Biology,1
ASH-45085,2025-10-28,F,22,domestic,2.78,Biology,0
ASH-50165,2025-12-27,F,30,domestic,4.0,Biology,1
ASH-83856,2025-11-19,M,26,domestic,3.42,Economics,0
ASH-68779,2025-11-10,M,23,domestic,3.79,Physics,1
ASH-31066,2025-10-18,F,24,international,3.78,English,1
ASH-65555,2025-10-30,F,24,domestic,3.26,English,0
ASH-81241,2025-11-25,F,23,domestic,3.93,Psychology,1
ASH-96640,2025-11-08,M,22,domestic,3.65,Engineering,1
ASH-79083,2025-10-26,F,25,domestic,3.73,Biology,0
ASH-60633,2025-10-11,F,27,domestic,3.09,Economics,0
ASH-26203,2025-10-09,F,26,domestic,3.59,English,1
ASH-70447,2025-11-19,M,25,domestic,3.31,Physics,1
ASH-72913,2025-12-17,M,24,domestic,3.58,Psychology,0
ASH-25514,2025-11-08,M,29,international,2.91,Engineering,0
ASH-26771,2025-10-28,M,25,international,3.48,Psychology,0
ASH-86437,2025-10-12,F,24,international,3.26,English,0
ASH-64007,2025-10-12,M,22,domestic,3.25,English,0
ASH-86024,2025-11-09,M,23,domestic,3.24,English,0
ASH-83303,2025-11-14,M,25,domestic,3.06,Engineering,0
ASH-77831,2025-12-06,M,22,international,3.11,Physics,0
ASH-93560,2025-12-18,F,25,domestic,3.74,English,0
ASH-95313,2025-11-22,M,25,domestic,3.55,Engineering,0
ASH-12361,2025-12-15,M,23,domestic,3.08,Economics,0
ASH-22659,2025-12-17,F,23,domestic,4.0,Engineering,1
ASH-74053,2025-11-29,F,31,domestic,3.78,Biology,0
ASH-80237,2025-10-24,M,23,international,3.49,Engineering,1
ASH-67419,2025-10-09,F,25,international,2.94,Biology,0
ASH-48430,2025-12-03,F,22,domestic,2.95,Physics,1
ASH-78195,2025-11-19,M,23,domestic,3.08,Physics,1
ASH-63244,2025-10-30,M,24,domestic,3.47,English,0
ASH-81994,2025-12-30,M,28,international,3.2,Biology,0
ASH-15014,2025-12-31,M,23,domestic,3.31,Physics,0
ASH-20344,2025-12-21,F,28,international,3.03,Physics,1
ASH-33752,2025-11-17,F,25,international,3.38,Psychology,1
ASH-74241,2025-11-02,M,28,international,3.75,Engineering,1
ASH-93538,2025-10-13,M,27,domestic,3.53,English,0
ASH-20066,2025-12-29,M,29,domestic,3.3,English,0
ASH-24314,2025-12-16,F,22,domestic,3.87,Biology,1
ASH-76207,2025-10-11,M,27,domestic,3.3,Biology,0
ASH-27922,2025-11-24,M,24,domestic,3.15,Physics,0
ASH-12396,2025-12-21,M,22,domestic,3.45,Physics,0
ASH-63558,2025-12-25,F,27,international,3.56,Biology,1
ASH-71692,2025-10-01,F,28,domestic,2.72,Economics,0
ASH-64015,2025-12-08,M,27,domestic,3.29,Engineering,0
ASH-56600,2025-12-31,F,26,domestic,2.61,Psychology,0
ASH-33744,2025-10-24,M,23,domestic,3.18,Psychology,0
ASH-17190,2025-11-29,F,25,domestic,3.74,Engineering,1
ASH-99315,2025-11-08,M,23,domestic,3.81,Physics,1
ASH-83533,2025-10-14,F,24,domestic,2.83,Physics,0
ASH-79534,2025-11-22,F,24,international,2.99,Economics,0
ASH-77539,2025-10-07,F,24,international,3.37,English,0
ASH-73178,2025-10-02,M,23,international,3.22,Engineering,1
ASH-72197,2025-11-30,M,25,domestic,3.44,Engineering,0
ASH-65053,2025-12-24,F,24,domestic,2.73,English,0
ASH-91807,2025-11-24,M,24,international,3.52,Biology,0
ASH-75112,2025-10-22,M,27,domestic,3.85,Engineering,1
ASH-48653,2025-12-05,M,23,international,3.42,Engineering,1
ASH-39296,2025-10-06,M,24,domestic,3.56,Physics,1
ASH-41539,2025-10-01,F,23,domestic,3.31,Economics,1
ASH-45127,2025-10-15,M,26,domestic,3.14,Engineering,0
ASH-79869,2025-11-16,M,23,domestic,3.69,English,0
ASH-13247,2025-11-18,F,22,domestic,3.53,Biology,1
ASH-93460,2025-11-16,M,25,domestic,3.12,Physics,0
ASH-92391,2025-10-11,M,25,domestic,3.5,Physics,1
ASH-67060,2025-11-09,M,25,international,3.52,English,0
ASH-25494,2025-10-10,F,23,domestic,3.05,Physics,1
ASH-64467,2025-12-06,F,22,domestic,3.21,Psychology,0
ASH-11775,2025-11-18,F,25,domestic,2.63,Economics,0
ASH-56465,2025-11-27,M,24,international,3.33,Engineering,1
ASH-34494,2025-12-08,F,27,international,3.66,Engineering,1
ASH-73991,2025-10-28,M,28,domestic,3.35,Physics,0
ASH-33659,2025-12-29,F,23,domestic,3.74,Biology,0
ASH-27837,2025-11-21,F,23,international,3.68,English,0
ASH-10512,2025-11-13,M,28,international,3.01,Psychology,0
ASH-24948,2025-11-21,M,24,domestic,3.86,Economics,1
ASH-84935,2025-10-02,F,22,international,3.3,Psychology,0
ASH-56529,2025-11-07,F,25,international,3.01,Biology,0
ASH-19819,2025-10-16,F,22,international,3.89,Physics,1
ASH-71783,2025-10-01,M,24,domestic,3.67,Engineering,1
ASH-59344,2025-12-19,M,27,domestic,3.56,Engineering,1
ASH-46903,2025-11-23,F,24,international,2.72,English,0
ASH-29096,2025-11-17,M,24,domestic,3.78,Economics,1
ASH-65110,2025-10-26,M,22,international,3.01,Physics,0
ASH-23254,2025-10-07,M,25,domestic,3.78,Physics,1
ASH-28236,2025-10-24,F,23,international,3.45,Economics,1
ASH-94930,2025-11-19,M,24,domestic,3.64,English,0
ASH-13979,2025-10-17,F,25,domestic,2.88,English,0
ASH-85659,2025-10-10,M,26,domestic,3.56,Engineering,1
ASH-33438,2025-10-17,F,22,domestic,3.53,Psychology,0
ASH-40500,2025-11-26,M,22,domestic,3.29,Psychology,0
ASH-75030,2025-12-13,F,22,domestic,3.47,English,0
ASH-26751,2025-12-21,M,23,domestic,3.11,Engineering,0
ASH-79673,2025-11-11,M,22,domestic,2.87,Biology,0
ASH-18213,2025-12-16,M,22,international,3.29,Physics,1
ASH-81664,2025-12-23,M,25,domestic,3.2,Physics,1
ASH-27098,2025-12-25,F,23,domestic,3.05,Engineering,1
ASH-73014,2025-11-26,M,23,domestic,2.78,Engineering,0
ASH-11346,2025-10-24,F,25,domestic,2.85,Biology,0
ASH-80020,2025-12-10,M,24,domestic,3.12,Biology,0
ASH-70381,2025-12-19,M,22,international,3.44,Physics,1
ASH-88419,2025-10-26,M,25,domestic,2.87,Physics,0
ASH-53562,2025-10-21,F,25,domestic,3.51,English,0
ASH-64329,2025-12-03,M,23,domestic,3.18,Engineering,0
ASH-20879,2025-10-13,M,25,domestic,2.81,Physics,0
ASH-53593,2025-10-14,M,27,domestic,3.19,Engineering,1
ASH-51973,2025-10-20,M,22,domestic,3.35,Physics,1
ASH-67405,2025-12-13,F,23,domestic,3.31,English,0
ASH-27287,2025-10-19,M,23,international,3.49,Economics,1
ASH-46605,2025-10-16,F,22,international,3.56,English,0
ASH-63982,2025-12-03,F,24,domestic,3.1,Economics,0
ASH-64653,2025-10-22,F,28,domestic,3.2,Economics,0
ASH-86099,2025-11-29,F,23,international,3.19,Biology,0
ASH-87950,2025-11-30,M,24,domestic,3.22,Economics,0
ASH-29000,2025-10-07,F,26,domestic,3.53,English,0
ASH-95964,2025-11-04,M,24,domestic,3.64,Physics,0
ASH-54014,2025-10-24,M,29,domestic,3.89,Economics,1
ASH-78631,2025-11-05,F,28,domestic,3.49,Economics,0
ASH-13823,2025-10-12,M,25,domestic,3.69,Physics,1
ASH-34181,2025-12-03,M,24,domestic,3.45,Biology,0
ASH-87170,2025-10-14,F,29,domestic,3.15,Engineering,1
ASH-14014,2025-12-01,M,25,international,3.59,Economics,1
ASH-43776,2025-10-01,M,23,domestic,3.1,Biology,0
ASH-35811,2025-11-06,M,28,domestic,4.0,Engineering,1
ASH-55098,2025-10-27,F,23,domestic,3.43,Biology,0
ASH-17755,2025-12-12,F,24,domestic,3.25,Biology,1
ASH-43785,2025-10-12,M,24,domestic,3.12,English,0
ASH-51984,2025-11-14,F,22,international,3.75,Physics,1
ASH-94456,2025-12-15,M,22,domestic,3.33,Engineering,1
ASH-21150,2025-12-25,M,23,international,3.81,Engineering,1
ASH-76004,2025-11-06,M,25,domestic,3.4,Economics,0
ASH-42116,2025-12-14,F,26,domestic,3.54,Psychology,0
ASH-86303,2025-10-14,M,28,domestic,2.77,Physics,0
ASH-52198,2025-11-21,M,24,domestic,3.48,Psychology,1
ASH-78375,2025-10-01,F,29,domestic,2.97,Engineering,0
ASH-44540,2025-12-24,M,23,domestic,3.15,Biology,0
ASH-92446,2025-12-07,F,23,domestic,3.39,English,0
ASH-85136,2025-10-20,F,24,domestic,3.43,Economics,0
ASH-21369,2025-11-06,M,25,international,3.31,English,1
ASH-91774,2025-12-14,F,24,international,3.83,Economics,1
ASH-90729,2025-11-27,M,24,international,3.64,Engineering,1
ASH-96188,2025-10-10,M,27,international,3.64,Biology,0
ASH-64682,2025-10-31,F,24,domestic,3.4,Psychology,0
ASH-22413,2025-10-22,F,23,domestic,3.28,Biology,0
ASH-57757,2025-12-31,M,29,domestic,2.86,Physics,0
ASH-88924,2025-11-24,M,28,domestic,4.0,Engineering,1
ASH-16894,2025-11-10,F,25,domestic,3.41,English,0
ASH-65427,2025-11-23,F,23,international,3.12,English,0
ASH-41714,2025-11-25,F,22,domestic,2.76,Economics,0
ASH-15216,2025-10-28,M,25,international,3.61,Engineering,0
ASH-17795,2025-10-12,F,22,domestic,3.17,Economics,0
ASH-47500,2025-12-24,M,24,domestic,3.56,Physics,0
ASH-92654,2025-12-04,F,28,domestic,3.38,Psychology,0
ASH-76309,2025-12-26,F,25,domestic,3.89,Economics,1
ASH-14511,2025-10-21,F,25,domestic,3.23,English,0
ASH-99612,2025-10-01,M,24,international,3.6,Engineering,1
ASH-84005,2025-10-11,M,28,international,2.2,Biology,0
ASH-85699,2025-11-12,F,22,domestic,3.35,English,0
ASH-59155,2025-10-07,F,24,international,2.87,Biology,0
ASH-37475,2025-11-06,M,23,domestic,3.43,Psychology,0
ASH-29648,2025-12-09,F,27,international,3.27,Biology,1
ASH-25705,2025-12-25,M,24,international,3.77,Biology,1
ASH-11958,2025-12-23,M,24,domestic,3.33,Engineering,0
ASH-68503,2025-12-13,M,27,domestic,3.51,Engineering,1
ASH-78782,2025-11-18,M,29,international,3.49,Biology,0
ASH-87690,2025-11-22,M,22,domestic,3.63,Engineering,1
ASH-39589,2025-10-04,F,25,international,3.34,English,0
ASH-75217,2025-12-16,M,23,international,3.8,Engineering,1
ASH-63312,2025-12-04,M,23,domestic,3.51,Psychology,0
ASH-43581,2025-10-23,F,24,international,3.67,English,0
ASH-33370,2025-11-02,M,25,domestic,2.81,Biology,0
ASH-86825,2025-10-16,M,24,domestic,3.1,Biology,0
ASH-99527,2025-10-10,M,26,international,3.66,Economics,1
ASH-75535,2025-12-22,F,24,domestic,3.38,Psychology,1
ASH-44101,2025-10-02,F,22,domestic,2.95,Economics,0
ASH-82034,2025-12-25,M,23,international,4.0,Physics,1
ASH-95232,2025-11-29,M,25,domestic,2.92,Engineering,0
ASH-17330,2025-10-10,F,25,domestic,3.66,Economics,1
ASH-86359,2025-11-06,M,24,domestic,3.29,Physics,0
ASH-73621,2025-10-10,M,27,international,3.31,Physics,1
ASH-80935,2025-10-03,F,26,domestic,3.21,English,0
ASH-39081,2025-10-21,M,27,domestic,3.35,Biology,0
ASH-20248,2025-10-28,F,24,domestic,3.13,Economics,0
ASH-66818,2025-10-14,M,27,domestic,3.66,Psychology,0
ASH-23844,2025-10-03,F,28,international,3.31,Psychology,0
ASH-29490,2025-10-02,F,22,domestic,3.07,Biology,0
ASH-29645,2025-11-21,M,23,international,3.47,Physics,1
ASH-62472,2025-12-19,F,33,domestic,2.81,Economics,0
ASH-24890,2025-11-11,M,25,domestic,3.5,Engineering,1
ASH-86384,2025-11-11,F,24,domestic,3.23,English,0
ASH-22635,2025-11-22,M,24,international,3.14,English,0
ASH-54358,2025-10-25,M,23,domestic,3.04,Physics,0
ASH-22450,2025-10-12,M,23,domestic,3.04,Biology,0
ASH-92650,2025-11-23,M,25,domestic,2.85,Physics,0
ASH-79948,2025-11-23,M,24,domestic,3.76,Economics,1
ASH-80639,2025-10-30,F,22,domestic,2.96,Economics,0
ASH-80199,2025-11-15,F,22,domestic,3.72,Engineering,1
ASH-95325,2025-12-07,M,27,international,3.47,Engineering,1
ASH-64762,2025-12-20,F,24,domestic,3.45,English,0
ASH-43526,2025-10-22,M,27,international,3.68,Engineering,1
ASH-72162,2025-10-04,F,24,domestic,2.78,English,0
ASH-66957,2025-10-15,M,24,international,3.74,English,0
ASH-71403,2025-10-25,M,29,international,3.38,Biology,0
ASH-35474,2025-10-27,F,22,domestic,3.61,Psychology,0
ASH-13768,2025-10-24,F,24,international,3.59,English,0
ASH-62021,2025-11-06,F,25,international,3.04,Psychology,0
ASH-68844,2025-11-23,M,22,international,3.24,Engineering,1
ASH-71642,2025-11-16,M,23,international,3.68,Engineering,0
ASH-42838,2025-12-22,F,23,domestic,3.67,Biology,1
ASH-64937,2025-12-28,F,24,domestic,3.33,English,0
ASH-29970,2025-10-14,F,26,domestic,3.39,Economics,0
ASH-36566,2025-11-25,M,24,domestic,3.22,Economics,0
ASH-65336,2025-11-06,M,24,domestic,3.22,English,0
ASH-97859,2025-11-25,F,23,domestic,3.2,Economics,0
ASH-16047,2025-10-26,M,28,domestic,3.42,Physics,1
ASH-88677,2025-12-28,M,24,domestic,3.14,Biology,0
ASH-12813,2025-11-12,F,26,domestic,3.8,Economics,0
ASH-85721,2025-10-25,M,23,domestic,3.35,Engineering,1
ASH-85465,2025-10-17,F,33,domestic,3.25,Biology,0
ASH-50690,2025-12-25,M,30,international,3.0,Biology,0
ASH-62938,2025-12-02,F,24,domestic,3.74,Engineering,1
ASH-69685,2025-12-01,M,29,domestic,3.43,Engineering,0
ASH-21399,2025-10-02,M,23,domestic,3.4,English,0
ASH-79562,2025-10-03,M,25,domestic,3.45,Engineering,0
ASH-47560,2025-12-04,F,25,international,3.53,Economics,0
ASH-19927,2025-12-21,F,26,domestic,3.4,Biology,0
ASH-91356,2025-12-22,M,23,international,3.56,Engineering,0
ASH-57896,2025-11-28,M,27,domestic,3.35,Economics,0
ASH-96006,2025-10-28,M,24,domestic,3.27,Biology,0
ASH-15606,2025-11-25,M,25,domestic,3.59,Engineering,1
ASH-58701,2025-10-10,M,23,domestic,3.29,Economics,0
ASH-59474,2025-12-21,M,23,domestic,3.55,Economics,0
ASH-82744,2025-12-26,M,23,international,2.83,Biology,0
ASH-31274,2025-11-15,M,25,domestic,3.14,Engineering,0
ASH-51315,2025-11-12,F,28,domestic,3.56,Psychology,1
ASH-97703,2025-11-13,F,22,international,3.52,Biology,0
ASH-74722,2025-11-12,F,28,domestic,3.04,Psychology,1
ASH-26474,2025-11-06,F,28,domestic,3.37,Psychology,0
ASH-64099,2025-11-18,M,23,domestic,3.37,Biology,1
ASH-33925,2025-11-03,M,23,domestic,3.63,Physics,1
ASH-72089,2025-11-24,F,25,international,3.28,Psychology,0
ASH-54860,2025-10-12,M,23,domestic,3.65,Physics,1
ASH-28162,2025-10-13,F,24,domestic,3.57,Physics,1
ASH-81311,2025-12-26,M,26,domestic,3.54,Biology,0
ASH-83870,2025-12-26,M,24,domestic,3.73,Physics,1
ASH-59660,2025-10-17,F,27,domestic,3.01,Psychology,0
ASH-44285,2025-11-16,M,26,domestic,4.0,Biology,1
ASH-82452,2025-10-24,F,24,international,3.24,English,0
ASH-70744,2025-11-29,M,24,international,3.51,Physics,1
ASH-42212,2025-10-16,F,24,international,3.32,Psychology,0
ASH-48561,2025-12-11,F,25,domestic,3.38,Economics,1
ASH-79346,2025-12-29,M,23,domestic,3.89,English,1
ASH-23953,2025-10-20,F,25,domestic,3.33,Economics,0
ASH-35251,2025-11-06,F,23,domestic,3.87,Engineering,1
ASH-30525,2025-10-13,F,25,domestic,3.27,Psychology,0
ASH-41467,2025-12-03,M,27,domestic,3.51,Engineering,1
ASH-13924,2025-10-07,M,24,domestic,3.73,Engineering,1
ASH-23596,2025-10-29,F,23,international,3.88,Economics,0
ASH-12937,2025-10-28,F,23,domestic,3.5,English,0
ASH-51392,2025-11-06,M,28,domestic,3.87,Physics,1
ASH-39370,2025-12-23,F,25,domestic,3.84,Psychology,1
ASH-91297,2025-11-06,M,24,domestic,3.52,English,0
ASH-69611,2025-12-11,M,26,domestic,3.27,Engineering,0
ASH-40268,2025-12-25,F,25,domestic,2.8,Biology,0
ASH-11284,2025-11-13,M,33,domestic,3.04,Biology,0
ASH-42736,2025-12-01,M,22,international,3.36,Engineering,1
ASH-49223,2025-12-22,M,23,domestic,3.51,Engineering,1
ASH-25208,2025-11-16,M,23,domestic,3.79,Physics,1
ASH-63116,2025-12-11,M,26,international,3.74,Biology,1
ASH-49787,2025-12-24,M,23,international,3.93,Physics,1
ASH-48903,2025-11-23,F,24,domestic,3.82,Psychology,1
ASH-43530,2025-10-21,F,22,international,2.85,English,0
ASH-16072,2025-11-08,M,24,domestic,3.32,Psychology,0
ASH-63969,2025-10-10,M,24,domestic,3.16,Physics,0
ASH-38610,2025-10-16,M,22,domestic,3.41,Engineering,1
ASH-36462,2025-12-27,F,23,international,3.21,Economics,0
ASH-21924,2025-11-26,F,22,domestic,3.42,Engineering,1
ASH-84553,2025-12-10,F,22,domestic,3.84,Economics,0
ASH-49046,2025-10-30,M,23,domestic,3.35,Economics,0
ASH-77503,2025-11-09,F,22,international,3.2,Engineering,1
ASH-46384,2025-10-14,F,27,domestic,3.55,Biology,1
ASH-67783,2025-10-31,F,26,international,3.47,Engineering,0
ASH-28312,2025-12-22,M,23,international,3.92,Engineering,1
ASH-44740,2025-12-15,M,22,international,3.1,Biology,0
ASH-88844,2025-12-21,M,25,international,3.31,Engineering,1
ASH-53036,2025-11-19,M,22,domestic,3.48,Engineering,1
ASH-70881,2025-12-31,F,24,international,3.53,Psychology,0
ASH-30522,2025-12-03,M,23,domestic,3.61,Biology,0
ASH-52832,2025-10-29,M,24,domestic,3.55,Physics,1
ASH-44414,2025-10-16,M,23,international,3.28,Engineering,1
ASH-24021,2025-10-02,M,25,international,2.75,Biology,0
ASH-59277,2025-10-31,F,23,domestic,3.16,Psychology,0
ASH-45649,2025-11-06,M,24,domestic,3.46,Physics,0
ASH-12564,2025-10-01,M,26,domestic,3.67,Economics,1
ASH-72785,2025-10-27,F,24,domestic,3.32,English,0
ASH-22884,2025-12-13,M,23,international,3.34,Economics,0
ASH-20831,2025-10-07,M,28,domestic,3.5,Economics,0
ASH-46248,2025-10-17,F,23,domestic,4.0,English,0
ASH-53420,2025-12-21,F,26,international,3.45,Biology,0
ASH-75103,2025-12-08,F,22,domestic,3.55,English,0
ASH-75591,2025-12-20,F,25,international,3.84,Psychology,1
ASH-96069,2025-11-01,M,23,international,4.0,Physics,1
ASH-62144,2025-12-10,M,28,domestic,2.93,Psychology,0
ASH-24846,2025-10-09,M,22,international,3.52,English,0
ASH-78057,2025-11-15,M,24,domestic,3.19,Economics,0
ASH-36921,2025-12-23,F,26,international,3.19,Economics,0
ASH-80829,2025-11-14,F,30,domestic,3.32,Economics,0
ASH-90690,2025-12-06,M,25,domestic,3.47,Physics,1
ASH-51049,2025-12-27,M,25,domestic,3.99,Engineering,1
ASH-50142,2025-12-27,F,24,domestic,3.74,Psychology,1
ASH-75972,2025-11-07,F,24,domestic,3.21,English,0
ASH-63389,2025-10-01,F,26,domestic,3.12,Economics,0
ASH-75778,2025-11-21,F,26,domestic,3.13,English,0
ASH-11692,2025-11-06,M,24,domestic,2.93,Engineering,1
ASH-33075,2025-11-30,M,22,domestic,3.4,Economics,0
ASH-29907,2025-10-14,F,24,domestic,3.66,Biology,1
ASH-99437,2025-11-30,M,24,domestic,3.72,Economics,1
ASH-47399,2025-12-11,M,23,domestic,3.3,Physics,1
ASH-66084,2025-11-22,M,22,domestic,3.32,Physics,0
ASH-73825,2025-12-04,M,27,domestic,3.02,English,0
ASH-34476,2025-10-02,F,23,international,3.55,Economics,1
ASH-62139,2025-12-31,F,25,domestic,3.23,Economics,0
ASH-48110,2025-12-30,F,25,domestic,3.46,Psychology,0
ASH-48927,2025-12-09,F,23,international,2.88,Biology,0
ASH-13956,2025-11-29,F,22,domestic,3.21,English,0
ASH-10060,2025-11-23,F,27,domestic,3.8,Economics,1
ASH-31642,2025-10-17,M,23,domestic,2.94,Psychology,0
ASH-65089,2025-11-29,M,22,domestic,3.35,Economics,0
ASH-57617,2025-10-09,F,23,international,4.0,Psychology,1
ASH-14206,2025-11-08,M,26,domestic,3.32,Physics,1
ASH-68463,2025-11-30,F,22,domestic,3.23,English,0
ASH-62704,2025-11-16,F,23,domestic,3.31,English,0
ASH-39972,2025-10-07,F,22,international,3.91,Psychology,1
ASH-42292,2025-11-25,F,26,international,3.26,Psychology,0
ASH-34936,2025-12-22,F,22,domestic,3.39,Psychology,0
ASH-45848,2025-11-17,M,26,domestic,3.25,Psychology,0
ASH-33706,2025-10-21,F,23,domestic,3.75,Engineering,1
ASH-71289,2025-11-20,M,24,international,2.98,Biology,0
ASH-48494,2025-11-22,M,22,domestic,2.9,Physics,0
ASH-73969,2025-11-17,F,23,domestic,3.63,Psychology,0
ASH-91452,2025-11-12,M,23,domestic,3.84,English,0
ASH-39022,2025-11-27,M,23,domestic,3.25,Physics,0
ASH-43240,2025-10-15,F,22,domestic,2.81,Economics,0
ASH-44006,2025-11-22,F,23,domestic,2.71,Economics,0
ASH-95154,2025-11-27,F,26,international,3.57,Biology,0
ASH-90231,2025-10-26,M,25,domestic,3.37,Engineering,1
ASH-86831,2025-10-05,M,25,domestic,3.46,Engineering,1
ASH-50251,2025-10-22,F,30,international,3.42,English,1
ASH-79256,2025-12-16,M,25,domestic,3.32,Biology,1
ASH-77836,2025-10-15,M,23,domestic,3.49,Psychology,0
ASH-36368,2025-11-25,F,29,domestic,3.52,Engineering,1
ASH-71834,2025-10-15,F,26,international,3.2,English,0
ASH-86121,2025-12-23,M,23,international,3.65,Physics,1
ASH-12941,2025-10-15,M,26,domestic,3.14,Physics,0
ASH-62113,2025-11-17,F,23,domestic,3.13,Biology,0
ASH-77617,2025-11-30,F,26,domestic,3.83,Biology,1
ASH-94362,2025-11-27,M,24,domestic,3.15,Economics,0
ASH-95395,2025-12-31,M,24,international,3.09,Engineering,1
ASH-58439,2025-11-30,M,23,international,3.31,Biology,0
ASH-99480,2025-11-09,M,27,domestic,3.09,Economics,0
ASH-20094,2025-10-13,M,25,domestic,3.0,Engineering,1
ASH-45567,2025-12-02,F,26,international,2.99,Engineering,0
ASH-81669,2025-10-04,M,24,domestic,3.4,Economics,1
ASH-88262,2025-10-17,F,25,domestic,2.99,Economics,0
ASH-78323,2025-12-28,F,25,international,3.22,Psychology,0
ASH-35595,2025-11-11,M,25,domestic,2.96,Physics,0
ASH-87114,2025-10-02,M,25,domestic,3.21,English,0
ASH-29149,2025-12-14,M,25,domestic,3.36,Biology,1
ASH-80279,2025-11-28,M,23,international,3.68,Physics,1
ASH-58075,2025-11-22,M,25,international,2.84,Engineering,0
ASH-11541,2025-10-10,F,22,international,3.5,Psychology,1
ASH-16126,2025-12-02,F,25,international,3.72,English,0
ASH-41965,2025-11-27,M,24,international,3.86,Engineering,1
ASH-13040,2025-12-18,M,25,international,3.08,Engineering,1
ASH-53146,2025-10-29,M,23,domestic,3.23,Physics,1
ASH-52968,2025-12-05,F,23,domestic,3.79,Economics,1
ASH-41626,2025-11-08,M,23,international,3.62,Engineering,1
ASH-44378,2025-12-10,M,23,domestic,3.35,Engineering,0
ASH-33066,2025-12-02,F,24,domestic,3.31,Economics,0
ASH-44570,2025-10-06,F,24,domestic,3.67,Biology,0
ASH-63224,2025-12-24,F,24,domestic,3.83,Biology,0
ASH-65735,2025-11-21,M,23,domestic,2.52,Biology,0
ASH-15660,2025-10-25,M,24,domestic,3.51,English,0
ASH-89987,2025-10-27,M,27,domestic,3.19,Engineering,1
ASH-54541,2025-12-10,F,22,domestic,3.42,Psychology,0
ASH-89594,2025-11-24,M,27,international,3.36,Engineering,0
ASH-10216,2025-11-03,F,25,international,3.72,Economics,1
ASH-60460,2025-10-02,M,22,international,3.58,Engineering,1
ASH-50585,2025-10-20,F,24,domestic,3.6,Psychology,0
ASH-67478,2025-11-19,M,26,domestic,3.53,Biology,1
ASH-72558,2025-10-18,F,22,domestic,3.14,English,0
ASH-80964,2025-12-09,M,23,domestic,3.09,Engineering,1
ASH-83944,2025-10-31,M,24,domestic,3.21,Engineering,1
ASH-35904,2025-11-25,M,26,international,3.12,Physics,1
ASH-38327,2025-11-01,M,25,domestic,3.67,Engineering,1
ASH-37267,2025-12-16,F,24,domestic,3.33,Psychology,0
ASH-93296,2025-12-16,M,23,domestic,3.55,Economics,1
ASH-78058,2025-12-25,M,23,international,3.73,English,0
ASH-51949,2025-11-02,F,25,domestic,2.85,Economics,0
ASH-53431,2025-12-05,F,23,domestic,3.53,Economics,0
ASH-31142,2025-11-27,M,24,international,3.18,Physics,0
ASH-48163,2025-12-02,M,23,domestic,3.66,Economics,1
ASH-76064,2025-10-12,M,22,domestic,3.15,Physics,1
ASH-75669,2025-10-31,M,28,domestic,3.28,Engineering,0
ASH-45898,2025-11-11,M,23,domestic,3.39,Physics,1
ASH-79138,2025-11-13,M,25,domestic,3.32,Biology,0
ASH-59237,2025-10-06,M,26,international,3.68,Engineering,1
ASH-96442,2025-10-21,F,27,domestic,3.47,Biology,0
ASH-76138,2025-11-30,F,23,international,3.32,Economics,1
ASH-54172,2025-10-05,M,24,domestic,3.05,Physics,0
ASH-50288,2025-10-03,M,25,domestic,3.37,Physics,1
ASH-63153,2025-11-25,M,22,domestic,3.24,Economics,0
ASH-59579,2025-11-17,M,22,domestic,3.34,English,0
ASH-52713,2025-11-06,F,23,domestic,3.34,Economics,1
ASH-68845,2025-12-25,F,22,domestic,3.41,Biology,1
ASH-25533,2025-10-08,F,22,domestic,3.12,Economics,1
ASH-41430,2025-11-13,F,22,domestic,2.42,Economics,0
ASH-99086,2025-12-12,M,22,domestic,3.22,Biology,1
ASH-28348,2025-11-16,M,24,domestic,2.88,Physics,0
ASH-60555,2025-11-07,F,23,international,3.63,Biology,0
ASH-20232,2025-10-23,M,26,international,3.36,Physics,1
ASH-72534,2025-10-26,M,23,domestic,2.93,Engineering,0
ASH-73731,2025-12-26,M,28,domestic,3.04,Psychology,0
ASH-53840,2025-10-23,F,23,domestic,3.19,Biology,0
ASH-27245,2025-12-26,M,26,domestic,3.53,Engineering,1
ASH-57441,2025-12-05,M,24,domestic,3.3,Biology,1
ASH-69587,2025-11-28,F,27,international,3.21,Biology,0
ASH-48932,2025-11-20,M,23,domestic,3.21,Biology,0
ASH-77390,2025-10-15,F,27,domestic,3.88,Economics,1
ASH-59651,2025-10-16,F,24,domestic,3.15,Physics,0
ASH-51411,2025-10-18,M,25,domestic,3.3,Biology,0
ASH-93998,2025-12-27,M,23,domestic,3.4,Physics,1
ASH-84061,2025-10-03,F,26,domestic,3.62,Psychology,1
ASH-23591,2025-11-15,F,24,international,3.11,Psychology,0
ASH-25166,2025-10-06,M,22,domestic,3.68,Engineering,1
ASH-12347,2025-10-22,M,24,domestic,3.01,Economics,0
ASH-20133,2025-12-21,M,23,domestic,3.46,Economics,1
ASH-47271,2025-10-20,M,24,domestic,2.88,Engineering,0
ASH-47363,2025-11-05,F,22,domestic,3.32,Engineering,0
ASH-69719,2025-12-17,M,22,domestic,3.59,Physics,1
ASH-97293,2025-12-02,M,26,domestic,2.87,Engineering,1
ASH-99890,2025-12-02,F,28,domestic,3.63,Psychology,0
ASH-62928,2025-12-10,M,22,international,3.41,Psychology,0
ASH-85996,2025-10-16,M,24,domestic,3.27,Physics,1
ASH-85018,2025-10-07,F,25,domestic,3.44,Biology,1
ASH-96313,2025-12-08,M,28,domestic,3.15,Physics,0
ASH-39527,2025-11-13,F,24,domestic,3.76,Biology,1
ASH-92831,2025-11-12,F,24,domestic,4.0,Economics,1
ASH-59069,2025-10-09,M,23,domestic,2.87,Psychology,0
ASH-97461,2025-10-20,F,26,domestic,3.06,English,0
ASH-54605,2025-11-13,F,23,domestic,2.88,Biology,0
ASH-11039,2025-11-01,F,26,domestic,2.76,Economics,0
ASH-46878,2025-12-11,F,24,domestic,3.12,Psychology,0
ASH-59615,2025-10-20,F,25,domestic,3.73,Economics,1
ASH-79996,2025-11-17,F,23,international,3.58,Economics,1
ASH-38271,2025-11-14,F,24,international,3.21,Economics,1
ASH-90502,2025-12-06,M,24,international,3.84,Biology,0
ASH-20220,2025-12-04,M,26,domestic,3.18,Biology,0
ASH-86857,2025-12-31,F,24,domestic,3.7,Biology,0
ASH-14240,2025-12-21,F,24,domestic,3.34,Psychology,0
ASH-75655,2025-12-04,M,25,international,3.6,Psychology,0
ASH-51436,2025-11-27,M,24,international,3.8,Physics,1
ASH-92625,2025-10-12,F,25,domestic,3.52,Biology,1
ASH-45608,2025-12-12,M,24,domestic,3.14,Biology,0
ASH-17892,2025-12-09,M,23,international,3.5,Psychology,0
ASH-17116,2025-10-15,F,24,domestic,3.47,Biology,1
ASH-50851,2025-12-13,M,23,domestic,3.71,Psychology,1
ASH-15452,2025-10-14,F,28,domestic,3.58,Engineering,1
ASH-80950,2025-12-27,F,24,international,3.89,Engineering,1
ASH-91459,2025-12-08,F,24,domestic,3.3,Biology,0
ASH-50342,2025-11-07,F,23,domestic,3.86,Biology,1
ASH-69037,2025-12-26,F,23,international,3.5,Engineering,1
ASH-89315,2025-11-01,M,25,domestic,3.58,Physics,1
ASH-31127,2025-12-16,F,23,domestic,3.29,Psychology,0
ASH-17035,2025-10-29,M,22,international,3.13,Engineering,0
ASH-11008,2025-12-21,M,29,domestic,2.66,Economics,0
ASH-17899,2025-12-10,M,24,international,3.6,Physics,1
ASH-71365,2025-11-17,F,26,international,3.14,English,0
ASH-48570,2025-11-27,F,24,domestic,3.15,English,0
ASH-15369,2025-10-14,F,26,international,3.45,Psychology,1
ASH-97049,2025-11-12,F,24,domestic,3.95,English,1
ASH-21766,2025-12-10,F,23,international,3.08,Biology,0
ASH-62808,2025-10-06,M,23,domestic,3.11,Physics,1
ASH-63884,2025-10-16,M,25,domestic,3.83,Engineering,1
ASH-89794,2025-10-30,M,25,international,3.3,Economics,1
ASH-50924,2025-11-07,M,23,domestic,2.95,Physics,0
ASH-64647,2025-10-05,M,25,domestic,3.21,Economics,0
ASH-77690,2025-11-23,F,24,domestic,3.53,Economics,1
ASH-86659,2025-12-04,M,26,domestic,3.49,Engineering,1
ASH-90757,2025-10-01,M,27,international,3.43,Engineering,1
ASH-20243,2025-11-20,M,22,international,3.27,Physics,1
ASH-68447,2025-10-30,F,22,international,2.99,English,0
ASH-16233,2025-10-21,M,23,international,3.77,Economics,1
ASH-55817,2025-11-15,F,23,domestic,2.96,Engineering,0
ASH-26454,2025-12-02,M,23,international,3.42,English,0
ASH-65995,2025-10-16,M,26,domestic,3.16,Engineering,1
ASH-84946,2025-12-31,M,24,domestic,3.26,Biology,0
ASH-13143,2025-12-29,M,22,domestic,3.09,Physics,0
ASH-24517,2025-12-29,M,23,domestic,3.18,Engineering,1
ASH-93759,2025-12-21,M,27,international,3.09,Biology,0
ASH-46513,2025-12-03,M,26,domestic,3.78,Biology,1
ASH-68239,2025-10-19,F,23,domestic,3.64,Psychology,0
ASH-88784,2025-12-08,F,25,domestic,3.1,Psychology,0
ASH-36676,2025-10-23,F,31,domestic,3.16,Psychology,1
ASH-50995,2025-11-22,M,25,domestic,3.68,Biology,1
ASH-99331,2025-11-16,F,23,international,3.36,Biology,0
ASH-15642,2025-11-21,F,25,domestic,3.71,Psychology,0
ASH-87470,2025-12-07,F,22,domestic,3.53,Biology,0
ASH-54079,2025-11-24,M,25,domestic,3.03,Physics,0
ASH-82035,2025-10-02,F,23,international,3.31,Economics,0
ASH-58363,2025-12-22,M,25,domestic,3.37,Engineering,1
ASH-69943,2025-12-27,M,23,international,2.83,Psychology,0
ASH-44130,2025-12-07,F,23,domestic,3.92,Economics,1
ASH-32225,2025-12-23,F,26,domestic,3.01,Economics,0
ASH-54807,2025-12-11,M,27,domestic,3.64,Engineering,1
ASH-91229,2025-12-01,M,25,domestic,3.26,Engineering,0
ASH-54700,2025-12-12,M,25,domestic,3.66,Biology,0
ASH-77102,2025-10-26,M,24,domestic,3.22,Physics,0
ASH-69432,2025-11-21,M,24,international,3.11,Physics,0
ASH-42112,2025-10-20,M,24,domestic,2.9,Biology,0
ASH-11831,2025-10-09,F,23,domestic,3.53,Psychology,0
ASH-65116,2025-11-26,M,24,domestic,3.45,Biology,0
ASH-64212,2025-11-11,F,23,international,2.82,Biology,0
ASH-98452,2025-12-17,M,23,domestic,3.63,Engineering,1
ASH-68528,2025-10-17,F,24,domestic,3.57,English,1
ASH-55326,2025-12-21,F,23,international,3.07,English,0
ASH-43064,2025-10-28,F,24,domestic,3.25,English,0
ASH-37338,2025-10-04,M,30,domestic,3.72,Physics,1
ASH-73460,2025-10-01,F,23,domestic,3.75,Biology,0
ASH-38534,2025-10-11,F,22,domestic,3.28,Engineering,0
ASH-38766,2025-12-20,F,26,domestic,2.86,Psychology,0
ASH-44450,2025-11-15,F,25,international,3.24,Biology,0
ASH-73894,2025-11-21,F,23,international,2.96,Biology,1
ASH-56025,2025-11-15,F,26,domestic,3.84,Biology,0
ASH-71457,2025-12-14,M,22,international,3.58,Biology,0
ASH-91978,2025-12-15,M,23,domestic,2.44,Engineering,0
ASH-46872,2025-12-27,M,24,international,3.67,Engineering,1
ASH-24434,2025-10-24,F,26,domestic,2.77,Biology,0
ASH-66631,2025-12-26,M,29,domestic,3.58,Biology,0
ASH-15637,2025-10-31,M,24,international,3.43,Economics,0
ASH-35081,2025-12-05,F,24,domestic,3.19,Economics,0
ASH-11192,2025-12-18,F,23,domestic,2.81,Biology,0
ASH-31389,2025-12-21,F,27,international,3.07,Psychology,0
ASH-77387,2025-12-04,F,28,domestic,3.48,Biology,0
ASH-50899,2025-12-12,M,25,domestic,3.28,Physics,0
ASH-55666,2025-12-23,F,24,domestic,3.49,Economics,0
ASH-92936,2025-10-18,F,24,domestic,3.47,Biology,0
ASH-51283,2025-10-31,F,23,international,3.37,Economics,0
ASH-75239,2025-11-17,M,24,international,3.15,Engineering,1
ASH-72376,2025-10-25,M,22,domestic,3.41,Engineering,1
ASH-66130,2025-12-24,M,23,domestic,3.75,Physics,1
ASH-36872,2025-12-07,F,26,domestic,3.73,Economics,0
ASH-57107,2025-10-15,M,22,domestic,3.77,Engineering,1
ASH-29317,2025-10-01,F,22,international,2.72,Psychology,0
ASH-46429,2025-12-14,F,24,domestic,3.32,Economics,0
ASH-67063,2025-12-18,F,25,international,3.59,English,0
ASH-30641,2025-10-18,M,23,domestic,2.97,Engineering,0
ASH-24776,2025-12-06,M,26,international,3.22,Physics,0
ASH-26250,2025-11-27,F,23,domestic,3.45,Psychology,0
ASH-48582,2025-11-22,M,22,domestic,3.45,Economics,0
ASH-75445,2025-12-04,M,22,domestic,3.63,English,0
ASH-47686,2025-12-09,F,23,domestic,3.49,Psychology,1
ASH-12243,2025-12-18,F,25,domestic,2.94,Economics,0
ASH-38099,2025-10-12,M,24,international,3.44,English,0
ASH-46279,2025-11-20,M,23,domestic,3.0,Psychology,0
ASH-92989,2025-11-09,F,26,domestic,3.51,Biology,1
ASH-37407,2025-10-04,F,24,domestic,2.95,Psychology,0
ASH-94183,2025-11-14,F,23,international,3.42,Economics,1
ASH-20766,2025-12-06,F,22,international,3.7,Psychology,0
ASH-94738,2025-12-31,F,23,domestic,2.84,Psychology,0
ASH-45005,2025-11-08,M,26,domestic,2.92,Engineering,1
ASH-91831,2025-12-12,F,24,international,3.24,Economics,0
ASH-21131,2025-11-29,F,27,domestic,2.57,English,0
ASH-30778,2025-10-02,M,24,domestic,3.26,Psychology,0
ASH-10559,2025-11-03,M,27,domestic,2.35,Engineering,0
ASH-30216,2025-12-10,M,23,domestic,3.69,Psychology,1
ASH-13640,2025-12-03,F,28,domestic,3.13,English,0
ASH-18063,2025-10-29,M,26,domestic,3.42,Engineering,1
ASH-30062,2025-12-06,M,23,domestic,3.49,Physics,1
ASH-40696,2025-11-01,M,23,international,3.44,Psychology,0
ASH-83302,2025-10-11,M,24,international,3.98,Economics,1
ASH-59223,2025-11-23,M,26,international,2.66,Engineering,0
ASH-91395,2025-10-30,F,24,domestic,3.38,English,0
ASH-53679,2025-12-19,F,23,domestic,2.78,Psychology,0
ASH-14093,2025-11-16,M,25,domestic,3.78,Physics,1
ASH-54898,2025-10-23,M,24,domestic,2.96,Engineering,0
ASH-18754,2025-11-26,M,22,international,3.81,Biology,1
ASH-48247,2025-12-11,M,23,international,3.71,Physics,1
ASH-14553,2025-12-01,M,25,international,3.33,Economics,1
ASH-94077,2025-11-03,M,24,domestic,3.92,English,1
ASH-60596,2025-10-19,M,25,international,3.36,Engineering,0
